feature_id,gene_symbol,mapping_source_column,has_gene_symbol
7896736,,,False
7896738,,,False
7896740,OR4F17,gene_assignment,True
7896742,ENST00000388975,gene_assignment,True
7896744,OR4F16,gene_assignment,True
7896746,,,False
7896748,,,False
7896750,AK172782,gene_assignment,True
7896752,,,False
7896754,AK290103,gene_assignment,True
7896756,BC037297,gene_assignment,True
7896759,AK096570,gene_assignment,True
7896761,SAMD11,gene_assignment,True
7896779,KLHL17,gene_assignment,True
7896798,PLEKHN1,gene_assignment,True
7896817,ISG15,gene_assignment,True
7896822,AGRN,gene_assignment,True
7896859,MIR200B,gene_assignment,True
7896861,MIR200A,gene_assignment,True
7896863,MIR429,gene_assignment,True
7896865,TTLL10,gene_assignment,True
7896878,B3GALT6,gene_assignment,True
7896882,SCNN1D,gene_assignment,True
7896908,PUSL1,gene_assignment,True
7896917,GLTPD1,gene_assignment,True
7896921,TAS1R3,gene_assignment,True
7896929,VWA1,gene_assignment,True
7896937,ATAD3C,gene_assignment,True
7896952,ATAD3A,gene_assignment,True
7896961,ATAD3B,gene_assignment,True
7896983,ENST00000366221,gene_assignment,True
7896985,MIB2,gene_assignment,True
7897006,MMP23B,gene_assignment,True
7897026,CALML6,gene_assignment,True
7897034,GABRD,gene_assignment,True
7897044,PRKCZ,gene_assignment,True
7897066,LOC100128003,gene_assignment,True
7897068,SKI,gene_assignment,True
7897076,,,False
7897078,RER1,gene_assignment,True
7897089,PLCH2,gene_assignment,True
7897119,C1ORF93,gene_assignment,True
7897128,ACTRT2,gene_assignment,True
7897132,PRDM16,gene_assignment,True
7897154,ARHGEF16,gene_assignment,True
7897172,TPRG1L,gene_assignment,True
7897179,TP73,gene_assignment,True
7897196,CCDC27,gene_assignment,True
7897210,DFFB,gene_assignment,True
7897227,AJAP1,gene_assignment,True
7897236,KCNAB2,gene_assignment,True
7897257,RNF207,gene_assignment,True
7897263,RNF207,gene_assignment,True
7897277,BC030279,gene_assignment,True
7897280,HES3,gene_assignment,True
7897286,AY358179,gene_assignment,True
7897288,ESPN,gene_assignment,True
7897295,TAS1R1,gene_assignment,True
7897305,ZBTB48,gene_assignment,True
7897322,PHF13,gene_assignment,True
7897329,THAP3,gene_assignment,True
7897339,CAMTA1,gene_assignment,True
7897368,,,False
7897370,VAMP3,gene_assignment,True
7897378,PER3,gene_assignment,True
7897404,PARK7,gene_assignment,True
7897416,SLC45A1,gene_assignment,True
7897424,,,False
7897426,CA6,gene_assignment,True
7897439,,,False
7897441,H6PD,gene_assignment,True
7897449,SPSB1,gene_assignment,True
7897460,SLC25A33,gene_assignment,True
7897469,TMEM201,gene_assignment,True
7897482,PIK3CD,gene_assignment,True
7897509,NMNAT1,gene_assignment,True
7897520,,,False
7897522,RBP7,gene_assignment,True
7897527,UBE4B,gene_assignment,True
7897559,,,False
7897561,KIF1B,gene_assignment,True
7897620,PGD,gene_assignment,True
7897632,APITD1-CORT,gene_assignment,True
7897648,PEX14,gene_assignment,True
7897663,TARDBP,gene_assignment,True
7897675,ANGPTL7,gene_assignment,True
7897683,,,False
7897685,UBIAD1,gene_assignment,True
7897691,PTCHD2,gene_assignment,True
7897714,FBXO44,gene_assignment,True
7897728,FBXO6,gene_assignment,True
7897737,C1ORF187,gene_assignment,True
7897745,AGTRAP,gene_assignment,True
7897753,ENST00000433342,gene_assignment,True
7897774,CLCN6,gene_assignment,True
7897801,RNU5E,gene_assignment,True
7897803,PLOD1,gene_assignment,True
7897824,MFN2,gene_assignment,True
7897849,MIIP,gene_assignment,True
7897860,TNFRSF8,gene_assignment,True
7897877,TNFRSF1B,gene_assignment,True
7897890,VPS13D,gene_assignment,True
7897953,SNORA59A,gene_assignment,True
7897955,AADACL4,gene_assignment,True
7897960,AADACL3,gene_assignment,True
7897964,,,False
7897966,C1ORF158,gene_assignment,True
7897974,PRAMEF12,gene_assignment,True
7897978,PRAMEF1,gene_assignment,True
7897987,PRAMEF2,gene_assignment,True
7897991,PRAMEF7,gene_assignment,True
7897995,,,False
7897997,PRAMEF3,gene_assignment,True
7898002,PRAMEF22,gene_assignment,True
7898007,PRAMEF5,gene_assignment,True
7898012,PRAMEF15,gene_assignment,True
7898020,PRAMEF10,gene_assignment,True
7898026,PRAMEF16,gene_assignment,True
7898030,PRAMEF20,gene_assignment,True
7898034,PRAMEF10,gene_assignment,True
7898040,PRAMEF15,gene_assignment,True
7898048,PRAMEF17,gene_assignment,True
7898052,PRAMEF20,gene_assignment,True
7898057,PDPN,gene_assignment,True
7898070,PRDM2,gene_assignment,True
7898084,KAZ,gene_assignment,True
7898102,KAZ,gene_assignment,True
7898112,,,False
7898115,TMEM51,gene_assignment,True
7898124,FHAD1,gene_assignment,True
7898161,EFHD2,gene_assignment,True
7898167,CTRC,gene_assignment,True
7898176,CELA2A,gene_assignment,True
7898184,CELA2B,gene_assignment,True
7898192,DNAJC16,gene_assignment,True
7898209,,,False
7898211,DDI2,gene_assignment,True
7898227,PLEKHM2,gene_assignment,True
7898249,SLC25A34,gene_assignment,True
7898256,TMEM82,gene_assignment,True
7898263,FBLIM1,gene_assignment,True
7898276,,,False
7898278,SPEN,gene_assignment,True
7898294,,,False
7898296,ENST00000329454,gene_assignment,True
7898300,CLCNKA,gene_assignment,True
7898314,CLCNKB,gene_assignment,True
7898328,C1ORF144,gene_assignment,True
7898337,NECAP2,gene_assignment,True
7898350,BC126340,gene_assignment,True
7898353,LOC388692,gene_assignment,True
7898357,MST1P2,gene_assignment,True
7898371,ENST00000369173,gene_assignment,True
7898375,RNU1-1,gene_assignment,True
7898377,CROCC,gene_assignment,True
7898407,BC036435,gene_assignment,True
7898411,RNU1-1,gene_assignment,True
7898413,PADI1,gene_assignment,True
7898431,PADI3,gene_assignment,True
7898448,PADI4,gene_assignment,True
7898466,PADI6,gene_assignment,True
7898483,ARHGEF10L,gene_assignment,True
7898516,ACTL8,gene_assignment,True
7898521,IGSF21,gene_assignment,True
7898533,KLHDC7A,gene_assignment,True
7898535,,,False
7898537,PAX7,gene_assignment,True
7898549,MRTO4,gene_assignment,True
7898556,PQLC2,gene_assignment,True
7898568,AK096102,gene_assignment,True
7898572,,,False
7898574,C1ORF151,gene_assignment,True
7898582,BC072682,gene_assignment,True
7898585,NBL1,gene_assignment,True
7898594,HTR6,gene_assignment,True
7898602,OTUD3,gene_assignment,True
7898607,,,False
7898609,PLA2G5,gene_assignment,True
7898616,PLA2G2F,gene_assignment,True
7898623,UBXN10,gene_assignment,True
7898627,VWA5B1,gene_assignment,True
7898653,FAM43B,gene_assignment,True
7898655,CDA,gene_assignment,True
7898663,PINK1,gene_assignment,True
7898673,,,False
7898677,HS6ST1,gene_assignment,True
7898679,NBPF3,gene_assignment,True
7898693,ALPL,gene_assignment,True
7898707,LDLRAD2,gene_assignment,True
7898713,CELA3B,gene_assignment,True
7898721,,,False
7898723,,,False
7898725,CELA3A,gene_assignment,True
7898732,,,False
7898734,,,False
7898736,HSPC157,gene_assignment,True
7898739,CDC42,gene_assignment,True
7898750,ZBTB40,gene_assignment,True
7898773,EPHA8,gene_assignment,True
7898793,C1QA,gene_assignment,True
7898799,C1QC,gene_assignment,True
7898805,C1QB,gene_assignment,True
7898809,EPHB2,gene_assignment,True
7898833,KDM1A,gene_assignment,True
7898854,,,False
7898858,C1ORF213,gene_assignment,True
7898869,MDS2,gene_assignment,True
7898875,RPL11,gene_assignment,True
7898881,TCEB3,gene_assignment,True
7898894,C1ORF128,gene_assignment,True
7898902,LYPLA2,gene_assignment,True
7898910,PNRC2,gene_assignment,True
7898916,GRHL3,gene_assignment,True
7898939,NIPAL3,gene_assignment,True
7898957,RCAN3,gene_assignment,True
7898967,C1ORF130,gene_assignment,True
7898975,SRRM1,gene_assignment,True
7898988,CLIC4,gene_assignment,True
7898998,RHD,gene_assignment,True
7899005,TMEM50A,gene_assignment,True
7899016,SDHD,gene_assignment,True
7899018,TMEM57,gene_assignment,True
7899023,LDLRAP1,gene_assignment,True
7899029,MAN1C1,gene_assignment,True
7899043,SEPN1,gene_assignment,True
7899057,FAM54B,gene_assignment,True
7899069,,,False
7899071,,,False
7899073,,,False
7899075,EXTL1,gene_assignment,True
7899087,PDIK1L,gene_assignment,True
7899093,GRRP1,gene_assignment,True
7899096,ZNF593,gene_assignment,True
7899101,CNKSR1,gene_assignment,True
7899124,CATSPER4,gene_assignment,True
7899134,CCDC21,gene_assignment,True
7899153,SH3BGRL3,gene_assignment,True
7899160,CD52,gene_assignment,True
7899167,LIN28A,gene_assignment,True
7899173,DHDDS,gene_assignment,True
7899187,HMGN2,gene_assignment,True
7899192,RPS6KA1,gene_assignment,True
7899220,ARID1A,gene_assignment,True
7899244,PIGV,gene_assignment,True
7899251,,,False
7899253,ZDHHC18,gene_assignment,True
7899265,SFN,gene_assignment,True
7899273,NUDC,gene_assignment,True
7899284,TRNP1,gene_assignment,True
7899287,,,False
7899289,WDTC1,gene_assignment,True
7899310,TMEM222,gene_assignment,True
7899323,SYTL1,gene_assignment,True
7899343,GPR3,gene_assignment,True
7899346,CCDC72,gene_assignment,True
7899348,,,False
7899350,FAM76A,gene_assignment,True
7899361,STX12,gene_assignment,True
7899375,,,False
7899377,PPP1R8,gene_assignment,True
7899392,SCARNA1,gene_assignment,True
7899394,C1ORF38,gene_assignment,True
7899407,SMPDL3B,gene_assignment,True
7899417,XKR8,gene_assignment,True
7899422,,,False
7899424,ATPIF1,gene_assignment,True
7899436,SESN2,gene_assignment,True
7899448,MED18,gene_assignment,True
7899455,PHACTR4,gene_assignment,True
7899462,RCC1,gene_assignment,True
7899480,SNORA73A,gene_assignment,True
7899484,,,False
7899486,TRNAU1AP,gene_assignment,True
7899499,RAB42,gene_assignment,True
7899502,RNU11,gene_assignment,True
7899504,GMEB1,gene_assignment,True
7899517,,,False
7899519,YTHDF2,gene_assignment,True
7899528,OPRD1,gene_assignment,True
7899534,EPB41,gene_assignment,True
7899560,,,False
7899562,PTPRU,gene_assignment,True
7899595,MATN1,gene_assignment,True
7899600,,,False
7899602,PRO0611,gene_assignment,True
7899604,ZCCHC17,gene_assignment,True
7899615,SERINC2,gene_assignment,True
7899627,TINAGL1,gene_assignment,True
7899643,HCRTR1,gene_assignment,True
7899654,KHDRBS1,gene_assignment,True
7899675,TMEM39B,gene_assignment,True
7899688,KPNA6,gene_assignment,True
7899703,TXLNA,gene_assignment,True
7899719,CCDC28B,gene_assignment,True
7899727,IQCC,gene_assignment,True
7899737,EIF3I,gene_assignment,True
7899750,FAM167B,gene_assignment,True
7899753,LCK,gene_assignment,True
7899774,HDAC1,gene_assignment,True
7899790,TSSK3,gene_assignment,True
7899795,,,False
7899797,ZBTB8B,gene_assignment,True
7899811,,,False
7899813,RBBP4,gene_assignment,True
7899821,KIAA1522,gene_assignment,True
7899829,S100PBP,gene_assignment,True
7899841,HPCA,gene_assignment,True
7899849,,,False
7899851,ADC,gene_assignment,True
7899870,ZNF362,gene_assignment,True
7899882,,,False
7899884,ZSCAN20,gene_assignment,True
7899898,HMGB4,gene_assignment,True
7899905,HMGB4,gene_assignment,True
7899909,,,False
7899911,C1ORF94,gene_assignment,True
7899921,GJB5,gene_assignment,True
7899927,GJB4,gene_assignment,True
7899932,GJB3,gene_assignment,True
7899939,GJA4,gene_assignment,True
7899943,ZMYM1,gene_assignment,True
7899955,,,False
7899957,ZMYM4,gene_assignment,True
7899988,,,False
7899990,NCDN,gene_assignment,True
7900001,TFAP2E,gene_assignment,True
7900009,EIF2C4,gene_assignment,True
7900030,EIF2C1,gene_assignment,True
7900051,EIF2C3,gene_assignment,True
7900076,TEKT2,gene_assignment,True
7900087,ADPRHL2,gene_assignment,True
7900095,MAP7D1,gene_assignment,True
7900119,THRAP3,gene_assignment,True
7900129,C1ORF113,gene_assignment,True
7900144,,,False
7900146,ZC3H12A,gene_assignment,True
7900157,RPS27,gene_assignment,True
7900159,DNALI1,gene_assignment,True
7900167,CDCA8,gene_assignment,True
7900181,,,False
7900183,MANEAL,gene_assignment,True
7900192,C1ORF122,gene_assignment,True
7900197,,,False
7900201,UTP11L,gene_assignment,True
7900212,,,False
7900214,,,False
7900216,AKIRIN1,gene_assignment,True
7900228,NDUFS5,gene_assignment,True
7900235,MACF1,gene_assignment,True
7900336,AK023285,gene_assignment,True
7900340,BMP8A,gene_assignment,True
7900352,OXCT2,gene_assignment,True
7900354,PPIE,gene_assignment,True
7900365,MFSD2A,gene_assignment,True
7900382,CAP1,gene_assignment,True
7900395,RLF,gene_assignment,True
7900405,,,False
7900407,,,False
7900409,TMCO2,gene_assignment,True
7900413,ZMPSTE24,gene_assignment,True
7900426,SMAP2,gene_assignment,True
7900438,ZNF643,gene_assignment,True
7900446,ZNF642,gene_assignment,True
7900454,DEM1,gene_assignment,True
7900461,ZNF684,gene_assignment,True
7900468,NFYC,gene_assignment,True
7900488,MIR30E,gene_assignment,True
7900490,MIR30C1,gene_assignment,True
7900492,KCNQ4,gene_assignment,True
7900508,,,False
7900510,CTPS,gene_assignment,True
7900531,GUCA2B,gene_assignment,True
7900540,RIMKLA,gene_assignment,True
7900546,PPCS,gene_assignment,True
7900555,CCDC30,gene_assignment,True
7900576,PPIH,gene_assignment,True
7900585,YBX1,gene_assignment,True
7900597,BC001508,gene_assignment,True
7900603,ENST00000438946,gene_assignment,True
7900609,ERMAP,gene_assignment,True
7900624,ZNF691,gene_assignment,True
7900633,,,False
7900635,FAM183A,gene_assignment,True
7900639,WDR65,gene_assignment,True
7900652,,,False
7900654,TMEM125,gene_assignment,True
7900658,TIE1,gene_assignment,True
7900683,MPL,gene_assignment,True
7900699,CDC20,gene_assignment,True
7900710,KIAA0467,gene_assignment,True
7900792,PTPRF,gene_assignment,True
7900833,KDM4A,gene_assignment,True
7900857,ST3GAL3,gene_assignment,True
7900878,ARTN,gene_assignment,True
7900888,IPO13,gene_assignment,True
7900911,DPH2,gene_assignment,True
7900922,ATP6V0B,gene_assignment,True
7900931,B4GALT2,gene_assignment,True
7900944,CCDC24,gene_assignment,True
7900957,KLF17,gene_assignment,True
7900962,DMAP1,gene_assignment,True
7900977,,,False
7900979,RNF220,gene_assignment,True
7900999,C1ORF228,gene_assignment,True
7901010,KIF2C,gene_assignment,True
7901038,RPS8,gene_assignment,True
7901046,SNORD55,gene_assignment,True
7901048,SNORD46,gene_assignment,True
7901050,SNORD38A,gene_assignment,True
7901052,SNORD38B,gene_assignment,True
7901054,PLK3,gene_assignment,True
7901073,UROD,gene_assignment,True
7901087,HPDL,gene_assignment,True
7901091,TOE1,gene_assignment,True
7901102,MMACHC,gene_assignment,True
7901110,AKR1A1,gene_assignment,True
7901123,NASP,gene_assignment,True
7901135,TMEM69,gene_assignment,True
7901140,MAST2,gene_assignment,True
7901175,TSPAN1,gene_assignment,True
7901187,C1ORF190,gene_assignment,True
7901192,RAD54L,gene_assignment,True
7901212,UQCRH,gene_assignment,True
7901219,NSUN4,gene_assignment,True
7901229,FAAH,gene_assignment,True
7901247,DMBX1,gene_assignment,True
7901253,BC144026,gene_assignment,True
7901256,CYP4B1,gene_assignment,True
7901272,CYP4X1,gene_assignment,True
7901287,CYP4Z1,gene_assignment,True
7901293,CYP4A22,gene_assignment,True
7901299,CMPK1,gene_assignment,True
7901309,FOXE3,gene_assignment,True
7901311,FOXD2,gene_assignment,True
7901314,,,False
7901316,SLC5A9,gene_assignment,True
7901334,,,False
7901336,STRADB,gene_assignment,True
7901338,,,False
7901340,,,False
7901342,ELAVL4,gene_assignment,True
7901357,,,False
7901359,,,False
7901363,CDKN2C,gene_assignment,True
7901374,,,False
7901376,RNF11,gene_assignment,True
7901383,,,False
7901385,OSBPL9,gene_assignment,True
7901416,,,False
7901418,BTF3L4,gene_assignment,True
7901426,ZFYVE9,gene_assignment,True
7901443,,,False
7901445,,,False
7901447,PRPF38A,gene_assignment,True
7901460,GPX7,gene_assignment,True
7901466,FAM159A,gene_assignment,True
7901477,,,False
7901479,ZYG11B,gene_assignment,True
7901497,ZYG11A,gene_assignment,True
7901513,SCP2,gene_assignment,True
7901535,PODN,gene_assignment,True
7901549,CPT2,gene_assignment,True
7901557,DMRTB1,gene_assignment,True
7901565,DIO1,gene_assignment,True
7901577,LRRC42,gene_assignment,True
7901592,BC035374,gene_assignment,True
7901601,MRPL37,gene_assignment,True
7901611,ENST00000361350,gene_assignment,True
7901613,ACOT11,gene_assignment,True
7901634,C1ORF175,gene_assignment,True
7901662,TTC4,gene_assignment,True
7901675,C1ORF177,gene_assignment,True
7901687,TMEM61,gene_assignment,True
7901691,BSND,gene_assignment,True
7901696,PCSK9,gene_assignment,True
7901714,,,False
7901720,PRKAA2,gene_assignment,True
7901732,C8A,gene_assignment,True
7901744,,,False
7901748,FGGY,gene_assignment,True
7901765,HOOK1,gene_assignment,True
7901788,NFIA,gene_assignment,True
7901802,BC034822,gene_assignment,True
7901804,INADL,gene_assignment,True
7901852,,,False
7901854,,,False
7901856,,,False
7901858,,,False
7901860,L1TD1,gene_assignment,True
7901867,USP1,gene_assignment,True
7901883,ANGPTL3,gene_assignment,True
7901895,ATG4C,gene_assignment,True
7901913,FOXD3,gene_assignment,True
7901915,ALG6,gene_assignment,True
7901931,EFCAB7,gene_assignment,True
7901948,DLEU2L,gene_assignment,True
7901951,PGM1,gene_assignment,True
7901967,,,False
7901969,ROR1,gene_assignment,True
7901982,UBE2U,gene_assignment,True
7901993,CACHD1,gene_assignment,True
7902023,RAVER2,gene_assignment,True
7902038,AK4,gene_assignment,True
7902043,DNAJC6,gene_assignment,True
7902072,,,False
7902074,LEPR,gene_assignment,True
7902102,,,False
7902104,PDE4B,gene_assignment,True
7902127,SGIP1,gene_assignment,True
7902158,TCTEX1D1,gene_assignment,True
7902166,MIER1,gene_assignment,True
7902189,IL23R,gene_assignment,True
7902205,IL12RB2,gene_assignment,True
7902223,,,False
7902225,,,False
7902227,GADD45A,gene_assignment,True
7902235,LRRC7,gene_assignment,True
7902265,,,False
7902267,PIN1P1,gene_assignment,True
7902269,SRSF11,gene_assignment,True
7902282,HHLA3,gene_assignment,True
7902290,CTH,gene_assignment,True
7902306,,,False
7902308,FPGT,gene_assignment,True
7902317,TNNI3K,gene_assignment,True
7902345,TYW3,gene_assignment,True
7902353,LHX8,gene_assignment,True
7902365,,,False
7902367,ACADM,gene_assignment,True
7902382,RABGGTB,gene_assignment,True
7902396,SNORD45C,gene_assignment,True
7902398,SNORD45A,gene_assignment,True
7902400,SNORD45B,gene_assignment,True
7902402,MSH4,gene_assignment,True
7902425,ST6GALNAC3,gene_assignment,True
7902435,TPI1,gene_assignment,True
7902439,,,False
7902441,ST6GALNAC5,gene_assignment,True
7902448,RPL17,gene_assignment,True
7902452,AK5,gene_assignment,True
7902474,,,False
7902476,BX537792,gene_assignment,True
7902493,,,False
7902495,NEXN,gene_assignment,True
7902512,DNAJB4,gene_assignment,True
7902518,GIPC2,gene_assignment,True
7902527,PTGFR,gene_assignment,True
7902541,IFI44L,gene_assignment,True
7902553,IFI44,gene_assignment,True
7902563,,,False
7902565,LPHN2,gene_assignment,True
7902592,ARID3B,gene_assignment,True
7902594,PRKACB,gene_assignment,True
7902611,,,False
7902615,,,False
7902617,SAMD13,gene_assignment,True
7902623,DNASE2B,gene_assignment,True
7902634,RPF1,gene_assignment,True
7902645,SPATA1,gene_assignment,True
7902660,WDR63,gene_assignment,True
7902685,,,False
7902687,CYR61,gene_assignment,True
7902700,,,False
7902702,CLCA2,gene_assignment,True
7902721,CLCA1,gene_assignment,True
7902738,CLCA4,gene_assignment,True
7902754,CLCA3P,gene_assignment,True
7902771,SH3GLB1,gene_assignment,True
7902787,,,False
7902789,HS2ST1,gene_assignment,True
7902799,LOC339524,gene_assignment,True
7902808,LOC339524,gene_assignment,True
7902810,LMO4,gene_assignment,True
7902822,PKN2,gene_assignment,True
7902848,,,False
7902850,GBP6,gene_assignment,True
7902861,LRRC8B,gene_assignment,True
7902874,LRRC8C,gene_assignment,True
7902883,LRRC8D,gene_assignment,True
7902891,ZNF326,gene_assignment,True
7902909,,,False
7902911,,,False
7902913,CDC7,gene_assignment,True
7902930,HSP90B3P,gene_assignment,True
7902934,BRDT,gene_assignment,True
7902957,EPHX4,gene_assignment,True
7902965,BTBD8,gene_assignment,True
7902977,KIAA1107,gene_assignment,True
7902984,C1ORF146,gene_assignment,True
7902992,RPAP2,gene_assignment,True
7903010,RPL5,gene_assignment,True
7903022,SNORD21,gene_assignment,True
7903024,,,False
7903028,,,False
7903032,MTF2,gene_assignment,True
7903049,CCDC18,gene_assignment,True
7903079,DR1,gene_assignment,True
7903090,,,False
7903092,FNBP1L,gene_assignment,True
7903115,,,False
7903117,,,False
7903119,ABCD3,gene_assignment,True
7903144,SLC44A3,gene_assignment,True
7903162,TMEM56,gene_assignment,True
7903171,RWDD3,gene_assignment,True
7903181,,,False
7903183,,,False
7903188,PTBP2,gene_assignment,True
7903203,SNX7,gene_assignment,True
7903214,LPPR4,gene_assignment,True
7903227,PALMD,gene_assignment,True
7903239,AGL,gene_assignment,True
7903281,SLC35A3,gene_assignment,True
7903292,,,False
7903294,HIAT1,gene_assignment,True
7903308,CCDC76,gene_assignment,True
7903321,RTCD1,gene_assignment,True
7903334,CDC14A,gene_assignment,True
7903355,GPR88,gene_assignment,True
7903358,VCAM1,gene_assignment,True
7903369,SLC30A7,gene_assignment,True
7903389,,,False
7903391,,,False
7903393,S1PR1,gene_assignment,True
7903401,HEJ1,gene_assignment,True
7903404,RNPC3,gene_assignment,True
7903407,AMY2B,gene_assignment,True
7903414,AMY2A,gene_assignment,True
7903425,AMY1A,gene_assignment,True
7903440,AMY1A,gene_assignment,True
7903457,PRMT6,gene_assignment,True
7903461,NTNG1,gene_assignment,True
7903474,,,False
7903478,NBPF4,gene_assignment,True
7903490,NBPF6,gene_assignment,True
7903507,FAM102B,gene_assignment,True
7903519,PRPF38B,gene_assignment,True
7903530,FNDC7,gene_assignment,True
7903541,STXBP3,gene_assignment,True
7903561,AY312144,gene_assignment,True
7903565,GPSM2,gene_assignment,True
7903582,RPL17,gene_assignment,True
7903586,TMEM167B,gene_assignment,True
7903592,KIAA1324,gene_assignment,True
7903619,SARS,gene_assignment,True
7903632,CELSR2,gene_assignment,True
7903667,SYPL2,gene_assignment,True
7903676,ATXN7L2,gene_assignment,True
7903688,CYB561D1,gene_assignment,True
7903694,GPR61,gene_assignment,True
7903703,GNAI3,gene_assignment,True
7903717,MIR197,gene_assignment,True
7903719,AMPD2,gene_assignment,True
7903742,GSTM4,gene_assignment,True
7903753,GSTM2,gene_assignment,True
7903765,GSTM1,gene_assignment,True
7903777,GSTM5,gene_assignment,True
7903786,CSF1,gene_assignment,True
7903803,AHCYL1,gene_assignment,True
7903827,FAM40A,gene_assignment,True
7903851,UBL4B,gene_assignment,True
7903854,SLC6A17,gene_assignment,True
7903867,KCNC4,gene_assignment,True
7903876,,,False
7903878,RBM15,gene_assignment,True
7903884,PROK1,gene_assignment,True
7903889,,,False
7903893,CD53,gene_assignment,True
7903908,CEPT1,gene_assignment,True
7903920,CHI3L2,gene_assignment,True
7903935,LOC149620,gene_assignment,True
7903945,CHIA,gene_assignment,True
7903959,C1ORF88,gene_assignment,True
7903970,,,False
7903972,ATP5F1,gene_assignment,True
7903980,C1ORF162,gene_assignment,True
7903988,RAP1A,gene_assignment,True
7904000,DDX20,gene_assignment,True
7904014,,,False
7904016,,,False
7904018,CTTNBP2NL,gene_assignment,True
7904025,WNT2B,gene_assignment,True
7904036,CAPZA1,gene_assignment,True
7904048,,,False
7904050,MOV10,gene_assignment,True
7904073,FAM19A3,gene_assignment,True
7904082,LOC128322,gene_assignment,True
7904084,AKR7A2P1,gene_assignment,True
7904086,LRIG2,gene_assignment,True
7904106,MAGI3,gene_assignment,True
7904131,DCLRE1B,gene_assignment,True
7904137,HIPK1,gene_assignment,True
7904158,OLFML3,gene_assignment,True
7904164,,,False
7904166,,,False
7904168,SYCP1,gene_assignment,True
7904203,TSHB,gene_assignment,True
7904209,,,False
7904211,VANGL1,gene_assignment,True
7904226,SLC22A15,gene_assignment,True
7904244,C1ORF161,gene_assignment,True
7904252,,,False
7904254,ATP1A1,gene_assignment,True
7904281,ENST00000369482,gene_assignment,True
7904287,CD2,gene_assignment,True
7904293,PTGFRN,gene_assignment,True
7904303,CD101,gene_assignment,True
7904314,TTF2,gene_assignment,True
7904340,MAN1A2,gene_assignment,True
7904361,FAM46C,gene_assignment,True
7904364,WDR3,gene_assignment,True
7904394,,,False
7904396,HAO2,gene_assignment,True
7904408,HSD3B2,gene_assignment,True
7904414,HSD3B1,gene_assignment,True
7904417,,,False
7904421,HSD3B1,gene_assignment,True
7904429,HSD3BP4,gene_assignment,True
7904431,,,False
7904433,PHGDH,gene_assignment,True
7904448,,,False
7904450,,,False
7904452,AB096683,gene_assignment,True
7904463,,,False
7904465,HIST2H2BA,gene_assignment,True
7904469,SRGAP2,gene_assignment,True
7904478,AF172850,gene_assignment,True
7904480,,,False
7904482,SRGAP2P2,gene_assignment,True
7904486,AK294414,gene_assignment,True
7904500,ENST00000436832,gene_assignment,True
7904506,NBPF10,gene_assignment,True
7904562,AK294944,gene_assignment,True
7904569,ENST00000310701,gene_assignment,True
7904572,,,False
7904574,NBPF16,gene_assignment,True
7904691,,,False
7904693,,,False
7904695,SEC22B,gene_assignment,True
7904702,NOTCH2NL,gene_assignment,True
7904715,,,False
7904717,HFE2,gene_assignment,True
7904726,TXNIP,gene_assignment,True
7904737,ANKRD34A,gene_assignment,True
7904742,LIX1L,gene_assignment,True
7904751,BC017770,gene_assignment,True
7904755,PEX11B,gene_assignment,True
7904761,ITGA10,gene_assignment,True
7904796,ANKRD35,gene_assignment,True
7904812,PIAS3,gene_assignment,True
7904830,RNF115,gene_assignment,True
7904843,PDZK1,gene_assignment,True
7904853,GPR89A,gene_assignment,True
7904869,FAM108A1,gene_assignment,True
7904872,,,False
7904874,NBPF11,gene_assignment,True
7904879,,,False
7904881,PDIA3P,gene_assignment,True
7904883,CHD1L,gene_assignment,True
7904907,BCL9,gene_assignment,True
7904923,,,False
7904927,GJA8,gene_assignment,True
7904930,GPR89B,gene_assignment,True
7904948,FAM108A1,gene_assignment,True
7904951,,,False
7904953,,,False
7904963,,,False
7904965,AB042555,gene_assignment,True
7904967,,,False
7904969,VOPP1,gene_assignment,True
7904974,C1ORF152,gene_assignment,True
7904976,NBPF15,gene_assignment,True
7904997,PPIAL4A,gene_assignment,True
7904999,NBPF16,gene_assignment,True
7905016,PPIAL4A,gene_assignment,True
7905018,AK095105,gene_assignment,True
7905020,DRD5,gene_assignment,True
7905025,DRD5,gene_assignment,True
7905028,LOC645166,gene_assignment,True
7905043,LOC388692,gene_assignment,True
7905047,FCGR1A,gene_assignment,True
7905051,PPIAL4A,gene_assignment,True
7905054,,,False
7905058,LOC388692,gene_assignment,True
7905060,FCGR1A,gene_assignment,True
7905067,HIST2H4A,gene_assignment,True
7905077,,,False
7905079,HIST2H2AA3,gene_assignment,True
7905085,HIST2H3A,gene_assignment,True
7905088,HIST2H2AC,gene_assignment,True
7905092,BOLA1,gene_assignment,True
7905099,VPS45,gene_assignment,True
7905116,PLEKHO1,gene_assignment,True
7905127,,,False
7905129,,,False
7905131,CA14,gene_assignment,True
7905145,,,False
7905147,C1ORF54,gene_assignment,True
7905154,BC027999,gene_assignment,True
7905163,MRPS21,gene_assignment,True
7905171,PRPF3,gene_assignment,True
7905185,RPRD2,gene_assignment,True
7905198,TARS2,gene_assignment,True
7905220,ECM1,gene_assignment,True
7905233,ADAMTSL4,gene_assignment,True
7905254,,,False
7905256,,,False
7905258,SETDB1,gene_assignment,True
7905283,ANXA9,gene_assignment,True
7905299,PRUNE,gene_assignment,True
7905308,BNIPL,gene_assignment,True
7905324,BC002469,gene_assignment,True
7905329,MLLT11,gene_assignment,True
7905339,GABPB2,gene_assignment,True
7905349,TNFAIP8L2,gene_assignment,True
7905355,SCNM1,gene_assignment,True
7905365,PIP5K1A,gene_assignment,True
7905374,PSMD4,gene_assignment,True
7905382,ZNF687,gene_assignment,True
7905395,PSMB4,gene_assignment,True
7905406,CGN,gene_assignment,True
7905428,TUFT1,gene_assignment,True
7905444,SNX27,gene_assignment,True
7905462,,,False
7905464,C1ORF230,gene_assignment,True
7905474,OAZ3,gene_assignment,True
7905481,,,False
7905483,LCE5A,gene_assignment,True
7905486,CRCT1,gene_assignment,True
7905490,LCE3C,gene_assignment,True
7905492,LCE3B,gene_assignment,True
7905496,AF005082,gene_assignment,True
7905500,LCE2D,gene_assignment,True
7905503,LCE2C,gene_assignment,True
7905505,LCE2B,gene_assignment,True
7905507,LCE2A,gene_assignment,True
7905510,LCE4A,gene_assignment,True
7905512,C1ORF68,gene_assignment,True
7905515,KPRP,gene_assignment,True
7905517,LCE1F,gene_assignment,True
7905519,LCE1E,gene_assignment,True
7905523,LCE1D,gene_assignment,True
7905525,LCE1B,gene_assignment,True
7905528,LCE1A,gene_assignment,True
7905530,SMCP,gene_assignment,True
7905533,IVL,gene_assignment,True
7905536,SPRR4,gene_assignment,True
7905544,SPRR1A,gene_assignment,True
7905548,SPRR3,gene_assignment,True
7905553,SPRR1B,gene_assignment,True
7905559,LELP1,gene_assignment,True
7905563,LOR,gene_assignment,True
7905569,,,False
7905571,S100A9,gene_assignment,True
7905576,S100A7A,gene_assignment,True
7905581,S100A1,gene_assignment,True
7905589,C1ORF77,gene_assignment,True
7905598,SNAPIN,gene_assignment,True
7905606,NPR1,gene_assignment,True
7905629,,,False
7905631,INTS3,gene_assignment,True
7905664,SLC27A3,gene_assignment,True
7905677,CREB3L4,gene_assignment,True
7905691,RPS27,gene_assignment,True
7905700,UBAP2L,gene_assignment,True
7905731,,,False
7905733,HAX1,gene_assignment,True
7905742,,,False
7905744,,,False
7905746,AQP10,gene_assignment,True
7905754,ATP8B2,gene_assignment,True
7905789,IL6R,gene_assignment,True
7905801,TDRD10,gene_assignment,True
7905817,CHRNB2,gene_assignment,True
7905826,CKS1B,gene_assignment,True
7905831,FLAD1,gene_assignment,True
7905848,LENEP,gene_assignment,True
7905854,ZBTB7B,gene_assignment,True
7905862,DCST1,gene_assignment,True
7905881,ADAM15,gene_assignment,True
7905909,EFNA4,gene_assignment,True
7905918,EFNA3,gene_assignment,True
7905927,,,False
7905929,EFNA1,gene_assignment,True
7905938,RAG1AP1,gene_assignment,True
7905949,,,False
7905951,TRIM46,gene_assignment,True
7905968,MTX1,gene_assignment,True
7905974,HCN3,gene_assignment,True
7905986,FDPS,gene_assignment,True
7905999,RUSC1,gene_assignment,True
7906015,,,False
7906017,POU5F1P4,gene_assignment,True
7906021,MSTO1,gene_assignment,True
7906041,DAP3,gene_assignment,True
7906056,MSTO2P,gene_assignment,True
7906061,SYT11,gene_assignment,True
7906069,RXFP4,gene_assignment,True
7906072,ROBLD3,gene_assignment,True
7906079,RAB25,gene_assignment,True
7906085,LMNA,gene_assignment,True
7906107,SEMA4A,gene_assignment,True
7906128,SLC25A44,gene_assignment,True
7906133,PMF1,gene_assignment,True
7906140,BGLAP,gene_assignment,True
7906146,TMEM79,gene_assignment,True
7906154,C1ORF182,gene_assignment,True
7906163,RHBG,gene_assignment,True
7906175,,,False
7906177,TTC24,gene_assignment,True
7906185,APOA1BP,gene_assignment,True
7906194,AK055377,gene_assignment,True
7906197,HAPLN2,gene_assignment,True
7906205,BCAN,gene_assignment,True
7906223,C1ORF66,gene_assignment,True
7906233,,,False
7906235,PRCC,gene_assignment,True
7906244,NTRK1,gene_assignment,True
7906264,PEAR1,gene_assignment,True
7906284,C1ORF92,gene_assignment,True
7906303,,,False
7906305,,,False
7906307,KIRREL,gene_assignment,True
7906330,CD1D,gene_assignment,True
7906339,CD1A,gene_assignment,True
7906348,CD1C,gene_assignment,True
7906355,CD1E,gene_assignment,True
7906365,OR10K1,gene_assignment,True
7906367,OR10R2,gene_assignment,True
7906370,AK122667,gene_assignment,True
7906372,OR10Z1,gene_assignment,True
7906374,OR6K6,gene_assignment,True
7906377,MNDA,gene_assignment,True
7906386,PYHIN1,gene_assignment,True
7906400,IFI16,gene_assignment,True
7906417,CADM3,gene_assignment,True
7906433,,,False
7906435,DARC,gene_assignment,True
7906443,FCER1A,gene_assignment,True
7906452,OR10J1,gene_assignment,True
7906458,APCS,gene_assignment,True
7906465,,,False
7906467,,,False
7906469,DUSP23,gene_assignment,True
7906475,FCRL6,gene_assignment,True
7906486,SLAMF8,gene_assignment,True
7906496,KCNJ9,gene_assignment,True
7906501,ATP1A2,gene_assignment,True
7906527,ATP1A4,gene_assignment,True
7906552,CASQ1,gene_assignment,True
7906564,PEA15,gene_assignment,True
7906574,SUMO1P3,gene_assignment,True
7906576,NCSTN,gene_assignment,True
7906597,NHLH1,gene_assignment,True
7906602,VANGL2,gene_assignment,True
7906613,SLAMF7,gene_assignment,True
7906622,LY9,gene_assignment,True
7906642,KLHDC9,gene_assignment,True
7906652,NIT1,gene_assignment,True
7906662,UFC1,gene_assignment,True
7906671,USP21,gene_assignment,True
7906688,PPOX,gene_assignment,True
7906703,NDUFS2,gene_assignment,True
7906720,FCER1G,gene_assignment,True
7906728,TOMM40L,gene_assignment,True
7906742,PCP4L1,gene_assignment,True
7906746,SDHC,gene_assignment,True
7906751,,,False
7906757,FCGR2A,gene_assignment,True
7906764,HSPA6,gene_assignment,True
7906767,FCGR2C,gene_assignment,True
7906775,HSPA7,gene_assignment,True
7906777,FCGR2B,gene_assignment,True
7906784,,,False
7906786,FCRLA,gene_assignment,True
7906797,FCRLB,gene_assignment,True
7906808,,,False
7906810,DUSP12,gene_assignment,True
7906819,ATF6,gene_assignment,True
7906838,NOS1AP,gene_assignment,True
7906852,UHMK1,gene_assignment,True
7906863,UAP1,gene_assignment,True
7906878,DDR2,gene_assignment,True
7906900,AY423733,gene_assignment,True
7906904,HSD17B7,gene_assignment,True
7906919,RGS4,gene_assignment,True
7906930,NUF2,gene_assignment,True
7906948,,,False
7906950,,,False
7906952,,,False
7906954,PBX1,gene_assignment,True
7906969,,,False
7906973,LRRC52,gene_assignment,True
7906978,MGST3,gene_assignment,True
7906988,ENST00000354775,gene_assignment,True
7906993,,,False
7906995,UCK2,gene_assignment,True
7907008,,,False
7907010,,,False
7907012,FMO9P,gene_assignment,True
7907024,POGK,gene_assignment,True
7907032,MAEL,gene_assignment,True
7907049,,,False
7907051,,,False
7907053,DUSP27,gene_assignment,True
7907058,POU2F1,gene_assignment,True
7907079,RCSD1,gene_assignment,True
7907090,AY194294,gene_assignment,True
7907092,MPZL1,gene_assignment,True
7907104,DCAF6,gene_assignment,True
7907124,TIPRL,gene_assignment,True
7907135,SFT2D2,gene_assignment,True
7907146,TBX19,gene_assignment,True
7907156,XCL1,gene_assignment,True
7907160,ATP1B1,gene_assignment,True
7907171,BLZF1,gene_assignment,True
7907183,ENST00000367772,gene_assignment,True
7907211,,,False
7907213,GORAB,gene_assignment,True
7907222,PRRX1,gene_assignment,True
7907232,C1ORF129,gene_assignment,True
7907249,FMO3,gene_assignment,True
7907260,FMO6P,gene_assignment,True
7907271,FMO2,gene_assignment,True
7907286,FMO1,gene_assignment,True
7907297,FMO4,gene_assignment,True
7907308,,,False
7907310,BAT2L2,gene_assignment,True
7907349,,,False
7907351,,,False
7907353,METTL13,gene_assignment,True
7907370,DNM3,gene_assignment,True
7907394,,,False
7907396,C1ORF105,gene_assignment,True
7907404,C1ORF9,gene_assignment,True
7907430,FASLG,gene_assignment,True
7907439,PRDX6,gene_assignment,True
7907445,KLHL20,gene_assignment,True
7907462,,,False
7907466,DARS2,gene_assignment,True
7907486,ZBTB37,gene_assignment,True
7907492,RABGAP1L,gene_assignment,True
7907531,GPR52,gene_assignment,True
7907537,CACYBP,gene_assignment,True
7907549,TNN,gene_assignment,True
7907568,,,False
7907572,PAPPA2,gene_assignment,True
7907601,FAM5B,gene_assignment,True
7907611,RASAL2,gene_assignment,True
7907633,C1ORF49,gene_assignment,True
7907649,C1ORF220,gene_assignment,True
7907655,,,False
7907657,RALGPS2,gene_assignment,True
7907680,FAM20B,gene_assignment,True
7907690,TOR3A,gene_assignment,True
7907700,,,False
7907702,SOAT1,gene_assignment,True
7907719,C1ORF125,gene_assignment,True
7907749,TDRD5,gene_assignment,True
7907769,FAM163A,gene_assignment,True
7907773,TOR1AIP1,gene_assignment,True
7907788,,,False
7907790,CEP350,gene_assignment,True
7907830,QSOX1,gene_assignment,True
7907847,,,False
7907849,LHX4,gene_assignment,True
7907859,,,False
7907861,XPR1,gene_assignment,True
7907882,KIAA1614,gene_assignment,True
7907893,MR1,gene_assignment,True
7907904,IER5,gene_assignment,True
7907907,AF387616,gene_assignment,True
7907911,CACNA1E,gene_assignment,True
7907968,,,False
7907970,,,False
7907972,NCRNA00272,gene_assignment,True
7907977,RGSL1,gene_assignment,True
7907986,RGSL1,gene_assignment,True
7908003,NPL,gene_assignment,True
7908022,DHX9,gene_assignment,True
7908041,LAMC1,gene_assignment,True
7908072,LAMC2,gene_assignment,True
7908097,SMG7,gene_assignment,True
7908125,RGL1,gene_assignment,True
7908147,TSEN15,gene_assignment,True
7908155,,,False
7908157,,,False
7908161,C1ORF21,gene_assignment,True
7908169,RNF2,gene_assignment,True
7908178,C1ORF26,gene_assignment,True
7908204,HMCN1,gene_assignment,True
7908312,PRG4,gene_assignment,True
7908328,,,False
7908330,C1ORF27,gene_assignment,True
7908347,OCLM,gene_assignment,True
7908351,PLA2G4A,gene_assignment,True
7908371,BC040856,gene_assignment,True
7908376,RGS18,gene_assignment,True
7908382,RGS21,gene_assignment,True
7908388,RGS1,gene_assignment,True
7908397,RGS13,gene_assignment,True
7908407,RPS27A,gene_assignment,True
7908409,RGS2,gene_assignment,True
7908421,TROVE2,gene_assignment,True
7908437,CDC73,gene_assignment,True
7908459,CFH,gene_assignment,True
7908481,CFHR3,gene_assignment,True
7908488,CFHR1,gene_assignment,True
7908492,CFHR4,gene_assignment,True
7908496,CFHR2,gene_assignment,True
7908499,CFHR5,gene_assignment,True
7908508,CRB1,gene_assignment,True
7908525,C1ORF53,gene_assignment,True
7908529,LHX9,gene_assignment,True
7908543,NEK7,gene_assignment,True
7908553,PTPRC,gene_assignment,True
7908591,,,False
7908595,,,False
7908597,NR5A2,gene_assignment,True
7908612,FAM58B,gene_assignment,True
7908614,CAMSAP1L1,gene_assignment,True
7908635,,,False
7908637,GPR25,gene_assignment,True
7908639,C1ORF106,gene_assignment,True
7908650,AY245430,gene_assignment,True
7908672,PKP1,gene_assignment,True
7908692,RPS10P7,gene_assignment,True
7908694,NAV1,gene_assignment,True
7908728,,,False
7908730,,,False
7908732,IPO9,gene_assignment,True
7908758,SHISA4,gene_assignment,True
7908766,TIMM17A,gene_assignment,True
7908775,,,False
7908777,,,False
7908779,RNPEP,gene_assignment,True
7908793,ELF3,gene_assignment,True
7908812,GPR37L1,gene_assignment,True
7908816,LGR6,gene_assignment,True
7908839,,,False
7908841,PPP1R12B,gene_assignment,True
7908861,AF314543,gene_assignment,True
7908863,,,False
7908867,TMEM183A,gene_assignment,True
7908879,PPFIA4,gene_assignment,True
7908907,ADORA1,gene_assignment,True
7908917,BTG2,gene_assignment,True
7908924,PRELP,gene_assignment,True
7908931,OPTC,gene_assignment,True
7908940,ATP2B4,gene_assignment,True
7908966,BC000988,gene_assignment,True
7908968,LAX1,gene_assignment,True
7908978,ZC3H11A,gene_assignment,True
7908988,SNRPE,gene_assignment,True
7908993,SOX13,gene_assignment,True
7909011,MDM4,gene_assignment,True
7909027,NFASC,gene_assignment,True
7909064,CNTN2,gene_assignment,True
7909088,TMCC2,gene_assignment,True
7909102,,,False
7909104,CDK18,gene_assignment,True
7909127,MFSD4,gene_assignment,True
7909140,,,False
7909142,NUCKS1,gene_assignment,True
7909144,AK094426,gene_assignment,True
7909146,AB096683,gene_assignment,True
7909155,AVPR1B,gene_assignment,True
7909164,CTSE,gene_assignment,True
7909175,SRGAP2,gene_assignment,True
7909188,IKBKE,gene_assignment,True
7909214,RASSF5,gene_assignment,True
7909225,DYRK3,gene_assignment,True
7909236,MAPKAPK2,gene_assignment,True
7909250,IL19,gene_assignment,True
7909261,IL20,gene_assignment,True
7909271,IL24,gene_assignment,True
7909283,,,False
7909285,PFKFB2,gene_assignment,True
7909306,C4BPB,gene_assignment,True
7909318,C4BPA,gene_assignment,True
7909332,CD55,gene_assignment,True
7909350,CR2,gene_assignment,True
7909371,CR1,gene_assignment,True
7909390,CR1L,gene_assignment,True
7909400,CD46,gene_assignment,True
7909418,LOC148696,gene_assignment,True
7909422,MIR205,gene_assignment,True
7909425,CAMK1G,gene_assignment,True
7909441,G0S2,gene_assignment,True
7909446,HSD11B1,gene_assignment,True
7909455,TRAF3IP3,gene_assignment,True
7909478,C1ORF107,gene_assignment,True
7909494,SYT14,gene_assignment,True
7909503,SERTAD4,gene_assignment,True
7909510,HHAT,gene_assignment,True
7909525,,,False
7909527,,,False
7909529,RCOR3,gene_assignment,True
7909545,TRAF5,gene_assignment,True
7909561,C1ORF97,gene_assignment,True
7909568,DTL,gene_assignment,True
7909586,PPP2R5A,gene_assignment,True
7909601,SNORA16B,gene_assignment,True
7909603,NENF,gene_assignment,True
7909610,ATF3,gene_assignment,True
7909624,FAM71A,gene_assignment,True
7909626,,,False
7909628,FLVCR1,gene_assignment,True
7909642,VASH2,gene_assignment,True
7909661,RPS6KC1,gene_assignment,True
7909681,PROX1,gene_assignment,True
7909689,SMYD2,gene_assignment,True
7909708,CENPF,gene_assignment,True
7909730,KCNK2,gene_assignment,True
7909745,KCTD3,gene_assignment,True
7909768,SPATA17,gene_assignment,True
7909780,,,False
7909782,RRP15,gene_assignment,True
7909789,TGFB2,gene_assignment,True
7909801,LYPLAL1,gene_assignment,True
7909813,,,False
7909815,IARS2,gene_assignment,True
7909839,,,False
7909841,MARK1,gene_assignment,True
7909862,C1ORF115,gene_assignment,True
7909866,MOSC2,gene_assignment,True
7909877,MOSC1,gene_assignment,True
7909888,,,False
7909890,HLX,gene_assignment,True
7909898,MIA3,gene_assignment,True
7909931,C1ORF58,gene_assignment,True
7909946,FAM177B,gene_assignment,True
7909954,DISP1,gene_assignment,True
7909965,C1ORF65,gene_assignment,True
7909967,CAPN2,gene_assignment,True
7909990,AK290103,gene_assignment,True
7909992,FBXO28,gene_assignment,True
7909999,,,False
7910001,DEGS1,gene_assignment,True
7910010,,,False
7910012,,,False
7910014,CNIH4,gene_assignment,True
7910022,CNIH3,gene_assignment,True
7910030,DNAH14,gene_assignment,True
7910047,DNAH14,gene_assignment,True
7910054,DNAH14,gene_assignment,True
7910096,LBR,gene_assignment,True
7910099,SRP9,gene_assignment,True
7910111,EPHX1,gene_assignment,True
7910124,H3F3A,gene_assignment,True
7910134,MIXL1,gene_assignment,True
7910138,,,False
7910140,,,False
7910142,C1ORF95,gene_assignment,True
7910146,PSEN2,gene_assignment,True
7910164,ADCK3,gene_assignment,True
7910184,BC062736,gene_assignment,True
7910186,,,False
7910188,,,False
7910190,ZNF678,gene_assignment,True
7910198,ZNF678,gene_assignment,True
7910200,SNAP47,gene_assignment,True
7910211,PRSS38,gene_assignment,True
7910217,WNT3A,gene_assignment,True
7910229,ARF1,gene_assignment,True
7910241,GUK1,gene_assignment,True
7910257,GJC2,gene_assignment,True
7910261,C1ORF69,gene_assignment,True
7910265,OBSCN,gene_assignment,True
7910369,HIST3H2BB,gene_assignment,True
7910372,RNF187,gene_assignment,True
7910377,,,False
7910379,DUSP5P,gene_assignment,True
7910381,AK055963,gene_assignment,True
7910383,,,False
7910385,,,False
7910387,RHOU,gene_assignment,True
7910396,ENST00000323223,gene_assignment,True
7910398,RAB4A,gene_assignment,True
7910414,,,False
7910416,URB2,gene_assignment,True
7910427,GALNT2,gene_assignment,True
7910446,COG2,gene_assignment,True
7910466,CAPN9,gene_assignment,True
7910490,,,False
7910492,,,False
7910494,ARV1,gene_assignment,True
7910503,TRIM67,gene_assignment,True
7910520,GNPAT,gene_assignment,True
7910539,C1ORF124,gene_assignment,True
7910550,TSNAX,gene_assignment,True
7910559,DISC1,gene_assignment,True
7910583,,,False
7910585,,,False
7910587,,,False
7910589,KIAA1383,gene_assignment,True
7910591,C1ORF57,gene_assignment,True
7910600,KIAA1804,gene_assignment,True
7910611,KCNK1,gene_assignment,True
7910618,SLC35F3,gene_assignment,True
7910630,BC116455,gene_assignment,True
7910634,,,False
7910636,,,False
7910638,,,False
7910640,GGPS1,gene_assignment,True
7910651,TBCE,gene_assignment,True
7910674,,,False
7910680,GPR137B,gene_assignment,True
7910692,,,False
7910694,EDARADD,gene_assignment,True
7910706,LGALS8,gene_assignment,True
7910727,ACTN2,gene_assignment,True
7910752,MTR,gene_assignment,True
7910790,,,False
7910792,RYR2,gene_assignment,True
7910901,LOC100130331,gene_assignment,True
7910913,,,False
7910915,CHRM3,gene_assignment,True
7910923,FMN2,gene_assignment,True
7910948,,,False
7910950,KMO,gene_assignment,True
7910971,WDR64,gene_assignment,True
7910997,EXO1,gene_assignment,True
7911017,SDCCAG8,gene_assignment,True
7911038,ZNF238,gene_assignment,True
7911045,AK124614,gene_assignment,True
7911049,C1ORF100,gene_assignment,True
7911056,C1ORF101,gene_assignment,True
7911078,PPPDE1,gene_assignment,True
7911085,FAM36A,gene_assignment,True
7911092,,,False
7911096,EFCAB2,gene_assignment,True
7911112,EFCAB2,gene_assignment,True
7911114,KIF26B,gene_assignment,True
7911138,CNST,gene_assignment,True
7911155,SCCPDH,gene_assignment,True
7911170,LOC149134,gene_assignment,True
7911174,VN1R5,gene_assignment,True
7911176,,,False
7911178,NLRP3,gene_assignment,True
7911197,OR2W5,gene_assignment,True
7911199,ENST00000366488,gene_assignment,True
7911207,OR2G2,gene_assignment,True
7911209,OR2G3,gene_assignment,True
7911211,,,False
7911213,,,False
7911215,AY358215,gene_assignment,True
7911218,TRIM58,gene_assignment,True
7911229,OR2W3,gene_assignment,True
7911231,OR2W3,gene_assignment,True
7911233,OR2T8,gene_assignment,True
7911235,ENST00000318244,gene_assignment,True
7911237,OR2L13,gene_assignment,True
7911241,OR2L8,gene_assignment,True
7911243,OR2AK2,gene_assignment,True
7911248,ENST00000355281,gene_assignment,True
7911252,OR2L2,gene_assignment,True
7911258,OR2L3,gene_assignment,True
7911260,OR2M1P,gene_assignment,True
7911263,OR2M5,gene_assignment,True
7911265,OR2M2,gene_assignment,True
7911267,OR2M3,gene_assignment,True
7911269,OR2M4,gene_assignment,True
7911271,OR14C36,gene_assignment,True
7911273,OR2T4,gene_assignment,True
7911276,OR2T6,gene_assignment,True
7911278,OR2T1,gene_assignment,True
7911281,OR2T2,gene_assignment,True
7911283,OR2T3,gene_assignment,True
7911285,OR2T5,gene_assignment,True
7911287,OR2G6,gene_assignment,True
7911289,ZNF672,gene_assignment,True
7911301,PGBD2,gene_assignment,True
7911307,RPL23AP82,gene_assignment,True
7911309,WASH7P,gene_assignment,True
7911323,FAM138A,gene_assignment,True
7911329,ENST00000388975,gene_assignment,True
7911331,,,False
7911333,FLJ43681,gene_assignment,True
7911335,,,False
7911337,,,False
7911339,,,False
7911341,,,False
7911343,AF284753,gene_assignment,True
7911345,OR4F16,gene_assignment,True
7911347,ENST00000388975,gene_assignment,True
7911349,,,False
7911351,NCRNA00115,gene_assignment,True
7911355,ENST00000328974,gene_assignment,True
7911359,NOC2L,gene_assignment,True
7911371,C1ORF170,gene_assignment,True
7911376,HES4,gene_assignment,True
7911383,C1ORF159,gene_assignment,True
7911403,TNFRSF18,gene_assignment,True
7911413,TNFRSF4,gene_assignment,True
7911422,SDF4,gene_assignment,True
7911435,FAM132A,gene_assignment,True
7911444,UBE2J2,gene_assignment,True
7911458,ACAP3,gene_assignment,True
7911486,CPSF3L,gene_assignment,True
7911506,DVL1,gene_assignment,True
7911529,MXRA8,gene_assignment,True
7911532,AURKAIP1,gene_assignment,True
7911539,CCNL2,gene_assignment,True
7911559,MRPL20,gene_assignment,True
7911566,,,False
7911568,SSU72,gene_assignment,True
7911578,CDK11A,gene_assignment,True
7911591,SLC35E2B,gene_assignment,True
7911600,NADK,gene_assignment,True
7911619,GNB1,gene_assignment,True
7911634,TMEM52,gene_assignment,True
7911643,BC114926,gene_assignment,True
7911657,AK094642,gene_assignment,True
7911659,KIAA1751,gene_assignment,True
7911676,,,False
7911681,,,False
7911683,C1ORF86,gene_assignment,True
7911699,,,False
7911701,MORN1,gene_assignment,True
7911718,LOC100129534,gene_assignment,True
7911720,PEX10,gene_assignment,True
7911730,PANK4,gene_assignment,True
7911750,HES5,gene_assignment,True
7911754,TNFRSF14,gene_assignment,True
7911767,MMEL1,gene_assignment,True
7911793,FLJ42875,gene_assignment,True
7911796,FLJ42875,gene_assignment,True
7911799,MEGF6,gene_assignment,True
7911839,WDR8,gene_assignment,True
7911854,KIAA0495,gene_assignment,True
7911862,LRRC47,gene_assignment,True
7911870,KIAA0562,gene_assignment,True
7911897,C1ORF174,gene_assignment,True
7911902,NPHP4,gene_assignment,True
7911941,CHD5,gene_assignment,True
7911989,RPL22,gene_assignment,True
7911993,ICMT,gene_assignment,True
7912004,GPR153,gene_assignment,True
7912012,ACOT7,gene_assignment,True
7912031,HES2,gene_assignment,True
7912040,TNFRSF25,gene_assignment,True
7912056,PLEKHG5,gene_assignment,True
7912086,NOL9,gene_assignment,True
7912102,KLHL21,gene_assignment,True
7912112,DNAJC11,gene_assignment,True
7912133,AK098599,gene_assignment,True
7912136,UTS2,gene_assignment,True
7912145,TNFRSF9,gene_assignment,True
7912157,ERRFI1,gene_assignment,True
7912162,,,False
7912166,RERE,gene_assignment,True
7912194,,,False
7912196,,,False
7912198,ENO1,gene_assignment,True
7912209,,,False
7912211,SLC2A7,gene_assignment,True
7912224,SLC2A5,gene_assignment,True
7912239,GPR157,gene_assignment,True
7912248,MIR34A,gene_assignment,True
7912250,EF592573,gene_assignment,True
7912254,C1ORF200,gene_assignment,True
7912257,CLSTN1,gene_assignment,True
7912280,AK131225,gene_assignment,True
7912283,CTNNBIP1,gene_assignment,True
7912292,LZIC,gene_assignment,True
7912303,DFFA,gene_assignment,True
7912316,CASZ1,gene_assignment,True
7912343,CASZ1,gene_assignment,True
7912347,CASZ1,gene_assignment,True
7912349,C1ORF127,gene_assignment,True
7912361,MASP2,gene_assignment,True
7912374,SRM,gene_assignment,True
7912385,EXOSC10,gene_assignment,True
7912412,MTOR,gene_assignment,True
7912473,FBXO2,gene_assignment,True
7912481,MAD2L2,gene_assignment,True
7912496,MTHFR,gene_assignment,True
7912511,KIAA2013,gene_assignment,True
7912515,NPPA,gene_assignment,True
7912520,NPPB,gene_assignment,True
7912525,,,False
7912527,,,False
7912531,,,False
7912537,DHRS3,gene_assignment,True
7912547,PRAMEF11,gene_assignment,True
7912552,HNRNPCL1,gene_assignment,True
7912555,PRAMEF4,gene_assignment,True
7912561,PRAMEF10,gene_assignment,True
7912567,PRAMEF5,gene_assignment,True
7912575,PRAMEF5,gene_assignment,True
7912580,LOC440563,gene_assignment,True
7912582,PRAMEF5,gene_assignment,True
7912585,PRAMEF3,gene_assignment,True
7912589,,,False
7912591,PRAMEF7,gene_assignment,True
7912595,PRAMEF13,gene_assignment,True
7912601,PRAMEF18,gene_assignment,True
7912606,PRAMEF7,gene_assignment,True
7912610,PRAMEF13,gene_assignment,True
7912617,PRAMEF18,gene_assignment,True
7912622,LRRC38,gene_assignment,True
7912629,KAZ,gene_assignment,True
7912638,C1ORF126,gene_assignment,True
7912646,CASP9,gene_assignment,True
7912659,AGMAT,gene_assignment,True
7912670,UQCRH,gene_assignment,True
7912672,FLJ37453,gene_assignment,True
7912675,ZBTB17,gene_assignment,True
7912692,HSPB7,gene_assignment,True
7912701,FAM131C,gene_assignment,True
7912706,EPHA2,gene_assignment,True
7912724,ARHGEF19,gene_assignment,True
7912743,C1ORF89,gene_assignment,True
7912750,FBXO42,gene_assignment,True
7912762,,,False
7912764,SPATA21,gene_assignment,True
7912784,CROCCP3,gene_assignment,True
7912800,RNU1-1,gene_assignment,True
7912802,BC036435,gene_assignment,True
7912804,BC036435,gene_assignment,True
7912808,NBPF10,gene_assignment,True
7912839,CROCCP2,gene_assignment,True
7912850,RNU1-1,gene_assignment,True
7912852,EIF1AX,gene_assignment,True
7912854,ESPNP,gene_assignment,True
7912861,ENST00000369173,gene_assignment,True
7912863,MST1P9,gene_assignment,True
7912884,BC126340,gene_assignment,True
7912887,MFAP2,gene_assignment,True
7912898,ATP13A2,gene_assignment,True
7912928,SDHB,gene_assignment,True
7912937,PADI2,gene_assignment,True
7912956,RCC2,gene_assignment,True
7912968,TAS1R2,gene_assignment,True
7912975,ALDH4A1,gene_assignment,True
7912994,IFFO2,gene_assignment,True
7913001,UBR4,gene_assignment,True
7913110,BC034589,gene_assignment,True
7913138,AKR7L,gene_assignment,True
7913146,AKR7A3,gene_assignment,True
7913154,,,False
7913156,AKR7A2,gene_assignment,True
7913169,CAPZB,gene_assignment,True
7913185,,,False
7913187,TMCO4,gene_assignment,True
7913206,RNF186,gene_assignment,True
7913211,PLA2G2E,gene_assignment,True
7913216,PLA2G2A,gene_assignment,True
7913226,PLA2G2D,gene_assignment,True
7913235,PLA2G2C,gene_assignment,True
7913237,CAMK2N1,gene_assignment,True
7913242,MUL1,gene_assignment,True
7913249,PINK1,gene_assignment,True
7913252,PINK1,gene_assignment,True
7913256,DDOST,gene_assignment,True
7913271,KIF17,gene_assignment,True
7913290,SH2D5,gene_assignment,True
7913300,HP1BP3,gene_assignment,True
7913319,EIF4G3,gene_assignment,True
7913357,ECE1,gene_assignment,True
7913380,NBPF3,gene_assignment,True
7913385,RAP1GAP,gene_assignment,True
7913415,USP48,gene_assignment,True
7913450,HSPG2,gene_assignment,True
7913547,WNT4,gene_assignment,True
7913556,,,False
7913558,LUZP1,gene_assignment,True
7913566,HTR1D,gene_assignment,True
7913571,HNRNPR,gene_assignment,True
7913582,ZNF436,gene_assignment,True
7913593,TCEA3,gene_assignment,True
7913609,ASAP3,gene_assignment,True
7913642,,,False
7913644,E2F2,gene_assignment,True
7913655,ID3,gene_assignment,True
7913663,,,False
7913665,,,False
7913667,GALE,gene_assignment,True
7913682,HMGCL,gene_assignment,True
7913694,FUCA1,gene_assignment,True
7913705,CNR2,gene_assignment,True
7913712,SRSF10,gene_assignment,True
7913727,MYOM3,gene_assignment,True
7913768,IL22RA1,gene_assignment,True
7913776,IL28RA,gene_assignment,True
7913787,BC063891,gene_assignment,True
7913799,,,False
7913801,,,False
7913803,,,False
7913805,RUNX3,gene_assignment,True
7913814,SYF2,gene_assignment,True
7913824,C1ORF63,gene_assignment,True
7913835,RHCE,gene_assignment,True
7913850,FAM54B,gene_assignment,True
7913852,C1ORF135,gene_assignment,True
7913858,PAQR7,gene_assignment,True
7913864,STMN1,gene_assignment,True
7913869,STMN1,gene_assignment,True
7913883,PAFAH2,gene_assignment,True
7913896,SLC30A2,gene_assignment,True
7913907,TRIM63,gene_assignment,True
7913918,UBXN11,gene_assignment,True
7913938,AIM1L,gene_assignment,True
7913965,ZNF683,gene_assignment,True
7913972,,,False
7913976,,,False
7913978,GPN2,gene_assignment,True
7913990,GPATCH3,gene_assignment,True
7914000,NR0B2,gene_assignment,True
7914003,C1ORF172,gene_assignment,True
7914015,FAM46B,gene_assignment,True
7914021,SLC9A1,gene_assignment,True
7914042,MAP3K6,gene_assignment,True
7914075,FCN3,gene_assignment,True
7914084,CD164L2,gene_assignment,True
7914094,WASF2,gene_assignment,True
7914103,AHDC1,gene_assignment,True
7914112,FGR,gene_assignment,True
7914127,IFI6,gene_assignment,True
7914139,,,False
7914141,RPA2,gene_assignment,True
7914153,EYA3,gene_assignment,True
7914178,,,False
7914180,SPCS2,gene_assignment,True
7914184,PTAFR,gene_assignment,True
7914194,DNAJC8,gene_assignment,True
7914202,AY277594,gene_assignment,True
7914212,SNORA61,gene_assignment,True
7914214,SNORA44,gene_assignment,True
7914216,SNORA16A,gene_assignment,True
7914218,TAF12,gene_assignment,True
7914230,,,False
7914232,TMEM200B,gene_assignment,True
7914235,SRSF4,gene_assignment,True
7914245,MECR,gene_assignment,True
7914260,MATN1,gene_assignment,True
7914270,LAPTM5,gene_assignment,True
7914282,SDC3,gene_assignment,True
7914296,PUM1,gene_assignment,True
7914322,SNORD103A,gene_assignment,True
7914324,SNORD103A,gene_assignment,True
7914326,NKAIN1,gene_assignment,True
7914334,SNRNP40,gene_assignment,True
7914342,FABP3,gene_assignment,True
7914350,,,False
7914354,PEF1,gene_assignment,True
7914361,COL16A1,gene_assignment,True
7914433,BAI2,gene_assignment,True
7914467,SPOCD1,gene_assignment,True
7914489,PTP4A2,gene_assignment,True
7914500,AF258548,gene_assignment,True
7914516,MTMR9LP,gene_assignment,True
7914525,MARCKSL1,gene_assignment,True
7914530,BSDC1,gene_assignment,True
7914550,ZBTB8OS,gene_assignment,True
7914557,SYNC,gene_assignment,True
7914563,YARS,gene_assignment,True
7914580,FNDC5,gene_assignment,True
7914592,TMEM54,gene_assignment,True
7914603,RNF19B,gene_assignment,True
7914617,AK2,gene_assignment,True
7914630,TRIM62,gene_assignment,True
7914643,,,False
7914648,PHC2,gene_assignment,True
7914665,,,False
7914667,CSMD2,gene_assignment,True
7914748,,,False
7914750,C1ORF212,gene_assignment,True
7914758,DLGAP3,gene_assignment,True
7914764,ZMYM6,gene_assignment,True
7914791,SFPQ,gene_assignment,True
7914805,,,False
7914809,KIAA0319L,gene_assignment,True
7914834,PSMB2,gene_assignment,True
7914847,BC026909,gene_assignment,True
7914851,CLSPN,gene_assignment,True
7914878,CLSPN,gene_assignment,True
7914880,COL8A2,gene_assignment,True
7914887,TRAPPC3,gene_assignment,True
7914898,ENST00000312808,gene_assignment,True
7914904,STK40,gene_assignment,True
7914917,LSM10,gene_assignment,True
7914921,,,False
7914923,OSCP1,gene_assignment,True
7914938,,,False
7914940,MRPS15,gene_assignment,True
7914950,CSF3R,gene_assignment,True
7914974,GRIK3,gene_assignment,True
7914994,,,False
7914996,MEAF6,gene_assignment,True
7915008,SNIP1,gene_assignment,True
7915015,GNL2,gene_assignment,True
7915032,RSPO1,gene_assignment,True
7915045,BC018109,gene_assignment,True
7915056,EPHA10,gene_assignment,True
7915074,,,False
7915078,EPHA10,gene_assignment,True
7915084,YRDC,gene_assignment,True
7915091,MTF1,gene_assignment,True
7915101,INPP5B,gene_assignment,True
7915130,SF3A3,gene_assignment,True
7915147,FHL3,gene_assignment,True
7915156,POU3F1,gene_assignment,True
7915160,RRAGC,gene_assignment,True
7915170,MYCBP,gene_assignment,True
7915178,GJA9,gene_assignment,True
7915184,RHBDL2,gene_assignment,True
7915198,,,False
7915200,,,False
7915202,,,False
7915204,AK093659,gene_assignment,True
7915207,PABPC4,gene_assignment,True
7915227,SNORA55,gene_assignment,True
7915229,HEYL,gene_assignment,True
7915238,NT5C1A,gene_assignment,True
7915245,HPCAL4,gene_assignment,True
7915252,BMP8B,gene_assignment,True
7915257,OXCT2,gene_assignment,True
7915261,TRIT1,gene_assignment,True
7915275,,,False
7915277,MYCL1,gene_assignment,True
7915284,,,False
7915286,PPT1,gene_assignment,True
7915297,COL9A2,gene_assignment,True
7915329,,,False
7915333,RIMS3,gene_assignment,True
7915345,NFYC,gene_assignment,True
7915347,CITED4,gene_assignment,True
7915351,SLFNL1,gene_assignment,True
7915363,SCMH1,gene_assignment,True
7915385,EDN2,gene_assignment,True
7915392,HIVEP3,gene_assignment,True
7915404,GUCA2A,gene_assignment,True
7915408,FOXJ3,gene_assignment,True
7915425,ZMYND12,gene_assignment,True
7915435,CLDN19,gene_assignment,True
7915444,LEPRE1,gene_assignment,True
7915468,CCDC23,gene_assignment,True
7915472,SLC2A1,gene_assignment,True
7915485,EBNA1BP2,gene_assignment,True
7915498,AK096139,gene_assignment,True
7915500,C1ORF210,gene_assignment,True
7915504,ELOVL1,gene_assignment,True
7915516,MED8,gene_assignment,True
7915529,HYI,gene_assignment,True
7915543,SLC6A9,gene_assignment,True
7915561,,,False
7915563,,,False
7915565,,,False
7915567,ERI3,gene_assignment,True
7915578,TMEM53,gene_assignment,True
7915590,RNU5F,gene_assignment,True
7915592,RNU5D,gene_assignment,True
7915594,,,False
7915598,BEST4,gene_assignment,True
7915609,TCTEX1D4,gene_assignment,True
7915612,PTCH2,gene_assignment,True
7915614,PTCH2,gene_assignment,True
7915640,EIF2B3,gene_assignment,True
7915657,,,False
7915659,HECTD3,gene_assignment,True
7915682,ZSWIM5,gene_assignment,True
7915695,MUTYH,gene_assignment,True
7915718,TESK2,gene_assignment,True
7915731,,,False
7915733,PRDX1,gene_assignment,True
7915743,CCDC17,gene_assignment,True
7915758,GPBP1L1,gene_assignment,True
7915775,IPP,gene_assignment,True
7915787,PIK3R3,gene_assignment,True
7915801,POMGNT1,gene_assignment,True
7915827,LRRC41,gene_assignment,True
7915841,KNCN,gene_assignment,True
7915846,MKNK1,gene_assignment,True
7915861,MOBKL2C,gene_assignment,True
7915870,ATPAF1,gene_assignment,True
7915882,KIAA0494,gene_assignment,True
7915896,CYP4Z2P,gene_assignment,True
7915902,CYP4A11,gene_assignment,True
7915910,PDZK1IP1,gene_assignment,True
7915919,TAL1,gene_assignment,True
7915926,STIL,gene_assignment,True
7915949,LOC388630,gene_assignment,True
7915951,AF251047,gene_assignment,True
7915955,SPATA6,gene_assignment,True
7915971,AGBL4,gene_assignment,True
7915982,BEND5,gene_assignment,True
7915991,DMRTA2,gene_assignment,True
7915995,FAF1,gene_assignment,True
7916016,,,False
7916018,,,False
7916020,,,False
7916022,,,False
7916024,TTC39A,gene_assignment,True
7916045,EPS15,gene_assignment,True
7916077,NRD1,gene_assignment,True
7916112,RAB3B,gene_assignment,True
7916120,TXNDC12,gene_assignment,True
7916130,KTI12,gene_assignment,True
7916135,CC2D1B,gene_assignment,True
7916167,ORC1,gene_assignment,True
7916185,ZCCHC11,gene_assignment,True
7916219,C1ORF163,gene_assignment,True
7916225,,,False
7916227,,,False
7916229,ECHDC2,gene_assignment,True
7916248,SLC1A7,gene_assignment,True
7916262,CPT2,gene_assignment,True
7916274,MAGOH,gene_assignment,True
7916282,LRP8,gene_assignment,True
7916304,GLIS1,gene_assignment,True
7916316,TMEM48,gene_assignment,True
7916341,,,False
7916343,YIPF1,gene_assignment,True
7916356,HSPB11,gene_assignment,True
7916364,LDLRAD1,gene_assignment,True
7916372,TMEM59,gene_assignment,True
7916384,CDCP2,gene_assignment,True
7916393,CYB5RL,gene_assignment,True
7916403,SSBP3,gene_assignment,True
7916412,ACOT11,gene_assignment,True
7916422,PARS2,gene_assignment,True
7916425,TTC22,gene_assignment,True
7916432,DHCR24,gene_assignment,True
7916443,USP24,gene_assignment,True
7916489,,,False
7916493,PPAP2B,gene_assignment,True
7916506,C1ORF168,gene_assignment,True
7916526,C8B,gene_assignment,True
7916541,DAB1,gene_assignment,True
7916562,HNRNPA1,gene_assignment,True
7916564,,,False
7916566,AF263547,gene_assignment,True
7916568,AF263547,gene_assignment,True
7916570,OMA1,gene_assignment,True
7916582,,,False
7916584,TACSTD2,gene_assignment,True
7916590,AK2,gene_assignment,True
7916592,MYSM1,gene_assignment,True
7916609,JUN,gene_assignment,True
7916616,CYP2J2,gene_assignment,True
7916627,,,False
7916629,C1ORF87,gene_assignment,True
7916643,TM2D1,gene_assignment,True
7916654,KANK4,gene_assignment,True
7916667,,,False
7916669,DOCK7,gene_assignment,True
7916727,ITGB3BP,gene_assignment,True
7916741,,,False
7916743,,,False
7916745,,,False
7916747,JAK1,gene_assignment,True
7916775,,,False
7916777,MIR101-1,gene_assignment,True
7916781,,,False
7916783,,,False
7916785,INSL5,gene_assignment,True
7916789,WDR78,gene_assignment,True
7916808,SLC35D1,gene_assignment,True
7916822,BC047053,gene_assignment,True
7916836,SERBP1,gene_assignment,True
7916841,,,False
7916843,GNG12,gene_assignment,True
7916853,DIRAS3,gene_assignment,True
7916862,WLS,gene_assignment,True
7916880,,,False
7916882,RPE65,gene_assignment,True
7916898,DEPDC1,gene_assignment,True
7916910,LRRC40,gene_assignment,True
7916926,,,False
7916928,ANKRD13C,gene_assignment,True
7916944,PTGER3,gene_assignment,True
7916969,ZRANB2,gene_assignment,True
7916984,MIR186,gene_assignment,True
7916986,NEGR1,gene_assignment,True
7916998,,,False
7917002,,,False
7917004,LRRIQ3,gene_assignment,True
7917008,LRRIQ3,gene_assignment,True
7917015,ENST00000294635,gene_assignment,True
7917019,C1ORF173,gene_assignment,True
7917037,CRYZ,gene_assignment,True
7917052,SLC44A5,gene_assignment,True
7917080,,,False
7917082,ASB17,gene_assignment,True
7917088,PIGK,gene_assignment,True
7917103,ZZZ3,gene_assignment,True
7917120,USP33,gene_assignment,True
7917148,AIDA,gene_assignment,True
7917151,AK075118,gene_assignment,True
7917156,FUBP1,gene_assignment,True
7917180,,,False
7917182,ELTD1,gene_assignment,True
7917199,TTLL7,gene_assignment,True
7917232,GNG5,gene_assignment,True
7917240,CTBS,gene_assignment,True
7917251,C1ORF180,gene_assignment,True
7917255,SSX2IP,gene_assignment,True
7917276,LPAR3,gene_assignment,True
7917283,MCOLN2,gene_assignment,True
7917304,MCOLN3,gene_assignment,True
7917322,SYDE2,gene_assignment,True
7917331,C1ORF52,gene_assignment,True
7917338,BCL10,gene_assignment,True
7917347,DDAH1,gene_assignment,True
7917357,,,False
7917359,ZNHIT6,gene_assignment,True
7917370,COL24A1,gene_assignment,True
7917431,,,False
7917433,ODF2L,gene_assignment,True
7917455,SEP15,gene_assignment,True
7917466,LOC339524,gene_assignment,True
7917468,,,False
7917470,,,False
7917472,GTF2B,gene_assignment,True
7917482,CCBL2,gene_assignment,True
7917503,GBP3,gene_assignment,True
7917514,,,False
7917516,GBP1,gene_assignment,True
7917528,,,False
7917530,,,False
7917532,GBP2,gene_assignment,True
7917548,GBP7,gene_assignment,True
7917561,GBP4,gene_assignment,True
7917576,GBP5,gene_assignment,True
7917591,,,False
7917593,GEMIN8P4,gene_assignment,True
7917597,,,False
7917599,BARHL2,gene_assignment,True
7917604,ZNF644,gene_assignment,True
7917612,HFM1,gene_assignment,True
7917634,HFM1,gene_assignment,True
7917645,RN28S1,gene_assignment,True
7917647,,,False
7917649,TGFBR3,gene_assignment,True
7917670,,,False
7917674,SET,gene_assignment,True
7917676,GLMN,gene_assignment,True
7917695,,,False
7917697,GFI1,gene_assignment,True
7917707,EVI5,gene_assignment,True
7917726,,,False
7917728,FAM69A,gene_assignment,True
7917737,,,False
7917741,TMED5,gene_assignment,True
7917752,,,False
7917754,BCAR3,gene_assignment,True
7917771,DNTTIP2,gene_assignment,True
7917779,GCLM,gene_assignment,True
7917798,ABCA4,gene_assignment,True
7917850,ARHGAP29,gene_assignment,True
7917875,F3,gene_assignment,True
7917885,CNN3,gene_assignment,True
7917896,ALG14,gene_assignment,True
7917902,,,False
7917904,,,False
7917906,RPL7,gene_assignment,True
7917910,,,False
7917912,DPYD,gene_assignment,True
7917942,AK092728,gene_assignment,True
7917944,MIR137,gene_assignment,True
7917946,LPPR5,gene_assignment,True
7917954,FRRS1,gene_assignment,True
7917972,,,False
7917974,,,False
7917976,SASS6,gene_assignment,True
7917996,LRRC39,gene_assignment,True
7918008,DBT,gene_assignment,True
7918026,EXTL2,gene_assignment,True
7918034,DPH5,gene_assignment,True
7918048,,,False
7918050,RPSA,gene_assignment,True
7918052,OLFM3,gene_assignment,True
7918064,COL11A1,gene_assignment,True
7918134,AMY1A,gene_assignment,True
7918157,VAV3,gene_assignment,True
7918188,SLC25A24,gene_assignment,True
7918203,NBPF4,gene_assignment,True
7918223,C1ORF59,gene_assignment,True
7918235,AKNAD1,gene_assignment,True
7918255,CLCC1,gene_assignment,True
7918275,WDR47,gene_assignment,True
7918284,TAF13,gene_assignment,True
7918294,C1ORF194,gene_assignment,True
7918300,PSRC1,gene_assignment,True
7918313,MYBPHL,gene_assignment,True
7918323,SORT1,gene_assignment,True
7918345,PSMA5,gene_assignment,True
7918359,AMIGO1,gene_assignment,True
7918365,,,False
7918367,GNAT2,gene_assignment,True
7918379,GSTM3,gene_assignment,True
7918394,EPS8L3,gene_assignment,True
7918416,ALX3,gene_assignment,True
7918424,,,False
7918426,SLC16A4,gene_assignment,True
7918437,HBXIP,gene_assignment,True
7918444,KCNA10,gene_assignment,True
7918449,KCNA2,gene_assignment,True
7918457,KCNA3,gene_assignment,True
7918465,,,False
7918467,C1ORF103,gene_assignment,True
7918474,DRAM2,gene_assignment,True
7918487,DENND2D,gene_assignment,True
7918504,OVGP1,gene_assignment,True
7918517,WDR77,gene_assignment,True
7918533,ADORA3,gene_assignment,True
7918548,,,False
7918550,,,False
7918552,C1ORF183,gene_assignment,True
7918558,KCND3,gene_assignment,True
7918569,ST7L,gene_assignment,True
7918593,RHOC,gene_assignment,True
7918606,PPM1J,gene_assignment,True
7918620,AK093435,gene_assignment,True
7918622,SLC16A1,gene_assignment,True
7918634,PHTF1,gene_assignment,True
7918657,PTPN22,gene_assignment,True
7918681,RSBN1,gene_assignment,True
7918694,BCL2L15,gene_assignment,True
7918703,AP4B1,gene_assignment,True
7918716,SYT6,gene_assignment,True
7918725,TRIM33,gene_assignment,True
7918747,BC063894,gene_assignment,True
7918749,BC063894,gene_assignment,True
7918751,BC063894,gene_assignment,True
7918753,BC063894,gene_assignment,True
7918755,BC063894,gene_assignment,True
7918757,BC063894,gene_assignment,True
7918759,BCAS2,gene_assignment,True
7918768,DENND2C,gene_assignment,True
7918792,BC063894,gene_assignment,True
7918794,AMPD1,gene_assignment,True
7918811,,,False
7918813,NRAS,gene_assignment,True
7918825,CSDE1,gene_assignment,True
7918847,SIKE1,gene_assignment,True
7918857,TSPAN2,gene_assignment,True
7918869,NGF,gene_assignment,True
7918876,,,False
7918878,CASQ2,gene_assignment,True
7918891,NHLH2,gene_assignment,True
7918900,,,False
7918902,CD58,gene_assignment,True
7918911,,,False
7918913,IGSF3,gene_assignment,True
7918925,TRIM45,gene_assignment,True
7918936,VTCN1,gene_assignment,True
7918951,,,False
7918953,,,False
7918955,GDAP2,gene_assignment,True
7918973,SPAG17,gene_assignment,True
7919024,,,False
7919028,TBX15,gene_assignment,True
7919038,WARS2,gene_assignment,True
7919047,,,False
7919049,,,False
7919051,ZNF697,gene_assignment,True
7919055,HMGCS2,gene_assignment,True
7919067,REG4,gene_assignment,True
7919080,NBPF7,gene_assignment,True
7919088,ADAM30,gene_assignment,True
7919095,NOTCH2,gene_assignment,True
7919131,,,False
7919133,FCGR1B,gene_assignment,True
7919139,AK090412,gene_assignment,True
7919146,ANKRD20B,gene_assignment,True
7919151,,,False
7919155,,,False
7919157,PPIAL4G,gene_assignment,True
7919160,,,False
7919162,PPIAL4A,gene_assignment,True
7919166,,,False
7919168,PDE4DIP,gene_assignment,True
7919193,NUDT4P1,gene_assignment,True
7919195,,,False
7919197,POLR3GL,gene_assignment,True
7919208,GNRHR2,gene_assignment,True
7919217,NUDT17,gene_assignment,True
7919226,POLR3C,gene_assignment,True
7919243,CD160,gene_assignment,True
7919251,GPR89B,gene_assignment,True
7919267,,,False
7919269,RNU1-1,gene_assignment,True
7919271,NBPF11,gene_assignment,True
7919299,AK128227,gene_assignment,True
7919301,AK128227,gene_assignment,True
7919303,,,False
7919305,PRKAB2,gene_assignment,True
7919314,FMO5,gene_assignment,True
7919324,,,False
7919326,ACP6,gene_assignment,True
7919340,GJA5,gene_assignment,True
7919347,,,False
7919349,RNU1-1,gene_assignment,True
7919351,NBPF11,gene_assignment,True
7919380,AK128227,gene_assignment,True
7919390,,,False
7919392,,,False
7919394,LOC728855,gene_assignment,True
7919405,,,False
7919407,PPIAL4A,gene_assignment,True
7919412,NBPF11,gene_assignment,True
7919436,PPIAL4A,gene_assignment,True
7919438,NBPF16,gene_assignment,True
7919556,,,False
7919560,,,False
7919562,,,False
7919564,,,False
7919570,,,False
7919576,RNU1-1,gene_assignment,True
7919578,AK299482,gene_assignment,True
7919580,AK125737,gene_assignment,True
7919582,,,False
7919584,HIST2H2BF,gene_assignment,True
7919589,HIST2H3D,gene_assignment,True
7919591,AB096683,gene_assignment,True
7919594,,,False
7919596,AK125737,gene_assignment,True
7919604,AK092418,gene_assignment,True
7919606,HIST2H2BF,gene_assignment,True
7919612,HIST2H3D,gene_assignment,True
7919614,HIST2H3A,gene_assignment,True
7919619,HIST2H2AA3,gene_assignment,True
7919625,HIST2H2BC,gene_assignment,True
7919627,HIST2H4A,gene_assignment,True
7919637,HIST2H2BE,gene_assignment,True
7919642,HIST2H2AB,gene_assignment,True
7919645,SV2A,gene_assignment,True
7919659,SF3B4,gene_assignment,True
7919669,MTMR11,gene_assignment,True
7919699,OTUD7B,gene_assignment,True
7919715,ANP32E,gene_assignment,True
7919729,APH1A,gene_assignment,True
7919743,ADAMTSL4,gene_assignment,True
7919747,,,False
7919749,,,False
7919751,MCL1,gene_assignment,True
7919763,ENSA,gene_assignment,True
7919780,GOLPH3L,gene_assignment,True
7919787,HORMAD1,gene_assignment,True
7919800,CTSS,gene_assignment,True
7919815,CTSK,gene_assignment,True
7919825,ARNT,gene_assignment,True
7919852,,,False
7919854,,,False
7919856,LASS2,gene_assignment,True
7919872,FAM63A,gene_assignment,True
7919886,,,False
7919888,CDC42SE1,gene_assignment,True
7919898,SEMA6C,gene_assignment,True
7919923,LYSMD1,gene_assignment,True
7919929,TMOD4,gene_assignment,True
7919940,VPS72,gene_assignment,True
7919950,PI4KB,gene_assignment,True
7919969,,,False
7919971,RFX5,gene_assignment,True
7919984,SELENBP1,gene_assignment,True
7920000,POGZ,gene_assignment,True
7920027,CELF3,gene_assignment,True
7920045,,,False
7920047,MRPL9,gene_assignment,True
7920057,TDRKH,gene_assignment,True
7920077,LINGO4,gene_assignment,True
7920082,RORC,gene_assignment,True
7920100,THEM5,gene_assignment,True
7920114,THEM4,gene_assignment,True
7920123,S100A10,gene_assignment,True
7920128,S100A11,gene_assignment,True
7920135,TCHHL1,gene_assignment,True
7920141,TCHH,gene_assignment,True
7920146,RPTN,gene_assignment,True
7920155,HRNR,gene_assignment,True
7920165,FLG,gene_assignment,True
7920175,FLG2,gene_assignment,True
7920178,CRNN,gene_assignment,True
7920182,LCE3E,gene_assignment,True
7920185,LCE3D,gene_assignment,True
7920191,LCE3A,gene_assignment,True
7920193,LCE1C,gene_assignment,True
7920196,SPRR2D,gene_assignment,True
7920201,SPRR2B,gene_assignment,True
7920205,SPRR2A,gene_assignment,True
7920210,SPRR2B,gene_assignment,True
7920214,SPRR2E,gene_assignment,True
7920217,SPRR2G,gene_assignment,True
7920220,PGLYRP3,gene_assignment,True
7920228,PGLYRP4,gene_assignment,True
7920238,S100A12,gene_assignment,True
7920244,S100A8,gene_assignment,True
7920249,S100A7L2,gene_assignment,True
7920252,S100A7,gene_assignment,True
7920256,,,False
7920258,S100A6,gene_assignment,True
7920264,S100A5,gene_assignment,True
7920271,S100A4,gene_assignment,True
7920278,S100A3,gene_assignment,True
7920285,S100A2,gene_assignment,True
7920291,S100A16,gene_assignment,True
7920297,S100A14,gene_assignment,True
7920303,S100A13,gene_assignment,True
7920317,ILF2,gene_assignment,True
7920333,,,False
7920335,,,False
7920337,,,False
7920341,GATAD2B,gene_assignment,True
7920354,DENND4B,gene_assignment,True
7920382,CRTC2,gene_assignment,True
7920401,SLC39A1,gene_assignment,True
7920409,JTB,gene_assignment,True
7920422,RAB13,gene_assignment,True
7920426,NUP210L,gene_assignment,True
7920468,,,False
7920470,,,False
7920472,TPM3,gene_assignment,True
7920487,BC127710,gene_assignment,True
7920492,C1ORF43,gene_assignment,True
7920506,SHE,gene_assignment,True
7920515,UBE2Q1,gene_assignment,True
7920531,ADAR,gene_assignment,True
7920552,KCNN3,gene_assignment,True
7920567,PMVK,gene_assignment,True
7920575,PBXIP1,gene_assignment,True
7920594,PYGO2,gene_assignment,True
7920600,SHC1,gene_assignment,True
7920616,DCST2,gene_assignment,True
7920633,DPM3,gene_assignment,True
7920642,MUC1,gene_assignment,True
7920659,KRTCAP2,gene_assignment,True
7920664,THBS3,gene_assignment,True
7920687,GBAP1,gene_assignment,True
7920697,GBA,gene_assignment,True
7920707,FAM189B,gene_assignment,True
7920725,SCAMP3,gene_assignment,True
7920737,CLK2,gene_assignment,True
7920744,PKLR,gene_assignment,True
7920757,FDPS,gene_assignment,True
7920766,ASH1L,gene_assignment,True
7920795,,,False
7920799,YY1AP1,gene_assignment,True
7920810,GON4L,gene_assignment,True
7920839,RIT1,gene_assignment,True
7920852,KIAA0907,gene_assignment,True
7920873,SNORA42,gene_assignment,True
7920875,SCARNA4,gene_assignment,True
7920877,ARHGEF2,gene_assignment,True
7920903,SSR2,gene_assignment,True
7920912,UBQLN4,gene_assignment,True
7920928,PAQR6,gene_assignment,True
7920944,SMG5,gene_assignment,True
7920971,C1ORF85,gene_assignment,True
7920980,VHLL,gene_assignment,True
7920984,CCT3,gene_assignment,True
7921003,C1ORF61,gene_assignment,True
7921012,MIR9-1,gene_assignment,True
7921014,MEF2D,gene_assignment,True
7921031,,,False
7921033,IQGAP3,gene_assignment,True
7921076,GPATCH4,gene_assignment,True
7921088,NES,gene_assignment,True
7921099,CRABP2,gene_assignment,True
7921110,ISG20L2,gene_assignment,True
7921121,MRPL24,gene_assignment,True
7921133,HDGF,gene_assignment,True
7921144,SH2D2A,gene_assignment,True
7921155,INSRR,gene_assignment,True
7921179,ARHGEF11,gene_assignment,True
7921220,,,False
7921222,ETV3L,gene_assignment,True
7921228,ETV3,gene_assignment,True
7921237,FCRL5,gene_assignment,True
7921259,FCRL4,gene_assignment,True
7921275,FCRL3,gene_assignment,True
7921298,FCRL2,gene_assignment,True
7921319,FCRL1,gene_assignment,True
7921332,CD5L,gene_assignment,True
7921342,AK057458,gene_assignment,True
7921344,ELL2,gene_assignment,True
7921346,CD1B,gene_assignment,True
7921354,OR10T2,gene_assignment,True
7921356,OR10K2,gene_assignment,True
7921358,,,False
7921360,OR6Y1,gene_assignment,True
7921362,OR6P1,gene_assignment,True
7921364,OR10X1,gene_assignment,True
7921367,SPTA1,gene_assignment,True
7921420,OR6K2,gene_assignment,True
7921422,OR6K3,gene_assignment,True
7921425,,,False
7921427,OR6N1,gene_assignment,True
7921429,OR6N2,gene_assignment,True
7921431,,,False
7921434,AIM2,gene_assignment,True
7921442,ENST00000389011,gene_assignment,True
7921445,OR10J3,gene_assignment,True
7921447,OR10J5,gene_assignment,True
7921449,CRP,gene_assignment,True
7921462,VSIG8,gene_assignment,True
7921471,,,False
7921473,CCDC19,gene_assignment,True
7921487,TAGLN2,gene_assignment,True
7921492,IGSF9,gene_assignment,True
7921516,SLAMF9,gene_assignment,True
7921526,PIGM,gene_assignment,True
7921533,KCNJ10,gene_assignment,True
7921538,IGSF8,gene_assignment,True
7921552,DCAF8,gene_assignment,True
7921571,PEX19,gene_assignment,True
7921583,COPA,gene_assignment,True
7921621,,,False
7921623,,,False
7921625,SLAMF6,gene_assignment,True
7921637,CD84,gene_assignment,True
7921652,SLAMF1,gene_assignment,True
7921667,CD48,gene_assignment,True
7921677,CD244,gene_assignment,True
7921690,ITLN1,gene_assignment,True
7921702,ITLN2,gene_assignment,True
7921713,F11R,gene_assignment,True
7921738,USF1,gene_assignment,True
7921752,ARHGAP30,gene_assignment,True
7921773,PVRL4,gene_assignment,True
7921786,PFDN2,gene_assignment,True
7921793,DEDD,gene_assignment,True
7921806,B4GALT3,gene_assignment,True
7921821,ADAMTS4,gene_assignment,True
7921834,APOA2,gene_assignment,True
7921840,NR1I3,gene_assignment,True
7921852,MPZ,gene_assignment,True
7921862,C1ORF192,gene_assignment,True
7921868,FCGR3A,gene_assignment,True
7921873,FCGR3A,gene_assignment,True
7921882,OLFML2B,gene_assignment,True
7921895,C1ORF111,gene_assignment,True
7921900,SH2D1B,gene_assignment,True
7921909,C1ORF110,gene_assignment,True
7921916,RGS5,gene_assignment,True
7921930,,,False
7921936,LMX1A,gene_assignment,True
7921955,RXRG,gene_assignment,True
7921970,ALDH9A1,gene_assignment,True
7921987,TMCO1,gene_assignment,True
7922001,FAM78B,gene_assignment,True
7922008,TADA1,gene_assignment,True
7922018,ILDR2,gene_assignment,True
7922029,GPA33,gene_assignment,True
7922040,CD247,gene_assignment,True
7922051,CREG1,gene_assignment,True
7922058,ADCY10,gene_assignment,True
7922095,BRP44,gene_assignment,True
7922104,GCSH,gene_assignment,True
7922108,GPR161,gene_assignment,True
7922121,ANKRD36BP1,gene_assignment,True
7922125,,,False
7922127,XCL2,gene_assignment,True
7922130,DPT,gene_assignment,True
7922137,NME7,gene_assignment,True
7922152,BC026073,gene_assignment,True
7922162,SLC19A2,gene_assignment,True
7922174,F5,gene_assignment,True
7922200,SELP,gene_assignment,True
7922219,SELL,gene_assignment,True
7922229,SELE,gene_assignment,True
7922243,C1ORF156,gene_assignment,True
7922250,SCYL3,gene_assignment,True
7922268,KIFAP3,gene_assignment,True
7922291,,,False
7922293,,,False
7922295,,,False
7922297,,,False
7922299,,,False
7922301,MYOC,gene_assignment,True
7922309,VAMP4,gene_assignment,True
7922324,,,False
7922326,MIR214,gene_assignment,True
7922328,MIR199A2,gene_assignment,True
7922330,PIGC,gene_assignment,True
7922337,TNFSF18,gene_assignment,True
7922343,TNFSF4,gene_assignment,True
7922351,AK130460,gene_assignment,True
7922353,SLC9A11,gene_assignment,True
7922382,ANKRD45,gene_assignment,True
7922389,,,False
7922391,CENPL,gene_assignment,True
7922400,,,False
7922402,SNORD47,gene_assignment,True
7922404,SNORD80,gene_assignment,True
7922406,SNORD79,gene_assignment,True
7922408,SNORD78,gene_assignment,True
7922410,SNORD44,gene_assignment,True
7922412,SNORD77,gene_assignment,True
7922414,SNORD76,gene_assignment,True
7922416,SNORD75,gene_assignment,True
7922418,SNORD74,gene_assignment,True
7922420,SERPINC1,gene_assignment,True
7922432,RC3H1,gene_assignment,True
7922456,,,False
7922458,,,False
7922460,,,False
7922462,MRPS14,gene_assignment,True
7922472,,,False
7922474,KIAA0040,gene_assignment,True
7922482,TNR,gene_assignment,True
7922504,RFWD2,gene_assignment,True
7922523,,,False
7922525,ASTN1,gene_assignment,True
7922550,SEC16B,gene_assignment,True
7922590,AK125993,gene_assignment,True
7922596,AK096082,gene_assignment,True
7922598,ANGPTL1,gene_assignment,True
7922610,ABL2,gene_assignment,True
7922627,NPHS2,gene_assignment,True
7922637,TOR1AIP2,gene_assignment,True
7922646,TOR1AIP2,gene_assignment,True
7922648,TOR1AIP1,gene_assignment,True
7922652,,,False
7922656,ACBD6,gene_assignment,True
7922667,,,False
7922669,STX6,gene_assignment,True
7922684,,,False
7922686,ZNF648,gene_assignment,True
7922689,GLUL,gene_assignment,True
7922703,TEDDM1,gene_assignment,True
7922707,RNASEL,gene_assignment,True
7922717,RGS16,gene_assignment,True
7922727,RGS8,gene_assignment,True
7922737,C1ORF14,gene_assignment,True
7922752,,,False
7922754,,,False
7922756,NMNAT2,gene_assignment,True
7922773,NCF2,gene_assignment,True
7922793,ARPC5,gene_assignment,True
7922804,APOBEC4,gene_assignment,True
7922807,GLT25D2,gene_assignment,True
7922821,,,False
7922823,EDEM3,gene_assignment,True
7922846,FAM129A,gene_assignment,True
7922868,,,False
7922870,C1ORF25,gene_assignment,True
7922887,,,False
7922889,IVNS1ABP,gene_assignment,True
7922908,,,False
7922910,,,False
7922912,TPR,gene_assignment,True
7922969,PDC,gene_assignment,True
7922976,PTGS2,gene_assignment,True
7922992,,,False
7922994,FAM5C,gene_assignment,True
7923005,,,False
7923007,UCHL5,gene_assignment,True
7923027,GLRX2,gene_assignment,True
7923034,B3GALT2,gene_assignment,True
7923043,KCNT2,gene_assignment,True
7923073,F13B,gene_assignment,True
7923086,ASPM,gene_assignment,True
7923119,ZBTB41,gene_assignment,True
7923131,DENND1B,gene_assignment,True
7923141,DENND1B,gene_assignment,True
7923162,,,False
7923164,ATP6V1G3,gene_assignment,True
7923173,MIR181B1,gene_assignment,True
7923175,MIR181A1,gene_assignment,True
7923177,,,False
7923179,,,False
7923183,ZNF281,gene_assignment,True
7923189,KIF14,gene_assignment,True
7923221,DDX59,gene_assignment,True
7923231,,,False
7923233,KIF21B,gene_assignment,True
7923271,CACNA1S,gene_assignment,True
7923317,ASCL5,gene_assignment,True
7923319,TMEM9,gene_assignment,True
7923332,TNNT2,gene_assignment,True
7923347,LAD1,gene_assignment,True
7923360,TNNI1,gene_assignment,True
7923372,PHLDA3,gene_assignment,True
7923378,CSRP1,gene_assignment,True
7923386,LMOD1,gene_assignment,True
7923394,ARL8A,gene_assignment,True
7923406,PTPN7,gene_assignment,True
7923424,,,False
7923426,UBE2T,gene_assignment,True
7923436,,,False
7923438,RPS27,gene_assignment,True
7923442,SYT2,gene_assignment,True
7923453,KDM5B,gene_assignment,True
7923483,RABIF,gene_assignment,True
7923489,KLHL12,gene_assignment,True
7923501,,,False
7923503,ADIPOR1,gene_assignment,True
7923516,CYB5R1,gene_assignment,True
7923528,MYOG,gene_assignment,True
7923534,MYBPH,gene_assignment,True
7923547,CHI3L1,gene_assignment,True
7923562,CHIT1,gene_assignment,True
7923578,FMOD,gene_assignment,True
7923582,,,False
7923584,C1ORF157,gene_assignment,True
7923596,ETNK2,gene_assignment,True
7923608,REN,gene_assignment,True
7923621,KISS1,gene_assignment,True
7923628,GOLT1A,gene_assignment,True
7923635,PLEKHA6,gene_assignment,True
7923659,PPP1R15B,gene_assignment,True
7923662,PIK3C2B,gene_assignment,True
7923698,,,False
7923700,LRRN2,gene_assignment,True
7923707,TMEM81,gene_assignment,True
7923712,RBBP5,gene_assignment,True
7923731,DSTYK,gene_assignment,True
7923753,NUAK2,gene_assignment,True
7923762,KLHDC8A,gene_assignment,True
7923772,LEMD1,gene_assignment,True
7923778,ELK4,gene_assignment,True
7923792,SLC45A3,gene_assignment,True
7923798,NUCKS1,gene_assignment,True
7923810,,,False
7923812,RAB7L1,gene_assignment,True
7923824,SLC41A1,gene_assignment,True
7923837,PM20D1,gene_assignment,True
7923850,SLC26A9,gene_assignment,True
7923875,C1ORF186,gene_assignment,True
7923885,IKBKE,gene_assignment,True
7923889,LGTN,gene_assignment,True
7923905,,,False
7923907,IL10,gene_assignment,True
7923917,FAIM3,gene_assignment,True
7923929,PIGR,gene_assignment,True
7923942,FCAMR,gene_assignment,True
7923958,C1ORF116,gene_assignment,True
7923965,,,False
7923967,YOD1,gene_assignment,True
7923972,,,False
7923974,MIR29C,gene_assignment,True
7923976,MIR29B2,gene_assignment,True
7923978,CD34,gene_assignment,True
7923991,PLXNA2,gene_assignment,True
7924029,LAMB3,gene_assignment,True
7924055,BC039719,gene_assignment,True
7924058,IRF6,gene_assignment,True
7924069,,,False
7924071,KCNH1,gene_assignment,True
7924085,RD3,gene_assignment,True
7924092,SLC30A1,gene_assignment,True
7924096,NEK2,gene_assignment,True
7924107,LPGAT1,gene_assignment,True
7924117,,,False
7924119,INTS7,gene_assignment,True
7924144,RPL21P28,gene_assignment,True
7924150,TMEM206,gene_assignment,True
7924163,FAM71A,gene_assignment,True
7924166,BATF3,gene_assignment,True
7924172,NSL1,gene_assignment,True
7924180,C1ORF227,gene_assignment,True
7924184,NCRNA00292,gene_assignment,True
7924190,ANGEL2,gene_assignment,True
7924203,,,False
7924207,PTPN14,gene_assignment,True
7924230,FAM108A1,gene_assignment,True
7924233,USH2A,gene_assignment,True
7924307,,,False
7924309,ESRRG,gene_assignment,True
7924325,,,False
7924327,GPATCH2,gene_assignment,True
7924340,,,False
7924342,SLC30A10,gene_assignment,True
7924351,EPRS,gene_assignment,True
7924386,,,False
7924388,BPNT1,gene_assignment,True
7924401,MIR215,gene_assignment,True
7924403,MIR194-1,gene_assignment,True
7924405,RAB3GAP2,gene_assignment,True
7924443,,,False
7924445,AK128488,gene_assignment,True
7924450,DUSP10,gene_assignment,True
7924461,,,False
7924463,,,False
7924465,HHIPL2,gene_assignment,True
7924476,TAF1A,gene_assignment,True
7924491,AIDA,gene_assignment,True
7924495,,,False
7924497,,,False
7924499,TLR5,gene_assignment,True
7924508,SUSD4,gene_assignment,True
7924526,TP53BP2,gene_assignment,True
7924549,BC032332,gene_assignment,True
7924551,,,False
7924553,,,False
7924558,NVL,gene_assignment,True
7924582,WDR26,gene_assignment,True
7924603,LBR,gene_assignment,True
7924619,ENAH,gene_assignment,True
7924636,TMEM63A,gene_assignment,True
7924663,LEFTY1,gene_assignment,True
7924669,PYCR2,gene_assignment,True
7924682,LEFTY2,gene_assignment,True
7924686,C1ORF55,gene_assignment,True
7924701,ACBD3,gene_assignment,True
7924712,LIN9,gene_assignment,True
7924731,,,False
7924733,PARP1,gene_assignment,True
7924758,LOC391169,gene_assignment,True
7924760,ITPKB,gene_assignment,True
7924773,CDC42BPA,gene_assignment,True
7924817,BC019830,gene_assignment,True
7924819,BC019830,gene_assignment,True
7924821,ZNF847P,gene_assignment,True
7924823,JMJD4,gene_assignment,True
7924832,WNT9A,gene_assignment,True
7924840,LOC100506571,gene_assignment,True
7924842,C1ORF35,gene_assignment,True
7924853,MRPL55,gene_assignment,True
7924863,OBSCN,gene_assignment,True
7924868,TRIM11,gene_assignment,True
7924874,TRIM17,gene_assignment,True
7924884,HIST3H3,gene_assignment,True
7924888,HIST3H2A,gene_assignment,True
7924893,,,False
7924897,C1ORF96,gene_assignment,True
7924910,ACTA1,gene_assignment,True
7924923,NUP133,gene_assignment,True
7924956,ABCB10,gene_assignment,True
7924967,,,False
7924969,TAF5L,gene_assignment,True
7924977,PGBD5,gene_assignment,True
7924987,AGT,gene_assignment,True
7924996,C1ORF198,gene_assignment,True
7925003,TTC13,gene_assignment,True
7925028,FAM89A,gene_assignment,True
7925031,AK054992,gene_assignment,True
7925033,C1ORF131,gene_assignment,True
7925043,EXOC8,gene_assignment,True
7925048,EGLN1,gene_assignment,True
7925058,SNRPD2P2,gene_assignment,True
7925062,SIPA1L2,gene_assignment,True
7925087,,,False
7925089,PCNXL2,gene_assignment,True
7925128,,,False
7925130,TARBP1,gene_assignment,True
7925161,IRF2BP2,gene_assignment,True
7925170,AF193050,gene_assignment,True
7925174,TOMM20,gene_assignment,True
7925182,SNORA14B,gene_assignment,True
7925184,RBM34,gene_assignment,True
7925201,ARID4B,gene_assignment,True
7925229,B3GALNT2,gene_assignment,True
7925250,GNG4,gene_assignment,True
7925257,LYST,gene_assignment,True
7925320,NID1,gene_assignment,True
7925342,ERO1LB,gene_assignment,True
7925361,LGALS8,gene_assignment,True
7925364,HEATR1,gene_assignment,True
7925413,AF333388,gene_assignment,True
7925419,ZP4,gene_assignment,True
7925450,,,False
7925452,GREM2,gene_assignment,True
7925457,RGS7,gene_assignment,True
7925480,FH,gene_assignment,True
7925492,OPN3,gene_assignment,True
7925500,CHML,gene_assignment,True
7925504,MAP1LC3C,gene_assignment,True
7925509,,,False
7925511,PLD5,gene_assignment,True
7925523,,,False
7925525,CEP170,gene_assignment,True
7925531,AKT3,gene_assignment,True
7925550,ADSS,gene_assignment,True
7925561,FAM36A,gene_assignment,True
7925565,HNRNPU,gene_assignment,True
7925585,EFCAB2,gene_assignment,True
7925587,,,False
7925589,SMYD3,gene_assignment,True
7925607,,,False
7925609,,,False
7925611,TFB2M,gene_assignment,True
7925622,AHCTF1,gene_assignment,True
7925662,ZNF695,gene_assignment,True
7925672,ZNF670,gene_assignment,True
7925677,ZNF669,gene_assignment,True
7925687,ENST00000408893,gene_assignment,True
7925691,ZNF124,gene_assignment,True
7925703,,,False
7925705,ZNF496,gene_assignment,True
7925718,OR2B11,gene_assignment,True
7925720,OR2C3,gene_assignment,True
7925726,OR13G1,gene_assignment,True
7925728,OR6F1,gene_assignment,True
7925730,ENST00000366485,gene_assignment,True
7925732,OR1C1,gene_assignment,True
7925735,OR14A16,gene_assignment,True
7925737,OR11L1,gene_assignment,True
7925739,,,False
7925741,OR2T33,gene_assignment,True
7925743,OR2T12,gene_assignment,True
7925745,OR2M7,gene_assignment,True
7925747,OR2T29,gene_assignment,True
7925749,OR2T34,gene_assignment,True
7925751,OR2T10,gene_assignment,True
7925753,,,False
7925755,OR2T11,gene_assignment,True
7925757,OR2T35,gene_assignment,True
7925759,OR2T27,gene_assignment,True
7925761,OR14I1,gene_assignment,True
7925763,SH3BP5L,gene_assignment,True
7925773,ZNF692,gene_assignment,True
7925790,,,False
7925792,ZMYND11,gene_assignment,True
7925813,C10ORF108,gene_assignment,True
7925823,GTPBP4,gene_assignment,True
7925846,C10ORF110,gene_assignment,True
7925851,WDR37,gene_assignment,True
7925870,NCRNA00200,gene_assignment,True
7925874,,,False
7925876,PFKP,gene_assignment,True
7925902,,,False
7925904,AKR1E2,gene_assignment,True
7925918,AKR1C1,gene_assignment,True
7925927,,,False
7925929,AKR1C3,gene_assignment,True
7925939,AKR1C4,gene_assignment,True
7925950,UCN3,gene_assignment,True
7925954,NET1,gene_assignment,True
7925972,CALML3,gene_assignment,True
7925976,,,False
7925978,C10ORF18,gene_assignment,True
7925996,FBXO18,gene_assignment,True
7926021,RBM17,gene_assignment,True
7926037,PFKFB3,gene_assignment,True
7926059,,,False
7926061,ITIH2,gene_assignment,True
7926084,ATP5C1,gene_assignment,True
7926096,TAF3,gene_assignment,True
7926105,GATA3,gene_assignment,True
7926117,,,False
7926123,,,False
7926127,CELF2,gene_assignment,True
7926150,USP6NL,gene_assignment,True
7926152,ECHDC3,gene_assignment,True
7926158,C10ORF47,gene_assignment,True
7926170,DHTKD1,gene_assignment,True
7926189,SEC61A2,gene_assignment,True
7926205,,,False
7926207,CDC123,gene_assignment,True
7926223,CAMK1D,gene_assignment,True
7926239,OPTN,gene_assignment,True
7926259,MCM10,gene_assignment,True
7926283,PRPF18,gene_assignment,True
7926297,,,False
7926299,HSPA14,gene_assignment,True
7926319,SUV39H2,gene_assignment,True
7926330,MEIG1,gene_assignment,True
7926334,OLAH,gene_assignment,True
7926345,RPP38,gene_assignment,True
7926354,,,False
7926356,PTER,gene_assignment,True
7926366,,,False
7926368,VIM,gene_assignment,True
7926385,STAM,gene_assignment,True
7926403,FAM23A,gene_assignment,True
7926410,MRC1,gene_assignment,True
7926443,,,False
7926445,FAM23A,gene_assignment,True
7926451,MRC1,gene_assignment,True
7926484,,,False
7926486,SLC39A12,gene_assignment,True
7926506,CACNB2,gene_assignment,True
7926531,ARL5B,gene_assignment,True
7926539,,,False
7926545,PLXDC2,gene_assignment,True
7926563,,,False
7926565,MLLT10,gene_assignment,True
7926594,,,False
7926596,COMMD3,gene_assignment,True
7926609,BMI1,gene_assignment,True
7926622,SPAG6,gene_assignment,True
7926636,,,False
7926638,ARMC3,gene_assignment,True
7926659,,,False
7926661,MSRB2,gene_assignment,True
7926670,,,False
7926674,PTF1A,gene_assignment,True
7926677,OTUD1,gene_assignment,True
7926679,KIAA1217,gene_assignment,True
7926706,,,False
7926708,THNSL1,gene_assignment,True
7926715,GPR158,gene_assignment,True
7926728,MYO3A,gene_assignment,True
7926766,GAD2,gene_assignment,True
7926786,APBB1IP,gene_assignment,True
7926805,,,False
7926807,PDSS1,gene_assignment,True
7926817,,,False
7926819,,,False
7926821,MASTL,gene_assignment,True
7926834,,,False
7926836,RAB18,gene_assignment,True
7926851,WAC,gene_assignment,True
7926875,BAMBI,gene_assignment,True
7926882,ENST00000375520,gene_assignment,True
7926889,LYZL1,gene_assignment,True
7926894,,,False
7926896,CKS1B,gene_assignment,True
7926898,,,False
7926900,MAP3K8,gene_assignment,True
7926916,ZEB1,gene_assignment,True
7926934,,,False
7926936,C10ORF68,gene_assignment,True
7926979,,,False
7926981,,,False
7926983,CREM,gene_assignment,True
7927008,CCNY,gene_assignment,True
7927028,GJD4,gene_assignment,True
7927031,,,False
7927033,ANKRD30A,gene_assignment,True
7927056,,,False
7927060,,,False
7927062,ZNF33A,gene_assignment,True
7927071,ZNF37A,gene_assignment,True
7927082,HSD17B7P2,gene_assignment,True
7927089,,,False
7927091,LOC399744,gene_assignment,True
7927095,,,False
7927097,ACTR3BP2,gene_assignment,True
7927099,LOC84856,gene_assignment,True
7927108,BMS1,gene_assignment,True
7927120,RET,gene_assignment,True
7927146,CSGALNACT2,gene_assignment,True
7927153,,,False
7927155,FXYD4,gene_assignment,True
7927169,ZNF487P,gene_assignment,True
7927173,ZNF485,gene_assignment,True
7927179,TMEM72,gene_assignment,True
7927186,RASSF4,gene_assignment,True
7927202,ZNF22,gene_assignment,True
7927207,LOC338579,gene_assignment,True
7927215,ALOX5,gene_assignment,True
7927231,AGAP4,gene_assignment,True
7927233,FAM21C,gene_assignment,True
7927265,,,False
7927267,FAM35B,gene_assignment,True
7927277,GPRIN2,gene_assignment,True
7927280,PPYR1,gene_assignment,True
7927285,RHEB,gene_assignment,True
7927288,FAM35B2,gene_assignment,True
7927294,ANTXRL,gene_assignment,True
7927305,AGAP5,gene_assignment,True
7927307,ANXA8L2,gene_assignment,True
7927323,FAM21B,gene_assignment,True
7927353,AGAP9,gene_assignment,True
7927363,FAM25B,gene_assignment,True
7927367,ANXA8,gene_assignment,True
7927383,ZNF488,gene_assignment,True
7927389,MAPK8,gene_assignment,True
7927405,WDFY4,gene_assignment,True
7927425,WDFY4,gene_assignment,True
7927474,C10ORF71,gene_assignment,True
7927482,CHAT,gene_assignment,True
7927502,SLC18A3,gene_assignment,True
7927505,C10ORF53,gene_assignment,True
7927513,FAM21C,gene_assignment,True
7927517,,,False
7927519,TIMM23,gene_assignment,True
7927527,,,False
7927529,MSMB,gene_assignment,True
7927536,NCOA4,gene_assignment,True
7927548,TIMM23,gene_assignment,True
7927550,LOC728407,gene_assignment,True
7927552,AGAP6,gene_assignment,True
7927560,FAM21A,gene_assignment,True
7927595,,,False
7927597,,,False
7927599,ASAH2,gene_assignment,True
7927606,PRKG1,gene_assignment,True
7927631,DKK1,gene_assignment,True
7927639,,,False
7927643,,,False
7927645,,,False
7927649,CISD1,gene_assignment,True
7927658,UBE2D1,gene_assignment,True
7927669,TFAM,gene_assignment,True
7927681,BICC1,gene_assignment,True
7927694,PHYHIPL,gene_assignment,True
7927704,,,False
7927708,,,False
7927710,CDK1,gene_assignment,True
7927723,C10ORF107,gene_assignment,True
7927732,ARID5B,gene_assignment,True
7927745,,,False
7927747,ZNF365,gene_assignment,True
7927767,ADO,gene_assignment,True
7927773,,,False
7927775,NRBF2,gene_assignment,True
7927784,JMJD1C,gene_assignment,True
7927786,REEP3,gene_assignment,True
7927799,REEP3,gene_assignment,True
7927801,ANXA2P3,gene_assignment,True
7927803,LRRTM3,gene_assignment,True
7927812,,,False
7927814,SIRT1,gene_assignment,True
7927827,MYPN,gene_assignment,True
7927852,,,False
7927854,HNRNPH3,gene_assignment,True
7927872,,,False
7927874,,,False
7927876,TET1,gene_assignment,True
7927889,CCAR1,gene_assignment,True
7927915,STOX1,gene_assignment,True
7927924,,,False
7927926,DDX50,gene_assignment,True
7927936,DDX21,gene_assignment,True
7927955,KIAA1279,gene_assignment,True
7927964,SRGN,gene_assignment,True
7927972,VPS26A,gene_assignment,True
7927981,SUPV3L1,gene_assignment,True
7927998,HKDC1,gene_assignment,True
7928019,HK1,gene_assignment,True
7928046,TSPAN15,gene_assignment,True
7928064,C10ORF35,gene_assignment,True
7928069,COL13A1,gene_assignment,True
7928107,H2AFY2,gene_assignment,True
7928119,EIF4EBP2,gene_assignment,True
7928126,KIAA1274,gene_assignment,True
7928147,ADAMTS14,gene_assignment,True
7928171,SGPL1,gene_assignment,True
7928189,UNC5B,gene_assignment,True
7928208,SLC29A3,gene_assignment,True
7928216,,,False
7928218,CDH23,gene_assignment,True
7928291,CHST3,gene_assignment,True
7928298,,,False
7928300,ANAPC16,gene_assignment,True
7928306,,,False
7928308,DDIT4,gene_assignment,True
7928314,,,False
7928316,,,False
7928318,CCDC109A,gene_assignment,True
7928330,OIT3,gene_assignment,True
7928342,NUDT13,gene_assignment,True
7928354,FAM149B1,gene_assignment,True
7928363,,,False
7928365,,,False
7928367,,,False
7928369,SEC24C,gene_assignment,True
7928395,FUT11,gene_assignment,True
7928401,CHCHD1,gene_assignment,True
7928408,KIAA0913,gene_assignment,True
7928411,KIAA0913,gene_assignment,True
7928429,PLAU,gene_assignment,True
7928444,VCL,gene_assignment,True
7928471,ADK,gene_assignment,True
7928489,,,False
7928491,MYST4,gene_assignment,True
7928516,SAMD8,gene_assignment,True
7928524,VDAC2,gene_assignment,True
7928529,ZNF503,gene_assignment,True
7928531,NCRNA00245,gene_assignment,True
7928534,C10ORF11,gene_assignment,True
7928543,,,False
7928545,LOC100128292,gene_assignment,True
7928551,RPS24,gene_assignment,True
7928556,,,False
7928558,ZMIZ1,gene_assignment,True
7928589,PPIF,gene_assignment,True
7928600,EIF5AL1,gene_assignment,True
7928602,SFTPA1,gene_assignment,True
7928619,FAM22A,gene_assignment,True
7928630,EIF5AL1,gene_assignment,True
7928632,SFTPA1,gene_assignment,True
7928645,FAM22A,gene_assignment,True
7928653,FAM22A,gene_assignment,True
7928661,MBL1P,gene_assignment,True
7928671,C10ORF57,gene_assignment,True
7928679,PLAC9,gene_assignment,True
7928685,DYDC2,gene_assignment,True
7928695,C10ORF58,gene_assignment,True
7928705,TSPAN14,gene_assignment,True
7928723,SH2D4B,gene_assignment,True
7928736,NRG3,gene_assignment,True
7928746,,,False
7928748,,,False
7928750,,,False
7928752,GHITM,gene_assignment,True
7928766,C10ORF99,gene_assignment,True
7928770,CDHR1,gene_assignment,True
7928789,RGR,gene_assignment,True
7928800,FAM190B,gene_assignment,True
7928815,,,False
7928819,,,False
7928821,,,False
7928823,OPN4,gene_assignment,True
7928838,LDB3,gene_assignment,True
7928855,BMPR1A,gene_assignment,True
7928870,,,False
7928872,SNCG,gene_assignment,True
7928882,C10ORF116,gene_assignment,True
7928890,AGAP11,gene_assignment,True
7928907,,,False
7928909,FAM35A,gene_assignment,True
7928915,FAM22A,gene_assignment,True
7928937,MINPP1,gene_assignment,True
7928944,PAPSS2,gene_assignment,True
7928959,PTEN,gene_assignment,True
7928967,LIPJ,gene_assignment,True
7928982,LIPF,gene_assignment,True
7928994,LIPK,gene_assignment,True
7928999,LIPN,gene_assignment,True
7929003,LIPM,gene_assignment,True
7929012,STAMBPL1,gene_assignment,True
7929026,ACTA2,gene_assignment,True
7929032,FAS,gene_assignment,True
7929047,IFIT2,gene_assignment,True
7929052,IFIT3,gene_assignment,True
7929061,IFIT1B,gene_assignment,True
7929065,IFIT1,gene_assignment,True
7929072,IFIT5,gene_assignment,True
7929078,KIF20B,gene_assignment,True
7929114,,,False
7929116,RPP30,gene_assignment,True
7929130,,,False
7929132,PCGF5,gene_assignment,True
7929145,HECTD2,gene_assignment,True
7929168,TNKS2,gene_assignment,True
7929201,BTAF1,gene_assignment,True
7929243,NHP2,gene_assignment,True
7929247,MARCH5,gene_assignment,True
7929256,,,False
7929258,KIF11,gene_assignment,True
7929282,HHEX,gene_assignment,True
7929288,EXOC6,gene_assignment,True
7929315,CYP26C1,gene_assignment,True
7929322,CYP26A1,gene_assignment,True
7929332,,,False
7929334,CEP55,gene_assignment,True
7929344,GPR120,gene_assignment,True
7929350,PDE6C,gene_assignment,True
7929373,LGI1,gene_assignment,True
7929383,TMEM20,gene_assignment,True
7929388,PLCE1,gene_assignment,True
7929424,TBC1D12,gene_assignment,True
7929438,HELLS,gene_assignment,True
7929466,CYP2C18,gene_assignment,True
7929478,CYP2C19,gene_assignment,True
7929487,CYP2C9,gene_assignment,True
7929497,C10ORF129,gene_assignment,True
7929511,ENTPD1,gene_assignment,True
7929525,AK294399,gene_assignment,True
7929533,,,False
7929536,,,False
7929541,CC2D2B,gene_assignment,True
7929550,CCNJ,gene_assignment,True
7929562,ZNF518A,gene_assignment,True
7929574,DNTT,gene_assignment,True
7929589,,,False
7929591,,,False
7929593,RPL13AP5,gene_assignment,True
7929596,LCOR,gene_assignment,True
7929609,BC024315,gene_assignment,True
7929616,FRAT1,gene_assignment,True
7929624,PGAM1,gene_assignment,True
7929634,ZDHHC16,gene_assignment,True
7929649,UBTD1,gene_assignment,True
7929653,ANKRD2,gene_assignment,True
7929664,DHDPSL,gene_assignment,True
7929674,C10ORF62,gene_assignment,True
7929677,PI4K2A,gene_assignment,True
7929689,MARVELD1,gene_assignment,True
7929692,ZFYVE27,gene_assignment,True
7929711,GOLGA7B,gene_assignment,True
7929719,C10ORF28,gene_assignment,True
7929732,CNNM1,gene_assignment,True
7929744,NKX2-3,gene_assignment,True
7929750,ENTPD7,gene_assignment,True
7929768,CUTC,gene_assignment,True
7929779,ABCC2,gene_assignment,True
7929812,,,False
7929814,,,False
7929816,SCD,gene_assignment,True
7929822,WNT8B,gene_assignment,True
7929831,HIF1AN,gene_assignment,True
7929840,PAX2,gene_assignment,True
7929858,FAM178A,gene_assignment,True
7929882,SEMA4G,gene_assignment,True
7929901,C10ORF2,gene_assignment,True
7929911,LZTS2,gene_assignment,True
7929919,SFXN3,gene_assignment,True
7929932,KAZALD1,gene_assignment,True
7929945,,,False
7929947,TLX1,gene_assignment,True
7929952,,,False
7929956,,,False
7929958,BTRC,gene_assignment,True
7929976,DPCD,gene_assignment,True
7929986,,,False
7929988,HPS6,gene_assignment,True
7929990,PPRC1,gene_assignment,True
7930008,NOLC1,gene_assignment,True
7930025,ELOVL3,gene_assignment,True
7930031,GBF1,gene_assignment,True
7930074,NFKB2,gene_assignment,True
7930099,FBXL15,gene_assignment,True
7930106,TMEM180,gene_assignment,True
7930120,SUFU,gene_assignment,True
7930137,,,False
7930139,TRIM8,gene_assignment,True
7930148,SFXN2,gene_assignment,True
7930162,C10ORF26,gene_assignment,True
7930170,C10ORF32,gene_assignment,True
7930179,,,False
7930181,AS3MT,gene_assignment,True
7930194,CNNM2,gene_assignment,True
7930205,LOC729020,gene_assignment,True
7930208,INA,gene_assignment,True
7930213,TAF5,gene_assignment,True
7930226,PDCD11,gene_assignment,True
7930264,NEURL,gene_assignment,True
7930274,,,False
7930276,SLK,gene_assignment,True
7930299,C10ORF78,gene_assignment,True
7930304,GSTO1,gene_assignment,True
7930311,GSTO2,gene_assignment,True
7930320,CCDC147,gene_assignment,True
7930341,SORCS3,gene_assignment,True
7930376,,,False
7930378,,,False
7930380,ADD3,gene_assignment,True
7930398,MXI1,gene_assignment,True
7930413,DUSP5,gene_assignment,True
7930422,SMC3,gene_assignment,True
7930450,,,False
7930452,,,False
7930454,PDCD4,gene_assignment,True
7930470,SHOC2,gene_assignment,True
7930482,ADRA2A,gene_assignment,True
7930487,TECTB,gene_assignment,True
7930498,ACSL5,gene_assignment,True
7930524,VTI1A,gene_assignment,True
7930533,LOC143188,gene_assignment,True
7930537,TCF7L2,gene_assignment,True
7930559,,,False
7930561,HABP2,gene_assignment,True
7930577,CASP7,gene_assignment,True
7930593,C10ORF81,gene_assignment,True
7930612,,,False
7930614,NHLRC2,gene_assignment,True
7930627,ADRB1,gene_assignment,True
7930631,TDRD1,gene_assignment,True
7930663,VWA2,gene_assignment,True
7930680,,,False
7930682,FAM160B1,gene_assignment,True
7930703,TRUB1,gene_assignment,True
7930714,ATRNL1,gene_assignment,True
7930750,C10ORF96,gene_assignment,True
7930760,PNLIPRP3,gene_assignment,True
7930775,,,False
7930777,PNLIP,gene_assignment,True
7930790,PNLIPRP1,gene_assignment,True
7930804,PNLIPRP2,gene_assignment,True
7930818,ENST00000341276,gene_assignment,True
7930833,KCNK18,gene_assignment,True
7930837,SLC18A2,gene_assignment,True
7930857,EMX2,gene_assignment,True
7930861,CASC2,gene_assignment,True
7930870,TOMM22,gene_assignment,True
7930872,NANOS1,gene_assignment,True
7930882,FAM45A,gene_assignment,True
7930894,GRK5,gene_assignment,True
7930915,,,False
7930917,AK097099,gene_assignment,True
7930919,,,False
7930921,BAG3,gene_assignment,True
7930927,INPP5F,gene_assignment,True
7930954,,,False
7930956,SEC23IP,gene_assignment,True
7930980,PPAPDC1A,gene_assignment,True
7930994,BC108662,gene_assignment,True
7930996,WDR11,gene_assignment,True
7931027,,,False
7931029,,,False
7931031,TACC2,gene_assignment,True
7931062,BTBD16,gene_assignment,True
7931079,,,False
7931081,PLEKHA1,gene_assignment,True
7931097,HTRA1,gene_assignment,True
7931108,DMBT1,gene_assignment,True
7931140,FLJ46361,gene_assignment,True
7931152,,,False
7931155,FAM24A,gene_assignment,True
7931159,PSTK,gene_assignment,True
7931168,ACADSB,gene_assignment,True
7931181,HMX3,gene_assignment,True
7931184,HMX2,gene_assignment,True
7931187,BUB3,gene_assignment,True
7931199,GPR26,gene_assignment,True
7931204,LHPP,gene_assignment,True
7931214,,,False
7931216,FAM175B,gene_assignment,True
7931226,ZRANB1,gene_assignment,True
7931239,C10ORF137,gene_assignment,True
7931268,BCCIP,gene_assignment,True
7931281,FANK1,gene_assignment,True
7931293,DOCK1,gene_assignment,True
7931346,,,False
7931348,FOXI2,gene_assignment,True
7931353,PTPRE,gene_assignment,True
7931379,MGMT,gene_assignment,True
7931387,,,False
7931389,BC036527,gene_assignment,True
7931393,GLRX3,gene_assignment,True
7931403,,,False
7931405,PPP2R2D,gene_assignment,True
7931417,JAKMIP3,gene_assignment,True
7931439,DPYSL4,gene_assignment,True
7931455,LRRC27,gene_assignment,True
7931469,PWWP2B,gene_assignment,True
7931473,C10ORF91,gene_assignment,True
7931479,INPP5A,gene_assignment,True
7931500,GPR123,gene_assignment,True
7931519,KNDC1,gene_assignment,True
7931553,UTF1,gene_assignment,True
7931556,VENTX,gene_assignment,True
7931561,ZNF511,gene_assignment,True
7931571,PRAP1,gene_assignment,True
7931582,PAOX,gene_assignment,True
7931607,MTG1,gene_assignment,True
7931623,LOC619207,gene_assignment,True
7931643,CYP2E1,gene_assignment,True
7931656,DUX4L4,gene_assignment,True
7931659,DUX4L4,gene_assignment,True
7931662,DUX4L4,gene_assignment,True
7931665,DUX4L4,gene_assignment,True
7931668,DUX4L4,gene_assignment,True
7931671,DUX4L4,gene_assignment,True
7931674,TUBB8,gene_assignment,True
7931681,,,False
7931683,DIP2C,gene_assignment,True
7931728,LARP4B,gene_assignment,True
7931748,IDI2,gene_assignment,True
7931754,IDI1,gene_assignment,True
7931764,ADARB2,gene_assignment,True
7931778,PITRM1,gene_assignment,True
7931810,KLF6,gene_assignment,True
7931822,AY423624,gene_assignment,True
7931824,TAKR,gene_assignment,True
7931830,,,False
7931832,AKR1C2,gene_assignment,True
7931838,,,False
7931840,AKR1CL1,gene_assignment,True
7931852,TUBAL3,gene_assignment,True
7931859,CALML5,gene_assignment,True
7931863,ASB13,gene_assignment,True
7931873,GDI2,gene_assignment,True
7931888,ANKRD16,gene_assignment,True
7931899,IL15RA,gene_assignment,True
7931914,IL2RA,gene_assignment,True
7931928,,,False
7931930,PRKCQ,gene_assignment,True
7931951,SFMBT2,gene_assignment,True
7931975,,,False
7931977,ITIH5,gene_assignment,True
7932000,KIN,gene_assignment,True
7932014,FLJ45983,gene_assignment,True
7932017,,,False
7932019,ENST00000379256,gene_assignment,True
7932023,USP6NL,gene_assignment,True
7932041,UPF2,gene_assignment,True
7932067,,,False
7932069,NUDT5,gene_assignment,True
7932082,CCDC3,gene_assignment,True
7932086,,,False
7932088,UCMA,gene_assignment,True
7932094,PHYH,gene_assignment,True
7932109,SEPHS1,gene_assignment,True
7932118,BEND7,gene_assignment,True
7932130,,,False
7932132,FRMD4A,gene_assignment,True
7932160,BC072452,gene_assignment,True
7932177,CDNF,gene_assignment,True
7932186,DCLRE1C,gene_assignment,True
7932209,,,False
7932211,,,False
7932214,ACBD7,gene_assignment,True
7932221,BC029034,gene_assignment,True
7932227,NMT2,gene_assignment,True
7932243,FAM171A1,gene_assignment,True
7932254,ITGA8,gene_assignment,True
7932285,FAM188A,gene_assignment,True
7932304,,,False
7932306,,,False
7932308,C1QL3,gene_assignment,True
7932311,RSU1,gene_assignment,True
7932326,CUBN,gene_assignment,True
7932390,TRDMT1,gene_assignment,True
7932407,ST8SIA6,gene_assignment,True
7932418,,,False
7932420,PTPLA,gene_assignment,True
7932433,NSUN6,gene_assignment,True
7932453,NEBL,gene_assignment,True
7932492,C10ORF113,gene_assignment,True
7932495,C10ORF114,gene_assignment,True
7932498,C10ORF140,gene_assignment,True
7932508,,,False
7932510,,,False
7932512,DNAJC1,gene_assignment,True
7932528,,,False
7932530,PIP4K2A,gene_assignment,True
7932542,C10ORF67,gene_assignment,True
7932548,,,False
7932552,,,False
7932554,ARHGAP21,gene_assignment,True
7932584,PRTFDC1,gene_assignment,True
7932598,ENKUR,gene_assignment,True
7932608,,,False
7932610,,,False
7932616,ABI1,gene_assignment,True
7932635,,,False
7932637,ANKRD26,gene_assignment,True
7932676,,,False
7932678,YME1L1,gene_assignment,True
7932703,ACBD5,gene_assignment,True
7932721,LOC387646,gene_assignment,True
7932725,,,False
7932727,PTCHD3,gene_assignment,True
7932733,MKX,gene_assignment,True
7932744,ARMC4,gene_assignment,True
7932765,MPP7,gene_assignment,True
7932786,,,False
7932788,,,False
7932790,,,False
7932792,,,False
7932794,,,False
7932796,SVIL,gene_assignment,True
7932826,KIAA1462,gene_assignment,True
7932832,,,False
7932834,MTPAP,gene_assignment,True
7932862,,,False
7932864,LYZL2,gene_assignment,True
7932867,ZNF438,gene_assignment,True
7932881,AK094743,gene_assignment,True
7932883,,,False
7932885,ARHGAP12,gene_assignment,True
7932909,,,False
7932911,KIF5B,gene_assignment,True
7932938,EPC1,gene_assignment,True
7932960,,,False
7932964,C1D,gene_assignment,True
7932966,ITGB1,gene_assignment,True
7932983,,,False
7932985,NRP1,gene_assignment,True
7933008,,,False
7933010,PARD3,gene_assignment,True
7933043,,,False
7933047,CUL2,gene_assignment,True
7933071,,,False
7933073,GJD4,gene_assignment,True
7933075,FZD8,gene_assignment,True
7933084,NAMPT,gene_assignment,True
7933086,,,False
7933092,ZNF248,gene_assignment,True
7933105,ZNF25,gene_assignment,True
7933115,SEPT7L,gene_assignment,True
7933121,ENST00000426433,gene_assignment,True
7933129,ZNF37BP,gene_assignment,True
7933139,ZNF33B,gene_assignment,True
7933145,,,False
7933149,RASGEF1A,gene_assignment,True
7933164,HNRNPF,gene_assignment,True
7933176,,,False
7933178,,,False
7933180,ZNF239,gene_assignment,True
7933186,ZNF32,gene_assignment,True
7933190,AK097743,gene_assignment,True
7933192,HNRNPA3P1,gene_assignment,True
7933194,CXCL12,gene_assignment,True
7933204,C10ORF10,gene_assignment,True
7933209,C10ORF25,gene_assignment,True
7933217,,,False
7933219,OR13A1,gene_assignment,True
7933228,MARCH8,gene_assignment,True
7933237,ANUBL1,gene_assignment,True
7933252,AGAP4,gene_assignment,True
7933261,ENST00000438951,gene_assignment,True
7933263,PTPN20A,gene_assignment,True
7933279,FRMPD2,gene_assignment,True
7933290,BMS1P1,gene_assignment,True
7933298,SYT15,gene_assignment,True
7933310,,,False
7933312,ANXA8L1,gene_assignment,True
7933327,FAM25B,gene_assignment,True
7933331,AGAP9,gene_assignment,True
7933341,ASAH2,gene_assignment,True
7933359,RBP3,gene_assignment,True
7933366,GDF2,gene_assignment,True
7933372,GDF10,gene_assignment,True
7933379,PTPN20B,gene_assignment,True
7933394,FRMPD2,gene_assignment,True
7933405,AGAP4,gene_assignment,True
7933413,BMS1P1,gene_assignment,True
7933423,FAM25B,gene_assignment,True
7933427,AGAP5,gene_assignment,True
7933437,PTPN20A,gene_assignment,True
7933442,PTPN20A,gene_assignment,True
7933446,FRMPD2,gene_assignment,True
7933469,ARHGAP22,gene_assignment,True
7933484,LRRC18,gene_assignment,True
7933488,C10ORF72,gene_assignment,True
7933498,FAM170B,gene_assignment,True
7933501,DRGX,gene_assignment,True
7933509,ERCC6,gene_assignment,True
7933537,OGDHL,gene_assignment,True
7933561,PARG,gene_assignment,True
7933572,ENST00000438951,gene_assignment,True
7933574,AGAP7,gene_assignment,True
7933582,TIMM23,gene_assignment,True
7933593,,,False
7933595,,,False
7933597,ASAH2,gene_assignment,True
7933619,SGMS1,gene_assignment,True
7933632,,,False
7933638,AK056520,gene_assignment,True
7933640,A1CF,gene_assignment,True
7933659,CSTF2T,gene_assignment,True
7933665,MBL2,gene_assignment,True
7933672,PCDH15,gene_assignment,True
7933707,ZWINT,gene_assignment,True
7933723,IPMK,gene_assignment,True
7933731,,,False
7933733,FAM13C,gene_assignment,True
7933750,SLC16A9,gene_assignment,True
7933760,CCDC6,gene_assignment,True
7933772,ANK3,gene_assignment,True
7933821,RHOBTB1,gene_assignment,True
7933840,,,False
7933842,TMEM26,gene_assignment,True
7933855,RTKN2,gene_assignment,True
7933872,EGR2,gene_assignment,True
7933877,JMJD1C,gene_assignment,True
7933904,CTNNA3,gene_assignment,True
7933929,,,False
7933933,DNAJC12,gene_assignment,True
7933945,,,False
7933947,HERC4,gene_assignment,True
7933976,,,False
7933978,ATOH7,gene_assignment,True
7933982,PBLD,gene_assignment,True
7933999,RUFY2,gene_assignment,True
7934026,DNA2,gene_assignment,True
7934050,SLC25A16,gene_assignment,True
7934068,,,False
7934070,,,False
7934074,TACR2,gene_assignment,True
7934083,NEUROG3,gene_assignment,True
7934101,AIFM2,gene_assignment,True
7934114,TYSND1,gene_assignment,True
7934122,SAR1A,gene_assignment,True
7934133,PPA1,gene_assignment,True
7934141,NPFFR1,gene_assignment,True
7934145,LRRC20,gene_assignment,True
7934156,NODAL,gene_assignment,True
7934161,PRF1,gene_assignment,True
7934166,C10ORF27,gene_assignment,True
7934178,PCBD1,gene_assignment,True
7934185,C10ORF54,gene_assignment,True
7934196,PSAP,gene_assignment,True
7934215,SPOCK2,gene_assignment,True
7934228,ASCC1,gene_assignment,True
7934244,DNAJB12,gene_assignment,True
7934255,CBARA1,gene_assignment,True
7934269,,,False
7934271,PLA2G12B,gene_assignment,True
7934278,P4HA1,gene_assignment,True
7934297,,,False
7934299,NUDT13,gene_assignment,True
7934301,ECD,gene_assignment,True
7934318,,,False
7934320,DNAJC9,gene_assignment,True
7934326,MRPS16,gene_assignment,True
7934334,TTC18,gene_assignment,True
7934365,,,False
7934367,ANXA7,gene_assignment,True
7934384,ZMYND17,gene_assignment,True
7934393,PPP3CB,gene_assignment,True
7934411,USP54,gene_assignment,True
7934432,,,False
7934434,MYOZ1,gene_assignment,True
7934442,SYNPO2L,gene_assignment,True
7934451,AGAP5,gene_assignment,True
7934459,NDST2,gene_assignment,True
7934477,CAMK2G,gene_assignment,True
7934505,C10ORF55,gene_assignment,True
7934513,AP3M1,gene_assignment,True
7934527,DUPD1,gene_assignment,True
7934531,,,False
7934533,DUSP13,gene_assignment,True
7934544,COMTD1,gene_assignment,True
7934553,ZNF503,gene_assignment,True
7934566,,,False
7934568,,,False
7934570,KCNMA1,gene_assignment,True
7934613,,,False
7934615,DLG5,gene_assignment,True
7934653,POLR3A,gene_assignment,True
7934690,ZCCHC24,gene_assignment,True
7934698,SFTPA2,gene_assignment,True
7934706,,,False
7934708,SFTPA2,gene_assignment,True
7934717,,,False
7934719,SFTPD,gene_assignment,True
7934729,C1D,gene_assignment,True
7934731,C1D,gene_assignment,True
7934733,ANXA11,gene_assignment,True
7934753,EIF5AL1,gene_assignment,True
7934755,MAT1A,gene_assignment,True
7934767,DYDC1,gene_assignment,True
7934777,,,False
7934779,LRIT2,gene_assignment,True
7934783,LRIT1,gene_assignment,True
7934789,GRID1,gene_assignment,True
7934812,WAPAL,gene_assignment,True
7934838,,,False
7934842,MMRN2,gene_assignment,True
7934850,,,False
7934852,GLUD1,gene_assignment,True
7934870,ATAD1,gene_assignment,True
7934885,RNLS,gene_assignment,True
7934896,,,False
7934898,ANKRD22,gene_assignment,True
7934906,ACTA2,gene_assignment,True
7934916,CH25H,gene_assignment,True
7934920,LIPA,gene_assignment,True
7934936,SLC16A12,gene_assignment,True
7934945,PANK1,gene_assignment,True
7934959,MIR107,gene_assignment,True
7934961,FLJ37201,gene_assignment,True
7934966,,,False
7934968,,,False
7934970,HTR7,gene_assignment,True
7934977,,,False
7934979,ANKRD1,gene_assignment,True
7934991,,,False
7934993,NUDT9P1,gene_assignment,True
7934997,PPP1R3C,gene_assignment,True
7935002,SRP9,gene_assignment,True
7935006,FGFBP3,gene_assignment,True
7935011,CPEB3,gene_assignment,True
7935025,,,False
7935027,IDE,gene_assignment,True
7935054,,,False
7935056,,,False
7935058,MYOF,gene_assignment,True
7935114,,,False
7935116,RBP4,gene_assignment,True
7935123,FRA10AC1,gene_assignment,True
7935139,PIPSL,gene_assignment,True
7935144,,,False
7935146,NOC3L,gene_assignment,True
7935169,CYP2C8,gene_assignment,True
7935180,PDLIM1,gene_assignment,True
7935188,SORBS1,gene_assignment,True
7935230,ALDH18A1,gene_assignment,True
7935251,TCTN3,gene_assignment,True
7935270,BLNK,gene_assignment,True
7935288,OPALIN,gene_assignment,True
7935296,TLL2,gene_assignment,True
7935320,TM9SF3,gene_assignment,True
7935337,PIK3AP1,gene_assignment,True
7935359,,,False
7935361,SLIT1,gene_assignment,True
7935401,,,False
7935403,ARHGAP19,gene_assignment,True
7935421,FRAT2,gene_assignment,True
7935425,RRP12,gene_assignment,True
7935462,EXOSC1,gene_assignment,True
7935474,MMS19,gene_assignment,True
7935510,MORN4,gene_assignment,True
7935521,AVPI1,gene_assignment,True
7935528,SFRP5,gene_assignment,True
7935535,CRTAC1,gene_assignment,True
7935553,LOXL4,gene_assignment,True
7935572,PYROXD2,gene_assignment,True
7935588,HPS1,gene_assignment,True
7935613,HPSE2,gene_assignment,True
7935627,GOT1,gene_assignment,True
7935639,SLC25A28,gene_assignment,True
7935647,COX15,gene_assignment,True
7935660,DNMBP,gene_assignment,True
7935679,CPN1,gene_assignment,True
7935692,ERLIN1,gene_assignment,True
7935707,CHUK,gene_assignment,True
7935730,CWF19L1,gene_assignment,True
7935746,BLOC1S2,gene_assignment,True
7935756,PKD2L1,gene_assignment,True
7935776,SCD,gene_assignment,True
7935778,,,False
7935780,SEC31B,gene_assignment,True
7935810,NDUFB8,gene_assignment,True
7935819,MRPL43,gene_assignment,True
7935834,PDZD7,gene_assignment,True
7935855,LBX1,gene_assignment,True
7935859,,,False
7935861,,,False
7935863,,,False
7935865,POLL,gene_assignment,True
7935882,FBXW4,gene_assignment,True
7935892,FGF8,gene_assignment,True
7935903,NPM3,gene_assignment,True
7935910,MGEA5,gene_assignment,True
7935930,KCNIP2,gene_assignment,True
7935951,C10ORF76,gene_assignment,True
7935968,LDB1,gene_assignment,True
7935983,PITX3,gene_assignment,True
7935990,PSD,gene_assignment,True
7936011,CUEDC2,gene_assignment,True
7936023,BC126459,gene_assignment,True
7936028,ACTR1A,gene_assignment,True
7936041,ARL3,gene_assignment,True
7936050,CYP17A1,gene_assignment,True
7936064,NT5C2,gene_assignment,True
7936083,PCGF6,gene_assignment,True
7936089,,,False
7936091,USMG5,gene_assignment,True
7936096,PDCD11,gene_assignment,True
7936100,CALHM2,gene_assignment,True
7936108,CALHM1,gene_assignment,True
7936111,CALHM3,gene_assignment,True
7936115,SH3PXD2A,gene_assignment,True
7936134,OBFC1,gene_assignment,True
7936144,COL17A1,gene_assignment,True
7936201,C10ORF79,gene_assignment,True
7936242,ITPRIP,gene_assignment,True
7936249,SORCS1,gene_assignment,True
7936280,,,False
7936284,XPNPEP1,gene_assignment,True
7936307,SMNDC1,gene_assignment,True
7936318,,,False
7936320,RPL13AP6,gene_assignment,True
7936322,GPAM,gene_assignment,True
7936346,ZDHHC6,gene_assignment,True
7936360,NRAP,gene_assignment,True
7936408,DCLRE1A,gene_assignment,True
7936419,C10ORF118,gene_assignment,True
7936439,AFAP1L2,gene_assignment,True
7936461,,,False
7936463,ABLIM1,gene_assignment,True
7936492,,,False
7936494,GFRA1,gene_assignment,True
7936507,BC021737,gene_assignment,True
7936516,HSPA12A,gene_assignment,True
7936529,KIAA1598,gene_assignment,True
7936552,VAX1,gene_assignment,True
7936559,PDZD8,gene_assignment,True
7936567,RAB11FIP2,gene_assignment,True
7936578,C10ORF84,gene_assignment,True
7936590,PRLHR,gene_assignment,True
7936596,C10ORF46,gene_assignment,True
7936614,EIF3A,gene_assignment,True
7936637,SNORA19,gene_assignment,True
7936639,,,False
7936641,SFXN4,gene_assignment,True
7936661,PRDX3,gene_assignment,True
7936673,RGS10,gene_assignment,True
7936683,TIAL1,gene_assignment,True
7936706,C10ORF119,gene_assignment,True
7936727,RPL21,gene_assignment,True
7936734,FGFR2,gene_assignment,True
7936762,ATE1,gene_assignment,True
7936777,NSMCE4A,gene_assignment,True
7936793,BC140922,gene_assignment,True
7936798,CUZD1,gene_assignment,True
7936809,FAM24B,gene_assignment,True
7936817,C10ORF88,gene_assignment,True
7936826,IKZF5,gene_assignment,True
7936833,,,False
7936835,CPXM2,gene_assignment,True
7936856,CHST15,gene_assignment,True
7936871,OAT,gene_assignment,True
7936882,NKX1-2,gene_assignment,True
7936884,FAM53B,gene_assignment,True
7936891,METTL10,gene_assignment,True
7936902,,,False
7936904,CTBP2,gene_assignment,True
7936916,AK097855,gene_assignment,True
7936918,C10ORF122,gene_assignment,True
7936923,M21191,gene_assignment,True
7936925,AK094354,gene_assignment,True
7936928,MMP21,gene_assignment,True
7936937,UROS,gene_assignment,True
7936949,DHX32,gene_assignment,True
7936966,,,False
7936968,ADAM12,gene_assignment,True
7936994,,,False
7936996,C10ORF90,gene_assignment,True
7937007,FAM196A,gene_assignment,True
7937014,AK127642,gene_assignment,True
7937016,CLRN3,gene_assignment,True
7937020,MKI67,gene_assignment,True
7937037,,,False
7937039,EBF3,gene_assignment,True
7937059,TCERG1L,gene_assignment,True
7937073,ENST00000341866,gene_assignment,True
7937079,BNIP3,gene_assignment,True
7937089,STK32C,gene_assignment,True
7937104,AK097584,gene_assignment,True
7937106,NKX6-2,gene_assignment,True
7937112,BC034223,gene_assignment,True
7937135,C10ORF93,gene_assignment,True
7937148,MIR202,gene_assignment,True
7937150,ADAM8,gene_assignment,True
7937175,TUBGCP2,gene_assignment,True
7937198,,,False
7937200,CALY,gene_assignment,True
7937208,C10ORF125,gene_assignment,True
7937217,ECHS1,gene_assignment,True
7937228,SPRN,gene_assignment,True
7937230,SYCE1,gene_assignment,True
7937247,SPRNP1,gene_assignment,True
7937251,FRG2B,gene_assignment,True
7937257,SCGB1C1,gene_assignment,True
7937263,ODF3,gene_assignment,True
7937275,RIC8A,gene_assignment,True
7937287,PSMD13,gene_assignment,True
7937305,NLRP6,gene_assignment,True
7937314,ATHL1,gene_assignment,True
7937330,IFITM2,gene_assignment,True
7937335,IFITM1,gene_assignment,True
7937341,B4GALNT4,gene_assignment,True
7937363,PKP3,gene_assignment,True
7937378,PTDSS2,gene_assignment,True
7937391,LRRC56,gene_assignment,True
7937404,C11ORF35,gene_assignment,True
7937407,RASSF7,gene_assignment,True
7937415,PHRF1,gene_assignment,True
7937433,DRD4,gene_assignment,True
7937438,TMEM80,gene_assignment,True
7937443,EPS8L2,gene_assignment,True
7937465,TALDO1,gene_assignment,True
7937474,AF435951,gene_assignment,True
7937476,RPLP2,gene_assignment,True
7937483,SNORA52,gene_assignment,True
7937485,PNPLA2,gene_assignment,True
7937498,EFCAB4A,gene_assignment,True
7937508,CD151,gene_assignment,True
7937518,TSPAN4,gene_assignment,True
7937533,AP2A2,gene_assignment,True
7937560,MUC2,gene_assignment,True
7937612,MUC5B,gene_assignment,True
7937667,BRSK2,gene_assignment,True
7937696,KRTAP5-2,gene_assignment,True
7937698,KRTAP5-1,gene_assignment,True
7937700,KRTAP5-5,gene_assignment,True
7937707,FAM99A,gene_assignment,True
7937709,KRTAP5-6,gene_assignment,True
7937711,,,False
7937713,SYT8,gene_assignment,True
7937728,TNNI2,gene_assignment,True
7937735,LSP1,gene_assignment,True
7937749,TNNT3,gene_assignment,True
7937763,MRPL23,gene_assignment,True
7937772,IGF2,gene_assignment,True
7937774,IGF2AS,gene_assignment,True
7937782,TSPAN32,gene_assignment,True
7937798,,,False
7937800,,,False
7937802,CD81,gene_assignment,True
7937813,TSSC4,gene_assignment,True
7937823,KCNQ1,gene_assignment,True
7937847,KCNQ1DN,gene_assignment,True
7937852,SLC22A18,gene_assignment,True
7937866,,,False
7937868,C11ORF36,gene_assignment,True
7937876,,,False
7937878,TRPC2,gene_assignment,True
7937882,ART1,gene_assignment,True
7937890,,,False
7937892,PGAP2,gene_assignment,True
7937900,STIM1,gene_assignment,True
7937913,,,False
7937915,RRM1,gene_assignment,True
7937934,ENST00000334468,gene_assignment,True
7937936,,,False
7937938,OR52K2,gene_assignment,True
7937940,AF143328,gene_assignment,True
7937942,OR52K1,gene_assignment,True
7937944,OR52M1,gene_assignment,True
7937946,OR52I2,gene_assignment,True
7937948,OR52I1,gene_assignment,True
7937950,OR51D1,gene_assignment,True
7937952,OR51E1,gene_assignment,True
7937957,,,False
7937959,,,False
7937961,MMP26,gene_assignment,True
7937971,,,False
7937973,OR51F2,gene_assignment,True
7937975,,,False
7937977,,,False
7937979,OR51T1,gene_assignment,True
7937982,OR51A7,gene_assignment,True
7937984,OR51L1,gene_assignment,True
7937986,OR52J3,gene_assignment,True
7937988,,,False
7937990,,,False
7937993,,,False
7937996,OR51B6,gene_assignment,True
7938000,OR51M1,gene_assignment,True
7938002,ENST00000332043,gene_assignment,True
7938004,OR51Q1,gene_assignment,True
7938006,OR51I2,gene_assignment,True
7938008,OR52D1,gene_assignment,True
7938010,OR52B6,gene_assignment,True
7938012,TRIM6-TRIM34,gene_assignment,True
7938035,TRIM22,gene_assignment,True
7938047,,,False
7938049,OR56B1,gene_assignment,True
7938053,OR52N4,gene_assignment,True
7938055,,,False
7938057,AK308796,gene_assignment,True
7938059,OR52N2,gene_assignment,True
7938061,OR52E4,gene_assignment,True
7938063,ENST00000316698,gene_assignment,True
7938066,OR56A3,gene_assignment,True
7938070,,,False
7938072,OR56B4,gene_assignment,True
7938074,,,False
7938076,OR52W1,gene_assignment,True
7938078,C11ORF42,gene_assignment,True
7938082,CNGA4,gene_assignment,True
7938090,CCKBR,gene_assignment,True
7938100,SMPD1,gene_assignment,True
7938111,FXC1,gene_assignment,True
7938118,DNHD1,gene_assignment,True
7938128,DNHD1,gene_assignment,True
7938133,DNHD1,gene_assignment,True
7938139,DNHD1,gene_assignment,True
7938154,ILK,gene_assignment,True
7938170,OR2AG1,gene_assignment,True
7938172,OR10A5,gene_assignment,True
7938176,OR10A2,gene_assignment,True
7938179,OR10A4,gene_assignment,True
7938181,OR2D3,gene_assignment,True
7938183,ZNF215,gene_assignment,True
7938195,NLRP14,gene_assignment,True
7938208,RBMXL2,gene_assignment,True
7938213,SYT9,gene_assignment,True
7938225,OLFML1,gene_assignment,True
7938231,PPFIBP2,gene_assignment,True
7938258,,,False
7938261,OR5E1P,gene_assignment,True
7938263,EIF3F,gene_assignment,True
7938269,TUB,gene_assignment,True
7938286,RPL27A,gene_assignment,True
7938291,SNORA3,gene_assignment,True
7938293,SNORA45,gene_assignment,True
7938295,RPL27A,gene_assignment,True
7938301,C11ORF17,gene_assignment,True
7938309,FLJ46111,gene_assignment,True
7938313,IPO7,gene_assignment,True
7938329,SNORA23,gene_assignment,True
7938331,ZNF143,gene_assignment,True
7938348,WEE1,gene_assignment,True
7938364,BX641032,gene_assignment,True
7938366,BX641032,gene_assignment,True
7938368,,,False
7938370,SWAP70,gene_assignment,True
7938388,,,False
7938390,ADM,gene_assignment,True
7938396,AMPD3,gene_assignment,True
7938416,LOC100129827,gene_assignment,True
7938420,,,False
7938422,CTR9,gene_assignment,True
7938448,USP47,gene_assignment,True
7938481,DKK3,gene_assignment,True
7938485,MICAL2,gene_assignment,True
7938519,MICALCL,gene_assignment,True
7938528,PARVA,gene_assignment,True
7938544,TEAD1,gene_assignment,True
7938559,RASSF10,gene_assignment,True
7938563,ARNTL,gene_assignment,True
7938588,,,False
7938590,,,False
7938592,FAR1,gene_assignment,True
7938608,SPON1,gene_assignment,True
7938625,,,False
7938629,PDE3B,gene_assignment,True
7938646,CALCB,gene_assignment,True
7938652,INSC,gene_assignment,True
7938669,C11ORF58,gene_assignment,True
7938681,,,False
7938683,BC008657,gene_assignment,True
7938685,,,False
7938687,NUCB2,gene_assignment,True
7938702,DKFZP686O24166,gene_assignment,True
7938707,AK128214,gene_assignment,True
7938730,MYOD1,gene_assignment,True
7938738,KCNC1,gene_assignment,True
7938741,MRGPRX3,gene_assignment,True
7938746,MRGPRX4,gene_assignment,True
7938748,,,False
7938750,LOC494141,gene_assignment,True
7938756,AF512499,gene_assignment,True
7938758,SAA1,gene_assignment,True
7938762,GTF2H1,gene_assignment,True
7938777,LDHA,gene_assignment,True
7938788,LDHC,gene_assignment,True
7938800,LDHAL6A,gene_assignment,True
7938812,TMEM86A,gene_assignment,True
7938816,ZDHHC13,gene_assignment,True
7938834,NAV2,gene_assignment,True
7938878,,,False
7938880,HTATIP2,gene_assignment,True
7938890,PRMT3,gene_assignment,True
7938907,SLC6A5,gene_assignment,True
7938925,NELL1,gene_assignment,True
7938951,ANO5,gene_assignment,True
7938975,SLC17A6,gene_assignment,True
7938989,GAS2,gene_assignment,True
7939005,,,False
7939007,LUZP2,gene_assignment,True
7939024,ANO3,gene_assignment,True
7939052,FIBIN,gene_assignment,True
7939056,BBOX1,gene_assignment,True
7939068,RPS25,gene_assignment,True
7939070,,,False
7939072,METT5D1,gene_assignment,True
7939080,FSHB,gene_assignment,True
7939087,BC047775,gene_assignment,True
7939093,DNAJC24,gene_assignment,True
7939102,ELP4,gene_assignment,True
7939118,,,False
7939120,RCN1,gene_assignment,True
7939131,WT1-AS,gene_assignment,True
7939137,EIF3M,gene_assignment,True
7939150,PRRG4,gene_assignment,True
7939158,QSER1,gene_assignment,True
7939173,DEPDC7,gene_assignment,True
7939184,TCP11L1,gene_assignment,True
7939197,HIPK3,gene_assignment,True
7939215,C11ORF41,gene_assignment,True
7939237,C11ORF41,gene_assignment,True
7939240,,,False
7939242,CAPRIN1,gene_assignment,True
7939265,NAT10,gene_assignment,True
7939296,,,False
7939298,CAT,gene_assignment,True
7939314,EHF,gene_assignment,True
7939329,PDHX,gene_assignment,True
7939341,CD44,gene_assignment,True
7939365,FJX1,gene_assignment,True
7939368,TRIM44,gene_assignment,True
7939374,,,False
7939376,LDLRAD3,gene_assignment,True
7939383,PRR5L,gene_assignment,True
7939398,RAG1,gene_assignment,True
7939411,AK290833,gene_assignment,True
7939418,,,False
7939422,,,False
7939424,API5,gene_assignment,True
7939434,TTC17,gene_assignment,True
7939463,MIR129-2,gene_assignment,True
7939465,HSD17B12,gene_assignment,True
7939477,ALKBH3,gene_assignment,True
7939492,C11ORF96,gene_assignment,True
7939494,ACCSL,gene_assignment,True
7939507,ACCS,gene_assignment,True
7939524,EXT2,gene_assignment,True
7939546,CD82,gene_assignment,True
7939559,TSPAN18,gene_assignment,True
7939569,PRDM11,gene_assignment,True
7939581,AK123417,gene_assignment,True
7939587,BX640618,gene_assignment,True
7939590,SLC35C1,gene_assignment,True
7939595,CRY2,gene_assignment,True
7939613,MAPK8IP1,gene_assignment,True
7939620,GYLTL1B,gene_assignment,True
7939642,CREB3L1,gene_assignment,True
7939657,DGKZ,gene_assignment,True
7939665,MDK,gene_assignment,True
7939676,ATG13,gene_assignment,True
7939699,ZNF408,gene_assignment,True
7939706,F2,gene_assignment,True
7939723,C11ORF49,gene_assignment,True
7939738,DDB2,gene_assignment,True
7939751,NR1H3,gene_assignment,True
7939767,MADD,gene_assignment,True
7939805,SLC39A13,gene_assignment,True
7939818,PTPMT1,gene_assignment,True
7939825,NDUFS3,gene_assignment,True
7939835,FAM180B,gene_assignment,True
7939839,PTPRJ,gene_assignment,True
7939865,OR4B1,gene_assignment,True
7939867,OR4X2,gene_assignment,True
7939869,OR4X1,gene_assignment,True
7939871,OR4S1,gene_assignment,True
7939873,OR4C3,gene_assignment,True
7939875,,,False
7939877,OR4A47,gene_assignment,True
7939879,SPRYD5,gene_assignment,True
7939884,TRIM49,gene_assignment,True
7939893,UBTFL1,gene_assignment,True
7939897,FOLH1,gene_assignment,True
7939900,OR4C13,gene_assignment,True
7939902,LOC646813,gene_assignment,True
7939910,OR4C46,gene_assignment,True
7939912,TRIM48,gene_assignment,True
7939916,OR4A16,gene_assignment,True
7939918,OR4A15,gene_assignment,True
7939920,ENST00000314689,gene_assignment,True
7939922,,,False
7939924,OR4C15,gene_assignment,True
7939926,OR4C16,gene_assignment,True
7939928,OR4P4,gene_assignment,True
7939930,OR4S2,gene_assignment,True
7939932,OR4C6,gene_assignment,True
7939934,,,False
7939936,ENST00000333984,gene_assignment,True
7939938,,,False
7939940,OR5D13,gene_assignment,True
7939942,OR5D14,gene_assignment,True
7939944,OR5L1,gene_assignment,True
7939946,OR5D18,gene_assignment,True
7939948,OR5L2,gene_assignment,True
7939950,OR5D16,gene_assignment,True
7939952,,,False
7939954,SPRYD5,gene_assignment,True
7939959,OR5AS1,gene_assignment,True
7939961,,,False
7939963,,,False
7939965,OR8I2,gene_assignment,True
7939967,OR8H2,gene_assignment,True
7939969,OR8H3,gene_assignment,True
7939971,OR5J2,gene_assignment,True
7939973,OR5T3,gene_assignment,True
7939975,OR5T1,gene_assignment,True
7939977,OR8K3,gene_assignment,True
7939979,OR8K1,gene_assignment,True
7939981,OR8J1,gene_assignment,True
7939983,OR8U1,gene_assignment,True
7939986,,,False
7939988,OR5M3,gene_assignment,True
7939990,,,False
7939992,OR5AR1,gene_assignment,True
7939994,OR9G1,gene_assignment,True
7939996,,,False
7939998,ENST00000326876,gene_assignment,True
7940000,OR5AK2,gene_assignment,True
7940002,LRRC55,gene_assignment,True
7940005,P2RX3,gene_assignment,True
7940020,,,False
7940022,RTN4RL2,gene_assignment,True
7940026,,,False
7940028,SERPING1,gene_assignment,True
7940044,MIR130A,gene_assignment,True
7940046,CLP1,gene_assignment,True
7940051,ZDHHC5,gene_assignment,True
7940066,TMX2,gene_assignment,True
7940070,C11ORF31,gene_assignment,True
7940079,CTNND1,gene_assignment,True
7940103,OR9Q1,gene_assignment,True
7940108,OR6Q1,gene_assignment,True
7940110,,,False
7940112,OR9Q2,gene_assignment,True
7940114,OR1S1,gene_assignment,True
7940116,AK128188,gene_assignment,True
7940118,ZFP91-CNTF,gene_assignment,True
7940135,GLYATL1,gene_assignment,True
7940147,FAM111B,gene_assignment,True
7940153,FAM111A,gene_assignment,True
7940160,DTX4,gene_assignment,True
7940171,OR5AN1,gene_assignment,True
7940173,OR5A1,gene_assignment,True
7940175,OR4D6,gene_assignment,True
7940177,OR4D10,gene_assignment,True
7940182,OR4D10,gene_assignment,True
7940187,OR4D11,gene_assignment,True
7940189,OR4D9,gene_assignment,True
7940191,STX3,gene_assignment,True
7940210,PLAC1L,gene_assignment,True
7940216,MS4A3,gene_assignment,True
7940226,MS4A2,gene_assignment,True
7940237,MS4A4A,gene_assignment,True
7940253,MS4A6E,gene_assignment,True
7940259,MS4A7,gene_assignment,True
7940279,MS4A5,gene_assignment,True
7940287,MS4A1,gene_assignment,True
7940299,MS4A12,gene_assignment,True
7940307,MS4A13,gene_assignment,True
7940315,C11ORF64,gene_assignment,True
7940323,MS4A8B,gene_assignment,True
7940333,MS4A15,gene_assignment,True
7940341,MS4A10,gene_assignment,True
7940349,CCDC86,gene_assignment,True
7940358,ZP1,gene_assignment,True
7940372,TMEM109,gene_assignment,True
7940377,TMEM132A,gene_assignment,True
7940391,CD6,gene_assignment,True
7940409,CD5,gene_assignment,True
7940421,PGA3,gene_assignment,True
7940431,PGA4,gene_assignment,True
7940441,PGA5,gene_assignment,True
7940451,DAK,gene_assignment,True
7940473,TMEM138,gene_assignment,True
7940479,TMEM216,gene_assignment,True
7940486,SDHAF2,gene_assignment,True
7940493,C11ORF66,gene_assignment,True
7940508,DAGLA,gene_assignment,True
7940530,C11ORF9,gene_assignment,True
7940561,FEN1,gene_assignment,True
7940565,FADS2,gene_assignment,True
7940580,,,False
7940582,BEST1,gene_assignment,True
7940598,AK093779,gene_assignment,True
7940600,INCENP,gene_assignment,True
7940622,SCGB1D1,gene_assignment,True
7940626,SCGB2A1,gene_assignment,True
7940630,SCGB1D2,gene_assignment,True
7940636,SCGB2A2,gene_assignment,True
7940643,ASRGL1,gene_assignment,True
7940654,SCGB1A1,gene_assignment,True
7940662,ROM1,gene_assignment,True
7940667,SNORA57,gene_assignment,True
7940669,C11ORF83,gene_assignment,True
7940673,GNG3,gene_assignment,True
7940679,TTC9C,gene_assignment,True
7940688,POLR2G,gene_assignment,True
7940698,TAF6L,gene_assignment,True
7940711,TMEM179B,gene_assignment,True
7940717,SLC3A2,gene_assignment,True
7940737,SLC22A10,gene_assignment,True
7940749,SLC22A9,gene_assignment,True
7940762,LGALS12,gene_assignment,True
7940775,RARRES3,gene_assignment,True
7940781,RTN3,gene_assignment,True
7940790,BC056402,gene_assignment,True
7940798,MARK2,gene_assignment,True
7940824,NAA40,gene_assignment,True
7940835,COX8A,gene_assignment,True
7940840,OTUB1,gene_assignment,True
7940851,FLRT1,gene_assignment,True
7940857,STIP1,gene_assignment,True
7940869,FERMT3,gene_assignment,True
7940884,NUDT22,gene_assignment,True
7940891,DNAJC4,gene_assignment,True
7940904,VEGFB,gene_assignment,True
7940914,FKBP2,gene_assignment,True
7940924,PLCB3,gene_assignment,True
7940959,GPR137,gene_assignment,True
7940971,KCNK4,gene_assignment,True
7940987,,,False
7940989,ESRRA,gene_assignment,True
7940996,PRDX5,gene_assignment,True
7941004,CCDC88B,gene_assignment,True
7941039,RPS6KA4,gene_assignment,True
7941059,AK094364,gene_assignment,True
7941062,SLC22A11,gene_assignment,True
7941074,SLC22A12,gene_assignment,True
7941087,PPP2R5B,gene_assignment,True
7941104,ARL2,gene_assignment,True
7941111,SNX15,gene_assignment,True
7941122,SAC3D1,gene_assignment,True
7941127,ZFPL1,gene_assignment,True
7941136,C11ORF2,gene_assignment,True
7941148,TM7SF2,gene_assignment,True
7941164,MRPL49,gene_assignment,True
7941170,,,False
7941172,SPDYC,gene_assignment,True
7941179,CAPN1,gene_assignment,True
7941203,SLC22A20,gene_assignment,True
7941214,POLA2,gene_assignment,True
7941236,CDC42EP2,gene_assignment,True
7941243,DPF2,gene_assignment,True
7941255,TIGD3,gene_assignment,True
7941260,FRMD8,gene_assignment,True
7941269,ENST00000309775,gene_assignment,True
7941272,MALAT1,gene_assignment,True
7941274,SCYL1,gene_assignment,True
7941296,SSSCA1,gene_assignment,True
7941302,FAM89B,gene_assignment,True
7941311,SIPA1,gene_assignment,True
7941350,PCNXL3,gene_assignment,True
7941364,PCNXL3,gene_assignment,True
7941380,,,False
7941382,KAT5,gene_assignment,True
7941401,OVOL1,gene_assignment,True
7941408,SNX32,gene_assignment,True
7941425,MUS81,gene_assignment,True
7941444,CTSW,gene_assignment,True
7941457,CCDC85B,gene_assignment,True
7941460,DRAP1,gene_assignment,True
7941469,TSGA10IP,gene_assignment,True
7941478,SART1,gene_assignment,True
7941501,BANF1,gene_assignment,True
7941505,CST6,gene_assignment,True
7941511,SF3B2,gene_assignment,True
7941537,PACS1,gene_assignment,True
7941563,,,False
7941565,KLC2,gene_assignment,True
7941583,RAB1B,gene_assignment,True
7941587,CNIH2,gene_assignment,True
7941594,TMEM151A,gene_assignment,True
7941597,,,False
7941599,NPAS4,gene_assignment,True
7941608,,,False
7941610,PELI3,gene_assignment,True
7941621,DPP3,gene_assignment,True
7941639,BBS1,gene_assignment,True
7941662,ACTN3,gene_assignment,True
7941685,CCS,gene_assignment,True
7941694,RBM14,gene_assignment,True
7941702,RBM14,gene_assignment,True
7941707,RBM14,gene_assignment,True
7941709,RBM4,gene_assignment,True
7941714,C11ORF80,gene_assignment,True
7941732,RCE1,gene_assignment,True
7941743,LRFN4,gene_assignment,True
7941746,AK026328,gene_assignment,True
7941749,SYT12,gene_assignment,True
7941761,RHOD,gene_assignment,True
7941769,KDM2A,gene_assignment,True
7941797,ADRBK1,gene_assignment,True
7941822,ANKRD13D,gene_assignment,True
7941843,SSH3,gene_assignment,True
7941863,,,False
7941865,RAD9A,gene_assignment,True
7941879,TBC1D10C,gene_assignment,True
7941890,CARNS1,gene_assignment,True
7941900,RPS6KB2,gene_assignment,True
7941917,CABP4,gene_assignment,True
7941927,AIP,gene_assignment,True
7941936,GSTP1,gene_assignment,True
7941946,NDUFV1,gene_assignment,True
7941961,ALDH3B1,gene_assignment,True
7941976,NDUFS8,gene_assignment,True
7941985,TCIRG1,gene_assignment,True
7942007,LRP5,gene_assignment,True
7942032,PPP6R3,gene_assignment,True
7942064,GAL,gene_assignment,True
7942071,,,False
7942073,IGHMBP2,gene_assignment,True
7942091,TPCN2,gene_assignment,True
7942118,MYEOV,gene_assignment,True
7942123,CCND1,gene_assignment,True
7942135,ANO1,gene_assignment,True
7942168,FADD,gene_assignment,True
7942174,PPFIA1,gene_assignment,True
7942204,CTTN,gene_assignment,True
7942228,BC004224,gene_assignment,True
7942232,NADSYN1,gene_assignment,True
7942255,KRTAP5-7,gene_assignment,True
7942261,KRTAP5-9,gene_assignment,True
7942267,KRTAP5-10,gene_assignment,True
7942274,ENST00000329336,gene_assignment,True
7942277,ENST00000454336,gene_assignment,True
7942279,FAM86C,gene_assignment,True
7942284,DEFB108B,gene_assignment,True
7942287,,,False
7942289,RNF121,gene_assignment,True
7942300,IL18BP,gene_assignment,True
7942315,LRTOMT,gene_assignment,True
7942326,,,False
7942328,FOLR3,gene_assignment,True
7942332,FOLR1,gene_assignment,True
7942342,INPPL1,gene_assignment,True
7942372,FOLR2,gene_assignment,True
7942379,,,False
7942381,ATG16L2,gene_assignment,True
7942400,P2RY2,gene_assignment,True
7942409,P2RY6,gene_assignment,True
7942417,ARHGEF17,gene_assignment,True
7942439,RELT,gene_assignment,True
7942453,PLEKHB1,gene_assignment,True
7942465,MRPL48,gene_assignment,True
7942476,PAAF1,gene_assignment,True
7942489,DNAJB13,gene_assignment,True
7942503,PPME1,gene_assignment,True
7942520,,,False
7942527,POLD3,gene_assignment,True
7942542,,,False
7942544,RNF169,gene_assignment,True
7942551,,,False
7942553,SPCS2,gene_assignment,True
7942562,NEU3,gene_assignment,True
7942569,SLCO2B1,gene_assignment,True
7942586,RPS3,gene_assignment,True
7942592,SNORD15A,gene_assignment,True
7942594,SNORD15B,gene_assignment,True
7942596,SERPINH1,gene_assignment,True
7942603,MOGAT2,gene_assignment,True
7942611,,,False
7942613,DGAT2,gene_assignment,True
7942626,UVRAG,gene_assignment,True
7942645,,,False
7942647,ENST00000321844,gene_assignment,True
7942650,C11ORF30,gene_assignment,True
7942674,TSKU,gene_assignment,True
7942679,ACER3,gene_assignment,True
7942693,B3GNT6,gene_assignment,True
7942697,CAPN5,gene_assignment,True
7942715,OMP,gene_assignment,True
7942717,MYO7A,gene_assignment,True
7942769,PAK1,gene_assignment,True
7942771,AK096213,gene_assignment,True
7942774,AQP11,gene_assignment,True
7942779,,,False
7942781,,,False
7942783,BC002752,gene_assignment,True
7942791,RN28S1,gene_assignment,True
7942793,THRSP,gene_assignment,True
7942796,KCTD21,gene_assignment,True
7942798,USP35,gene_assignment,True
7942809,,,False
7942812,,,False
7942824,RPS28,gene_assignment,True
7942830,AF438406,gene_assignment,True
7942832,C11ORF82,gene_assignment,True
7942839,PCF11,gene_assignment,True
7942858,ANKRD42,gene_assignment,True
7942875,ENST00000393389,gene_assignment,True
7942877,,,False
7942879,TMEM126B,gene_assignment,True
7942889,TMEM126A,gene_assignment,True
7942896,CCDC83,gene_assignment,True
7942910,,,False
7942912,,,False
7942914,EED,gene_assignment,True
7942932,C11ORF73,gene_assignment,True
7942941,CCDC81,gene_assignment,True
7942957,PRSS23,gene_assignment,True
7942964,TMEM135,gene_assignment,True
7942983,,,False
7942989,,,False
7942991,TYR,gene_assignment,True
7942998,FOLH1B,gene_assignment,True
7943019,SPRYD5,gene_assignment,True
7943025,TRIM49L1,gene_assignment,True
7943031,TRIM64,gene_assignment,True
7943036,TRIM49,gene_assignment,True
7943047,UBTFL1,gene_assignment,True
7943049,,,False
7943051,NAALAD2,gene_assignment,True
7943075,FAT3,gene_assignment,True
7943098,MTNR1B,gene_assignment,True
7943103,CCDC67,gene_assignment,True
7943126,KIAA1731,gene_assignment,True
7943156,,,False
7943158,SCARNA9,gene_assignment,True
7943160,SCARNA9,gene_assignment,True
7943162,C11ORF54,gene_assignment,True
7943176,MED17,gene_assignment,True
7943191,,,False
7943193,,,False
7943195,,,False
7943197,HEPHL1,gene_assignment,True
7943218,PANX1,gene_assignment,True
7943226,FOLR4,gene_assignment,True
7943231,ANKRD49,gene_assignment,True
7943236,FUT4,gene_assignment,True
7943240,PIWIL4,gene_assignment,True
7943263,AMOTL1,gene_assignment,True
7943282,KDM4D,gene_assignment,True
7943288,SRSF8,gene_assignment,True
7943293,ENDOD1,gene_assignment,True
7943297,CEP57,gene_assignment,True
7943314,JRKL,gene_assignment,True
7943317,,,False
7943319,CNTN5,gene_assignment,True
7943345,,,False
7943347,,,False
7943349,ARHGAP42,gene_assignment,True
7943367,,,False
7943369,TMEM133,gene_assignment,True
7943373,,,False
7943376,KIAA1377,gene_assignment,True
7943387,C11ORF70,gene_assignment,True
7943398,YAP1,gene_assignment,True
7943411,,,False
7943413,BIRC3,gene_assignment,True
7943424,BIRC2,gene_assignment,True
7943442,DYNC2H1,gene_assignment,True
7943498,DYNC2H1,gene_assignment,True
7943521,DDI1,gene_assignment,True
7943530,GRIA4,gene_assignment,True
7943550,,,False
7943552,AASDHPPT,gene_assignment,True
7943562,ELMOD1,gene_assignment,True
7943573,AK058066,gene_assignment,True
7943577,RAB39,gene_assignment,True
7943580,CUL5,gene_assignment,True
7943605,ACAT1,gene_assignment,True
7943620,ATM,gene_assignment,True
7943690,DDX10,gene_assignment,True
7943707,AY662656,gene_assignment,True
7943709,,,False
7943711,C11ORF87,gene_assignment,True
7943715,ZC3H12C,gene_assignment,True
7943721,FDX1,gene_assignment,True
7943729,BC039669,gene_assignment,True
7943736,MIR34B,gene_assignment,True
7943738,MIR34C,gene_assignment,True
7943740,C11ORF88,gene_assignment,True
7943749,LAYN,gene_assignment,True
7943760,SIK2,gene_assignment,True
7943777,,,False
7943779,C11ORF1,gene_assignment,True
7943787,HSPB2,gene_assignment,True
7943795,C11ORF52,gene_assignment,True
7943803,DIXDC1,gene_assignment,True
7943827,DLAT,gene_assignment,True
7943842,C11ORF57,gene_assignment,True
7943853,SDHD,gene_assignment,True
7943859,TEX12,gene_assignment,True
7943867,BCO2,gene_assignment,True
7943882,PTS,gene_assignment,True
7943890,BC020894,gene_assignment,True
7943892,NCAM1,gene_assignment,True
7943917,,,False
7943919,TTC12,gene_assignment,True
7943943,ANKK1,gene_assignment,True
7943956,,,False
7943958,HTR3B,gene_assignment,True
7943969,HTR3A,gene_assignment,True
7943984,ZBTB16,gene_assignment,True
7943998,NNMT,gene_assignment,True
7944006,RBM7,gene_assignment,True
7944011,REXO2,gene_assignment,True
7944021,,,False
7944023,FAM55B,gene_assignment,True
7944033,,,False
7944035,APOC3,gene_assignment,True
7944042,PAFAH1B2,gene_assignment,True
7944049,SIDT2,gene_assignment,True
7944082,TAGLN,gene_assignment,True
7944096,RNF214,gene_assignment,True
7944113,CEP164,gene_assignment,True
7944147,FXYD2,gene_assignment,True
7944152,IL10RA,gene_assignment,True
7944162,,,False
7944164,TMPRSS4,gene_assignment,True
7944179,CD3E,gene_assignment,True
7944185,CD3G,gene_assignment,True
7944195,UBE4A,gene_assignment,True
7944216,ATP5L,gene_assignment,True
7944223,MLL,gene_assignment,True
7944262,BC090876,gene_assignment,True
7944271,TTC36,gene_assignment,True
7944275,TMEM25,gene_assignment,True
7944285,ARCN1,gene_assignment,True
7944300,,,False
7944302,PHLDB1,gene_assignment,True
7944331,,,False
7944333,,,False
7944335,CXCR5,gene_assignment,True
7944339,,,False
7944341,UPK2,gene_assignment,True
7944351,FOXR1,gene_assignment,True
7944359,,,False
7944361,,,False
7944365,CCDC84,gene_assignment,True
7944375,TRAPPC4,gene_assignment,True
7944382,VPS11,gene_assignment,True
7944401,HMBS,gene_assignment,True
7944418,C2CD2L,gene_assignment,True
7944435,HINFP,gene_assignment,True
7944447,ABCG4,gene_assignment,True
7944463,NLRX1,gene_assignment,True
7944478,PDZD3,gene_assignment,True
7944493,CBL,gene_assignment,True
7944510,RNF26,gene_assignment,True
7944516,,,False
7944525,,,False
7944527,ENST00000319763,gene_assignment,True
7944530,OAF,gene_assignment,True
7944537,POU2F3,gene_assignment,True
7944554,TMEM136,gene_assignment,True
7944560,ARHGEF12,gene_assignment,True
7944601,,,False
7944603,GRIK4,gene_assignment,True
7944623,TBCEL,gene_assignment,True
7944632,TECTA,gene_assignment,True
7944656,SC5DL,gene_assignment,True
7944667,SORL1,gene_assignment,True
7944722,UBASH3B,gene_assignment,True
7944739,CRTAM,gene_assignment,True
7944751,C11ORF63,gene_assignment,True
7944763,,,False
7944767,,,False
7944769,GRAMD1B,gene_assignment,True
7944791,,,False
7944793,OR8D4,gene_assignment,True
7944795,OR4D5,gene_assignment,True
7944797,OR10G4,gene_assignment,True
7944799,OR10G9,gene_assignment,True
7944801,OR10G8,gene_assignment,True
7944803,VWA5A,gene_assignment,True
7944825,X64981,gene_assignment,True
7944827,ENST00000318666,gene_assignment,True
7944829,,,False
7944832,,,False
7944834,OR8G2,gene_assignment,True
7944838,OR8G5,gene_assignment,True
7944843,OR8A1,gene_assignment,True
7944845,PANX3,gene_assignment,True
7944850,TBRG1,gene_assignment,True
7944867,SIAE,gene_assignment,True
7944869,SPA17,gene_assignment,True
7944876,NRGN,gene_assignment,True
7944882,ROBO3,gene_assignment,True
7944911,HEPN1,gene_assignment,True
7944913,CCDC15,gene_assignment,True
7944931,SLC37A2,gene_assignment,True
7944952,,,False
7944955,PKNOX2,gene_assignment,True
7944970,,,False
7944972,,,False
7944978,EI24,gene_assignment,True
7944989,,,False
7944991,STT3A,gene_assignment,True
7945014,CHEK1,gene_assignment,True
7945033,PATE1,gene_assignment,True
7945040,HYLS1,gene_assignment,True
7945045,DDX25,gene_assignment,True
7945058,FAM118B,gene_assignment,True
7945071,FOXRED1,gene_assignment,True
7945084,,,False
7945086,TIRAP,gene_assignment,True
7945101,DCPS,gene_assignment,True
7945110,ST3GAL4,gene_assignment,True
7945125,BC113593,gene_assignment,True
7945130,,,False
7945132,FLI1,gene_assignment,True
7945146,KCNJ5,gene_assignment,True
7945156,,,False
7945158,,,False
7945162,BARX2,gene_assignment,True
7945169,TMEM45B,gene_assignment,True
7945177,NCRNA00167,gene_assignment,True
7945182,APLP2,gene_assignment,True
7945204,ST14,gene_assignment,True
7945226,,,False
7945228,ENST00000318117,gene_assignment,True
7945232,ADAMTS15,gene_assignment,True
7945241,AK096377,gene_assignment,True
7945245,NTM,gene_assignment,True
7945262,JAM3,gene_assignment,True
7945275,VPS26B,gene_assignment,True
7945283,ACAD8,gene_assignment,True
7945296,GLB1L3,gene_assignment,True
7945321,GLB1L2,gene_assignment,True
7945342,ENST00000388975,gene_assignment,True
7945344,FLJ45340,gene_assignment,True
7945347,,,False
7945349,BET1L,gene_assignment,True
7945357,SIRT3,gene_assignment,True
7945368,IFITM5,gene_assignment,True
7945371,IFITM3,gene_assignment,True
7945377,SIGIRR,gene_assignment,True
7945394,ANO9,gene_assignment,True
7945418,,,False
7945420,RNH1,gene_assignment,True
7945436,HRAS,gene_assignment,True
7945445,C11ORF35,gene_assignment,True
7945460,MIR210,gene_assignment,True
7945462,IRF7,gene_assignment,True
7945475,CDHR5,gene_assignment,True
7945498,SCT,gene_assignment,True
7945503,DEAF1,gene_assignment,True
7945521,PDDC1,gene_assignment,True
7945536,CEND1,gene_assignment,True
7945539,SLC25A22,gene_assignment,True
7945550,LRDD,gene_assignment,True
7945573,POLR2L,gene_assignment,True
7945579,CHID1,gene_assignment,True
7945595,MUC6,gene_assignment,True
7945620,TOLLIP,gene_assignment,True
7945631,MOB2,gene_assignment,True
7945641,DUSP8,gene_assignment,True
7945645,KRTAP5-1,gene_assignment,True
7945648,KRTAP5-2,gene_assignment,True
7945652,KRTAP5-3,gene_assignment,True
7945657,KRTAP5-4,gene_assignment,True
7945660,FAM99A,gene_assignment,True
7945663,LOC402778,gene_assignment,True
7945666,CTSD,gene_assignment,True
7945678,ENST00000391480,gene_assignment,True
7945680,H19,gene_assignment,True
7945688,INS-IGF2,gene_assignment,True
7945712,TH,gene_assignment,True
7945730,ASCL2,gene_assignment,True
7945734,AB029488,gene_assignment,True
7945740,RPL26L1,gene_assignment,True
7945742,TRPM5,gene_assignment,True
7945767,CDKN1C,gene_assignment,True
7945774,SLC22A18AS,gene_assignment,True
7945781,PHLDA2,gene_assignment,True
7945786,NAP1L4,gene_assignment,True
7945801,SNORA54,gene_assignment,True
7945803,CARS,gene_assignment,True
7945829,,,False
7945831,OSBPL5,gene_assignment,True
7945857,MRGPRG,gene_assignment,True
7945859,MRGPRE,gene_assignment,True
7945864,ZNF195,gene_assignment,True
7945873,MGC72080,gene_assignment,True
7945875,FAM86B1,gene_assignment,True
7945882,ART5,gene_assignment,True
7945892,,,False
7945894,,,False
7945896,CHRNA10,gene_assignment,True
7945902,NUP98,gene_assignment,True
7945944,RHOG,gene_assignment,True
7945950,LOC100293160,gene_assignment,True
7945952,,,False
7945954,ENST00000334468,gene_assignment,True
7945956,ENST00000334468,gene_assignment,True
7945958,OR52B4,gene_assignment,True
7945962,TRIM21,gene_assignment,True
7945972,,,False
7945974,ENST00000307616,gene_assignment,True
7945979,TRIM68,gene_assignment,True
7945989,,,False
7945991,OR51E2,gene_assignment,True
7945997,,,False
7945999,OR51F1,gene_assignment,True
7946001,OR52R1,gene_assignment,True
7946004,OR51S1,gene_assignment,True
7946006,ENST00000322059,gene_assignment,True
7946008,,,False
7946011,OR51G2,gene_assignment,True
7946013,OR51G1,gene_assignment,True
7946015,OR51A4,gene_assignment,True
7946017,OR51A2,gene_assignment,True
7946019,OR52E2,gene_assignment,True
7946021,OR52A4,gene_assignment,True
7946023,OR52A5,gene_assignment,True
7946025,OR52A1,gene_assignment,True
7946027,,,False
7946029,,,False
7946031,OR51V1,gene_assignment,True
7946033,HBB,gene_assignment,True
7946041,HBD,gene_assignment,True
7946048,HBG1,gene_assignment,True
7946054,HBG1,gene_assignment,True
7946061,HBE1,gene_assignment,True
7946067,OR51B4,gene_assignment,True
7946069,OR51B2,gene_assignment,True
7946071,OR51B5,gene_assignment,True
7946073,OR51I1,gene_assignment,True
7946078,UBQLN3,gene_assignment,True
7946082,UBQLNL,gene_assignment,True
7946087,OR52H1,gene_assignment,True
7946089,TRIM5,gene_assignment,True
7946105,OR52N5,gene_assignment,True
7946107,OR52N1,gene_assignment,True
7946109,OR52E6,gene_assignment,True
7946111,OR52E8,gene_assignment,True
7946113,OR56A5,gene_assignment,True
7946115,OR52L1,gene_assignment,True
7946117,OR56A4,gene_assignment,True
7946119,OR56A1,gene_assignment,True
7946121,ENST00000316540,gene_assignment,True
7946123,,,False
7946125,OR52B2,gene_assignment,True
7946128,FAM160A2,gene_assignment,True
7946142,PRKCDBP,gene_assignment,True
7946149,APBB1,gene_assignment,True
7946167,HPX,gene_assignment,True
7946180,TRIM3,gene_assignment,True
7946201,ARFIP2,gene_assignment,True
7946211,RRP8,gene_assignment,True
7946221,TAF10,gene_assignment,True
7946228,TPP1,gene_assignment,True
7946245,DCHS1,gene_assignment,True
7946267,MRPL17,gene_assignment,True
7946275,GVINP1,gene_assignment,True
7946278,OR2AG2,gene_assignment,True
7946280,OR6A2,gene_assignment,True
7946286,OR2D2,gene_assignment,True
7946288,ZNF214,gene_assignment,True
7946292,CYB5R2,gene_assignment,True
7946306,OVCH2,gene_assignment,True
7946321,,,False
7946323,OR5P2,gene_assignment,True
7946326,OR5P3,gene_assignment,True
7946330,OR10A6,gene_assignment,True
7946332,OR10A3,gene_assignment,True
7946334,NLRP10,gene_assignment,True
7946340,RIC3,gene_assignment,True
7946354,LMO1,gene_assignment,True
7946365,STK33,gene_assignment,True
7946380,TRIM66,gene_assignment,True
7946401,ST5,gene_assignment,True
7946426,,,False
7946428,C11ORF16,gene_assignment,True
7946436,ASCL3,gene_assignment,True
7946439,TMEM9B,gene_assignment,True
7946446,NRIP3,gene_assignment,True
7946454,SCUBE2,gene_assignment,True
7946478,DENND5A,gene_assignment,True
7946504,TMEM41B,gene_assignment,True
7946516,SBF2,gene_assignment,True
7946559,GNG10,gene_assignment,True
7946561,,,False
7946563,,,False
7946565,,,False
7946567,,,False
7946569,RNF141,gene_assignment,True
7946579,LYVE1,gene_assignment,True
7946589,MRVI1,gene_assignment,True
7946610,EIF4G2,gene_assignment,True
7946635,ZBED5,gene_assignment,True
7946641,GALNTL4,gene_assignment,True
7946655,CSNK2A1P,gene_assignment,True
7946659,,,False
7946661,DKK3,gene_assignment,True
7946676,,,False
7946680,BTBD10,gene_assignment,True
7946687,PTH,gene_assignment,True
7946693,,,False
7946695,,,False
7946697,RRAS2,gene_assignment,True
7946703,COPB1,gene_assignment,True
7946728,PSMA1,gene_assignment,True
7946742,CYP2R1,gene_assignment,True
7946749,CALCA,gene_assignment,True
7946757,SOX6,gene_assignment,True
7946781,PLEKHA7,gene_assignment,True
7946807,RPL36A,gene_assignment,True
7946812,RPS13,gene_assignment,True
7946815,PIK3C2A,gene_assignment,True
7946849,,,False
7946853,KCNJ11,gene_assignment,True
7946860,ABCC8,gene_assignment,True
7946903,USH1C,gene_assignment,True
7946933,SERGEF,gene_assignment,True
7946946,TPH1,gene_assignment,True
7946957,SAAL1,gene_assignment,True
7946972,SAA3P,gene_assignment,True
7946977,SAA4,gene_assignment,True
7946983,SAA2,gene_assignment,True
7946986,SAA1,gene_assignment,True
7946988,HPS5,gene_assignment,True
7947015,TSG101,gene_assignment,True
7947027,UEVLD,gene_assignment,True
7947040,SPTY2D1,gene_assignment,True
7947052,IGSF22,gene_assignment,True
7947076,PTPN5,gene_assignment,True
7947093,MRGPRX1,gene_assignment,True
7947096,MRGPRX2,gene_assignment,True
7947099,CSRP3,gene_assignment,True
7947110,E2F8,gene_assignment,True
7947127,,,False
7947129,DBX1,gene_assignment,True
7947138,FANCF,gene_assignment,True
7947147,SVIP,gene_assignment,True
7947152,BC058160,gene_assignment,True
7947156,MUC15,gene_assignment,True
7947165,SLC5A12,gene_assignment,True
7947184,,,False
7947189,CCDC34,gene_assignment,True
7947199,LGR4,gene_assignment,True
7947221,LIN7C,gene_assignment,True
7947228,,,False
7947230,BDNF,gene_assignment,True
7947245,M30627,gene_assignment,True
7947248,KIF18A,gene_assignment,True
7947266,,,False
7947270,KCNA4,gene_assignment,True
7947274,MPPED2,gene_assignment,True
7947282,DCDC5,gene_assignment,True
7947322,DCDC1,gene_assignment,True
7947332,IMMP1L,gene_assignment,True
7947338,PAX6,gene_assignment,True
7947358,LOC100190939,gene_assignment,True
7947363,WT1,gene_assignment,True
7947375,CCDC73,gene_assignment,True
7947394,,,False
7947396,CSTF3,gene_assignment,True
7947421,,,False
7947423,,,False
7947425,CD59,gene_assignment,True
7947434,FBXO3,gene_assignment,True
7947450,LMO2,gene_assignment,True
7947462,ABTB2,gene_assignment,True
7947481,ELF5,gene_assignment,True
7947490,APIP,gene_assignment,True
7947496,SLC1A2,gene_assignment,True
7947512,PAMR1,gene_assignment,True
7947526,,,False
7947528,COMMD9,gene_assignment,True
7947531,COMMD9,gene_assignment,True
7947540,TRAF6,gene_assignment,True
7947548,RAG2,gene_assignment,True
7947553,LRRC4C,gene_assignment,True
7947563,ALX4,gene_assignment,True
7947570,TP53I11,gene_assignment,True
7947590,SYT13,gene_assignment,True
7947599,CHST1,gene_assignment,True
7947609,PEX16,gene_assignment,True
7947624,PHF21A,gene_assignment,True
7947649,CHRM4,gene_assignment,True
7947652,AMBRA1,gene_assignment,True
7947674,,,False
7947676,HARBI1,gene_assignment,True
7947681,ARHGAP1,gene_assignment,True
7947694,CKAP5,gene_assignment,True
7947744,LRP4,gene_assignment,True
7947784,ARFGAP2,gene_assignment,True
7947801,PACSIN3,gene_assignment,True
7947815,ACP2,gene_assignment,True
7947828,MYBPC3,gene_assignment,True
7947861,SPI1,gene_assignment,True
7947867,PSMC3,gene_assignment,True
7947881,RAPSN,gene_assignment,True
7947894,CELF1,gene_assignment,True
7947915,,,False
7947917,KBTBD4,gene_assignment,True
7947926,,,False
7947928,C1QTNF4,gene_assignment,True
7947934,MTCH2,gene_assignment,True
7947947,AGBL2,gene_assignment,True
7947969,FNBP4,gene_assignment,True
7947989,,,False
7947991,NUP160,gene_assignment,True
7948039,OR4C45,gene_assignment,True
7948042,ENST00000319813,gene_assignment,True
7948044,OR4C46,gene_assignment,True
7948046,OR4C13,gene_assignment,True
7948048,ENST00000437540,gene_assignment,True
7948054,,,False
7948058,FOLH1,gene_assignment,True
7948085,TYR,gene_assignment,True
7948088,SLC25A33,gene_assignment,True
7948090,OR4C12,gene_assignment,True
7948092,LOC441601,gene_assignment,True
7948099,OR4A5,gene_assignment,True
7948101,OR4A47,gene_assignment,True
7948103,OR4C12,gene_assignment,True
7948105,OR4C11,gene_assignment,True
7948107,OR5W2,gene_assignment,True
7948109,OR5I1,gene_assignment,True
7948111,OR10AG1,gene_assignment,True
7948113,OR7E5P,gene_assignment,True
7948115,OR5F1,gene_assignment,True
7948117,,,False
7948119,OR8J3,gene_assignment,True
7948121,OR8K5,gene_assignment,True
7948123,,,False
7948125,OR5T2,gene_assignment,True
7948127,OR8H1,gene_assignment,True
7948129,OR5R1,gene_assignment,True
7948131,OR5M9,gene_assignment,True
7948133,OR5M3,gene_assignment,True
7948135,,,False
7948137,OR5M8,gene_assignment,True
7948139,,,False
7948141,,,False
7948144,OR5M11,gene_assignment,True
7948148,OR5M10,gene_assignment,True
7948150,OR5M1,gene_assignment,True
7948155,OR5AP2,gene_assignment,True
7948157,OR9G4,gene_assignment,True
7948159,,,False
7948161,,,False
7948167,APLNR,gene_assignment,True
7948176,TNKS1BP1,gene_assignment,True
7948192,SSRP1,gene_assignment,True
7948211,AB209132,gene_assignment,True
7948213,PRG3,gene_assignment,True
7948221,PRG2,gene_assignment,True
7948229,SLC43A3,gene_assignment,True
7948249,SLC43A1,gene_assignment,True
7948267,TIMM10,gene_assignment,True
7948274,UBE2L6,gene_assignment,True
7948282,YPEL4,gene_assignment,True
7948293,MED19,gene_assignment,True
7948303,,,False
7948306,,,False
7948308,,,False
7948310,OR9I1,gene_assignment,True
7948312,OR1S2,gene_assignment,True
7948314,OR10Q1,gene_assignment,True
7948316,OR10W1,gene_assignment,True
7948322,OR5B17,gene_assignment,True
7948324,OR5B3,gene_assignment,True
7948326,OR5B2,gene_assignment,True
7948328,OR5B12,gene_assignment,True
7948330,OR5B21,gene_assignment,True
7948332,LPXN,gene_assignment,True
7948344,GLYAT,gene_assignment,True
7948354,GLYATL2,gene_assignment,True
7948364,MPEG1,gene_assignment,True
7948367,,,False
7948369,,,False
7948371,,,False
7948375,,,False
7948377,OR5A2,gene_assignment,True
7948379,OSBP,gene_assignment,True
7948399,PATL1,gene_assignment,True
7948416,,,False
7948418,OR10V1,gene_assignment,True
7948420,FABP5,gene_assignment,True
7948424,MRPL16,gene_assignment,True
7948433,GIF,gene_assignment,True
7948444,TCN1,gene_assignment,True
7948455,MS4A6A,gene_assignment,True
7948470,GPR44,gene_assignment,True
7948476,PRPF19,gene_assignment,True
7948493,SLC15A3,gene_assignment,True
7948502,,,False
7948504,VPS37C,gene_assignment,True
7948511,VWCE,gene_assignment,True
7948534,DDB1,gene_assignment,True
7948565,CYBASC3,gene_assignment,True
7948574,CPSF7,gene_assignment,True
7948588,SYT7,gene_assignment,True
7948599,ENST00000244906,gene_assignment,True
7948606,C11ORF10,gene_assignment,True
7948612,FADS1,gene_assignment,True
7948630,FADS3,gene_assignment,True
7948643,RAB3IL1,gene_assignment,True
7948656,FTH1,gene_assignment,True
7948662,SCGB1D4,gene_assignment,True
7948667,AHNAK,gene_assignment,True
7948679,EEF1G,gene_assignment,True
7948685,TUT1,gene_assignment,True
7948696,MTA2,gene_assignment,True
7948718,EML3,gene_assignment,True
7948741,B3GAT3,gene_assignment,True
7948744,GANAB,gene_assignment,True
7948772,INTS5,gene_assignment,True
7948775,C11ORF48,gene_assignment,True
7948782,UBXN1,gene_assignment,True
7948794,LRRN4CL,gene_assignment,True
7948798,BSCL2,gene_assignment,True
7948814,HNRNPUL2,gene_assignment,True
7948829,ZBTB3,gene_assignment,True
7948834,TAF6L,gene_assignment,True
7948836,TMEM223,gene_assignment,True
7948839,NXF1,gene_assignment,True
7948864,STX5,gene_assignment,True
7948881,WDR74,gene_assignment,True
7948894,RNU2-1,gene_assignment,True
7948896,SNORD22,gene_assignment,True
7948898,SNORD31,gene_assignment,True
7948900,SNORD30,gene_assignment,True
7948902,SNORD29,gene_assignment,True
7948904,SNORD28,gene_assignment,True
7948906,SNORD27,gene_assignment,True
7948908,SNORD26,gene_assignment,True
7948910,SNORD25,gene_assignment,True
7948912,CHRM1,gene_assignment,True
7948920,SLC22A6,gene_assignment,True
7948937,SLC22A8,gene_assignment,True
7948951,SLC22A24,gene_assignment,True
7948957,SLC22A25,gene_assignment,True
7948973,HRASLS5,gene_assignment,True
7948982,HRASLS2,gene_assignment,True
7948987,PLA2G16,gene_assignment,True
7948995,ENST00000398868,gene_assignment,True
7948997,ATL3,gene_assignment,True
7949015,C11ORF95,gene_assignment,True
7949019,,,False
7949021,RCOR2,gene_assignment,True
7949033,MACROD1,gene_assignment,True
7949046,TRPT1,gene_assignment,True
7949058,DNAJC4,gene_assignment,True
7949060,PPP1R14B,gene_assignment,True
7949067,BAD,gene_assignment,True
7949075,TRMT112,gene_assignment,True
7949080,NRXN2,gene_assignment,True
7949104,RASGRP2,gene_assignment,True
7949124,PYGM,gene_assignment,True
7949146,SF1,gene_assignment,True
7949172,MAP4K2,gene_assignment,True
7949206,MEN1,gene_assignment,True
7949227,CDC42BPG,gene_assignment,True
7949264,EHD1,gene_assignment,True
7949273,MIR192,gene_assignment,True
7949275,MIR194-2,gene_assignment,True
7949277,ATG2A,gene_assignment,True
7949320,GPHA2,gene_assignment,True
7949327,BC106951,gene_assignment,True
7949340,BATF2,gene_assignment,True
7949344,NAALADL1,gene_assignment,True
7949364,CDCA5,gene_assignment,True
7949371,AK124141,gene_assignment,True
7949373,ZNHIT2,gene_assignment,True
7949377,FAU,gene_assignment,True
7949383,SYVN1,gene_assignment,True
7949400,SLC25A45,gene_assignment,True
7949410,AF001542,gene_assignment,True
7949412,LTBP3,gene_assignment,True
7949440,EHBP1L1,gene_assignment,True
7949444,KCNK7,gene_assignment,True
7949454,MAP3K11,gene_assignment,True
7949465,RELA,gene_assignment,True
7949482,RNASEH2C,gene_assignment,True
7949490,DKFZP761E198,gene_assignment,True
7949496,CFL1,gene_assignment,True
7949503,EFEMP2,gene_assignment,True
7949518,FIBP,gene_assignment,True
7949532,FOSL1,gene_assignment,True
7949540,C11ORF68,gene_assignment,True
7949545,EIF1AD,gene_assignment,True
7949553,CATSPER1,gene_assignment,True
7949568,AK090761,gene_assignment,True
7949570,GAL3ST3,gene_assignment,True
7949577,YIF1A,gene_assignment,True
7949588,CD248,gene_assignment,True
7949592,RIN1,gene_assignment,True
7949603,BRMS1,gene_assignment,True
7949615,B3GNT1,gene_assignment,True
7949619,SLC29A2,gene_assignment,True
7949637,MRPL11,gene_assignment,True
7949645,ZDHHC24,gene_assignment,True
7949650,CTSF,gene_assignment,True
7949668,CCDC87,gene_assignment,True
7949672,,,False
7949674,RBM4B,gene_assignment,True
7949679,SPTBN2,gene_assignment,True
7949717,,,False
7949719,PC,gene_assignment,True
7949744,LOC100505593,gene_assignment,True
7949746,POLD4,gene_assignment,True
7949754,CLCF1,gene_assignment,True
7949765,PPP1CA,gene_assignment,True
7949776,CORO1B,gene_assignment,True
7949792,PTPRCAP,gene_assignment,True
7949796,GPR152,gene_assignment,True
7949798,TMEM134,gene_assignment,True
7949808,PITPNM1,gene_assignment,True
7949836,CDK2AP2,gene_assignment,True
7949843,CABP2,gene_assignment,True
7949851,AK075315,gene_assignment,True
7949857,NUDT8,gene_assignment,True
7949863,TBX10,gene_assignment,True
7949873,ACY3,gene_assignment,True
7949882,ALDH3B2,gene_assignment,True
7949894,,,False
7949896,ENST00000454336,gene_assignment,True
7949898,LOC645332,gene_assignment,True
7949904,UNC93B1,gene_assignment,True
7949916,CHKA,gene_assignment,True
7949931,SUV420H1,gene_assignment,True
7949948,C11ORF24,gene_assignment,True
7949956,MTL5,gene_assignment,True
7949971,CPT1A,gene_assignment,True
7949995,MRPL21,gene_assignment,True
7950003,MRGPRD,gene_assignment,True
7950005,MRGPRF,gene_assignment,True
7950012,CCND1,gene_assignment,True
7950016,ORAOV1,gene_assignment,True
7950023,FGF19,gene_assignment,True
7950030,,,False
7950032,FGF4,gene_assignment,True
7950036,FGF3,gene_assignment,True
7950042,SHANK2,gene_assignment,True
7950062,,,False
7950064,AK124096,gene_assignment,True
7950067,DHCR7,gene_assignment,True
7950078,KRTAP5-11,gene_assignment,True
7950082,LOC100133315,gene_assignment,True
7950086,NUMA1,gene_assignment,True
7950117,,,False
7950119,C11ORF59,gene_assignment,True
7950128,C11ORF51,gene_assignment,True
7950136,PHOX2A,gene_assignment,True
7950140,AF229166,gene_assignment,True
7950142,CLPB,gene_assignment,True
7950162,PDE2A,gene_assignment,True
7950195,MIR139,gene_assignment,True
7950197,ARAP1,gene_assignment,True
7950235,STARD10,gene_assignment,True
7950248,FCHSD2,gene_assignment,True
7950269,,,False
7950271,EF363480,gene_assignment,True
7950284,RAB6A,gene_assignment,True
7950292,,,False
7950294,CHCHD8,gene_assignment,True
7950299,DNAJB13,gene_assignment,True
7950307,UCP2,gene_assignment,True
7950321,UCP3,gene_assignment,True
7950332,BC035599,gene_assignment,True
7950336,C2CD3,gene_assignment,True
7950370,,,False
7950372,,,False
7950374,P4HA3,gene_assignment,True
7950391,PGM2L1,gene_assignment,True
7950409,KCNE3,gene_assignment,True
7950420,LIPT2,gene_assignment,True
7950425,CHRDL2,gene_assignment,True
7950442,,,False
7950444,,,False
7950447,XRRA1,gene_assignment,True
7950469,,,False
7950471,OR2AT4,gene_assignment,True
7950473,ARRB1,gene_assignment,True
7950490,MIR326,gene_assignment,True
7950492,KLHL35,gene_assignment,True
7950501,GDPD5,gene_assignment,True
7950524,MAP6,gene_assignment,True
7950530,,,False
7950532,,,False
7950534,WNT11,gene_assignment,True
7950544,PRKRIR,gene_assignment,True
7950553,,,False
7950555,LRRC32,gene_assignment,True
7950560,GDPD4,gene_assignment,True
7950578,PAK1,gene_assignment,True
7950597,CLNS1A,gene_assignment,True
7950606,RSF1,gene_assignment,True
7950626,BC071734,gene_assignment,True
7950628,INTS4,gene_assignment,True
7950641,KCTD14,gene_assignment,True
7950644,NDUFC2,gene_assignment,True
7950654,ALG8,gene_assignment,True
7950669,KCTD21,gene_assignment,True
7950671,GAB2,gene_assignment,True
7950683,NARS2,gene_assignment,True
7950701,ODZ4,gene_assignment,True
7950726,FAM181B,gene_assignment,True
7950731,PRCP,gene_assignment,True
7950743,RAB30,gene_assignment,True
7950751,SNORA70E,gene_assignment,True
7950753,CCDC90B,gene_assignment,True
7950764,DLG2,gene_assignment,True
7950796,CREBZF,gene_assignment,True
7950804,CCDC89,gene_assignment,True
7950810,SYTL2,gene_assignment,True
7950838,PICALM,gene_assignment,True
7950862,,,False
7950864,ME3,gene_assignment,True
7950883,AF238487,gene_assignment,True
7950885,FZD4,gene_assignment,True
7950893,,,False
7950895,,,False
7950899,RAB38,gene_assignment,True
7950906,CTSC,gene_assignment,True
7950921,GRM5,gene_assignment,True
7950933,NOX4,gene_assignment,True
7950951,UBTFL1,gene_assignment,True
7950955,TRIM49,gene_assignment,True
7950965,TRIM64,gene_assignment,True
7950971,TRIM49L1,gene_assignment,True
7950977,SPRYD5,gene_assignment,True
7950983,CHORDC1,gene_assignment,True
7950990,SLC36A4,gene_assignment,True
7951004,C11ORF75,gene_assignment,True
7951008,TAF1D,gene_assignment,True
7951030,SNORD6,gene_assignment,True
7951032,SNORA1,gene_assignment,True
7951034,SNORA8,gene_assignment,True
7951036,SNORD5,gene_assignment,True
7951038,SNORA40,gene_assignment,True
7951040,GPR83,gene_assignment,True
7951046,MRE11A,gene_assignment,True
7951068,CWC15,gene_assignment,True
7951077,SESN3,gene_assignment,True
7951089,,,False
7951091,,,False
7951093,FAM76B,gene_assignment,True
7951108,,,False
7951112,MTMR2,gene_assignment,True
7951131,,,False
7951133,MAML2,gene_assignment,True
7951140,AY358248,gene_assignment,True
7951144,CCDC82,gene_assignment,True
7951157,AK313893,gene_assignment,True
7951159,,,False
7951163,,,False
7951165,PGR,gene_assignment,True
7951178,TRPC6,gene_assignment,True
7951195,ANGPTL5,gene_assignment,True
7951205,,,False
7951207,TMEM123,gene_assignment,True
7951217,MMP7,gene_assignment,True
7951224,MMP20,gene_assignment,True
7951235,MMP27,gene_assignment,True
7951246,MMP8,gene_assignment,True
7951259,MMP10,gene_assignment,True
7951271,MMP1,gene_assignment,True
7951284,MMP3,gene_assignment,True
7951297,MMP12,gene_assignment,True
7951309,MMP13,gene_assignment,True
7951325,DCUN1D5,gene_assignment,True
7951351,PDGFD,gene_assignment,True
7951363,CASP12,gene_assignment,True
7951372,CASP4,gene_assignment,True
7951385,CASP5,gene_assignment,True
7951397,CASP1,gene_assignment,True
7951408,CARD16,gene_assignment,True
7951413,CARD17,gene_assignment,True
7951417,CARD18,gene_assignment,True
7951422,KIAA1826,gene_assignment,True
7951429,KBTBD3,gene_assignment,True
7951435,,,False
7951437,GUCY1A2,gene_assignment,True
7951447,CWF19L2,gene_assignment,True
7951467,ALKBH8,gene_assignment,True
7951479,SLN,gene_assignment,True
7951485,SLC35F2,gene_assignment,True
7951497,NPAT,gene_assignment,True
7951521,C11ORF65,gene_assignment,True
7951535,KDELC2,gene_assignment,True
7951545,EXPH5,gene_assignment,True
7951552,,,False
7951554,RDX,gene_assignment,True
7951565,ARHGAP20,gene_assignment,True
7951589,,,False
7951591,,,False
7951593,C11ORF92,gene_assignment,True
7951596,POU2AF1,gene_assignment,True
7951604,BTG4,gene_assignment,True
7951612,AK293317,gene_assignment,True
7951614,PPP2R1B,gene_assignment,True
7951633,ALG9,gene_assignment,True
7951654,FDXACB1,gene_assignment,True
7951660,,,False
7951662,CRYAB,gene_assignment,True
7951668,,,False
7951672,PIH1D2,gene_assignment,True
7951679,TIMM8B,gene_assignment,True
7951686,IL18,gene_assignment,True
7951695,C11ORF34,gene_assignment,True
7951703,DRD2,gene_assignment,True
7951717,TMPRSS5,gene_assignment,True
7951734,ZW10,gene_assignment,True
7951752,USP28,gene_assignment,True
7951781,BC071695,gene_assignment,True
7951789,FAM55A,gene_assignment,True
7951796,FAM55D,gene_assignment,True
7951807,CADM1,gene_assignment,True
7951824,,,False
7951826,BUD13,gene_assignment,True
7951838,ZNF259,gene_assignment,True
7951853,APOA5,gene_assignment,True
7951859,APOA4,gene_assignment,True
7951865,APOA1,gene_assignment,True
7951873,SIK3,gene_assignment,True
7951896,PCSK7,gene_assignment,True
7951910,BACE1,gene_assignment,True
7951928,DSCAML1,gene_assignment,True
7951966,FXYD2,gene_assignment,True
7951977,FXYD6,gene_assignment,True
7951987,TMPRSS13,gene_assignment,True
7952004,SCN4B,gene_assignment,True
7952011,SCN2B,gene_assignment,True
7952022,AMICA1,gene_assignment,True
7952036,MPZL3,gene_assignment,True
7952046,MPZL2,gene_assignment,True
7952056,CD3D,gene_assignment,True
7952065,,,False
7952069,IFT46,gene_assignment,True
7952086,TREH,gene_assignment,True
7952103,DDX6,gene_assignment,True
7952116,BCL9L,gene_assignment,True
7952126,RPL23AP64,gene_assignment,True
7952129,RPS25,gene_assignment,True
7952132,SLC37A4,gene_assignment,True
7952145,HYOU1,gene_assignment,True
7952179,H2AFX,gene_assignment,True
7952185,DPAGT1,gene_assignment,True
7952200,CCDC153,gene_assignment,True
7952205,MCAM,gene_assignment,True
7952227,C1QTNF5,gene_assignment,True
7952243,C1QTNF5,gene_assignment,True
7952249,USP2,gene_assignment,True
7952268,THY1,gene_assignment,True
7952274,PVRL1,gene_assignment,True
7952290,TRIM29,gene_assignment,True
7952305,BMPR1A,gene_assignment,True
7952307,MIR125B1,gene_assignment,True
7952309,BLID,gene_assignment,True
7952313,MIRLET7A2,gene_assignment,True
7952315,MIR100,gene_assignment,True
7952319,,,False
7952321,BSX,gene_assignment,True
7952325,HSPA8,gene_assignment,True
7952335,SNORD14E,gene_assignment,True
7952339,SNORD14C,gene_assignment,True
7952341,ASAM,gene_assignment,True
7952350,SCN3B,gene_assignment,True
7952361,ZNF202,gene_assignment,True
7952373,OR6X1,gene_assignment,True
7952375,OR6M1,gene_assignment,True
7952377,TMEM225,gene_assignment,True
7952382,OR6T1,gene_assignment,True
7952384,OR10S1,gene_assignment,True
7952386,ENST00000307002,gene_assignment,True
7952388,OR10G7,gene_assignment,True
7952390,ENST00000334203,gene_assignment,True
7952392,OR8D1,gene_assignment,True
7952394,OR8D2,gene_assignment,True
7952396,,,False
7952398,OR8B2,gene_assignment,True
7952400,OR8B3,gene_assignment,True
7952402,OR8B4,gene_assignment,True
7952404,OR8B8,gene_assignment,True
7952406,OR8B12,gene_assignment,True
7952408,SIAE,gene_assignment,True
7952426,VSIG2,gene_assignment,True
7952436,ESAM,gene_assignment,True
7952445,C11ORF61,gene_assignment,True
7952451,BC040288,gene_assignment,True
7952453,ROBO4,gene_assignment,True
7952475,HEPACAM,gene_assignment,True
7952484,TMEM218,gene_assignment,True
7952488,,,False
7952490,FEZ1,gene_assignment,True
7952503,ACRV1,gene_assignment,True
7952517,PATE2,gene_assignment,True
7952522,PUS3,gene_assignment,True
7952526,CDON,gene_assignment,True
7952549,RPUSD4,gene_assignment,True
7952557,SRPR,gene_assignment,True
7952577,KIRREL3,gene_assignment,True
7952599,,,False
7952601,ETS1,gene_assignment,True
7952617,KCNJ1,gene_assignment,True
7952626,ENST00000310799,gene_assignment,True
7952631,TP53AIP1,gene_assignment,True
7952641,ARHGAP32,gene_assignment,True
7952671,,,False
7952673,AK127847,gene_assignment,True
7952677,NFRKB,gene_assignment,True
7952707,PRDM10,gene_assignment,True
7952733,,,False
7952735,,,False
7952737,,,False
7952739,ZBTB44,gene_assignment,True
7952752,ADAMTS8,gene_assignment,True
7952766,,,False
7952768,SNX19,gene_assignment,True
7952781,,,False
7952785,OPCML,gene_assignment,True
7952795,,,False
7952797,SPATA19,gene_assignment,True
7952805,LOC283174,gene_assignment,True
7952810,IGSF9B,gene_assignment,True
7952813,IGSF9B,gene_assignment,True
7952830,NCAPD3,gene_assignment,True
7952869,THYN1,gene_assignment,True
7952882,AK055470,gene_assignment,True
7952884,B3GAT1,gene_assignment,True
7952893,IQSEC3,gene_assignment,True
7952897,IQSEC3,gene_assignment,True
7952914,CCDC77,gene_assignment,True
7952927,B4GALNT3,gene_assignment,True
7952950,ENST00000318291,gene_assignment,True
7952953,WNK1,gene_assignment,True
7952984,,,False
7952986,WNK1,gene_assignment,True
7952988,ERC1,gene_assignment,True
7953012,WNT5B,gene_assignment,True
7953021,ADIPOR2,gene_assignment,True
7953032,LRTM2,gene_assignment,True
7953040,CACNA1C,gene_assignment,True
7953094,CACNA1C,gene_assignment,True
7953098,,,False
7953100,FKBP4,gene_assignment,True
7953111,ITFG2,gene_assignment,True
7953128,,,False
7953130,C12ORF32,gene_assignment,True
7953135,TULP3,gene_assignment,True
7953150,TEAD4,gene_assignment,True
7953166,TSPAN9,gene_assignment,True
7953181,PRMT8,gene_assignment,True
7953198,,,False
7953200,CCND2,gene_assignment,True
7953211,C12ORF5,gene_assignment,True
7953218,RAD51AP1,gene_assignment,True
7953229,DYRK4,gene_assignment,True
7953243,NDUFA9,gene_assignment,True
7953252,GALNT8,gene_assignment,True
7953264,KCNA6,gene_assignment,True
7953274,KCNA1,gene_assignment,True
7953278,KCNA5,gene_assignment,True
7953284,NTF3,gene_assignment,True
7953291,CD9,gene_assignment,True
7953303,PLEKHG6,gene_assignment,True
7953321,LTBR,gene_assignment,True
7953333,CD27,gene_assignment,True
7953341,TAPBPL,gene_assignment,True
7953351,NCAPD2,gene_assignment,True
7953383,SCARNA10,gene_assignment,True
7953385,GAPDH,gene_assignment,True
7953390,ZNF384,gene_assignment,True
7953395,COPS7A,gene_assignment,True
7953409,PTMS,gene_assignment,True
7953418,LAG3,gene_assignment,True
7953428,CD4,gene_assignment,True
7953442,GPR162,gene_assignment,True
7953450,LEPREL2,gene_assignment,True
7953469,GNB3,gene_assignment,True
7953483,USP5,gene_assignment,True
7953508,TPI1,gene_assignment,True
7953516,RPL13P5,gene_assignment,True
7953518,DSTNP2,gene_assignment,True
7953520,LRRC23,gene_assignment,True
7953532,ENO2,gene_assignment,True
7953547,ATN1,gene_assignment,True
7953564,C12ORF57,gene_assignment,True
7953569,PTPN6,gene_assignment,True
7953590,MIR200C,gene_assignment,True
7953592,MIR141,gene_assignment,True
7953594,EMG1,gene_assignment,True
7953603,C1S,gene_assignment,True
7953622,AY358730,gene_assignment,True
7953626,CLSTN3,gene_assignment,True
7953651,PEX5,gene_assignment,True
7953665,DPPA3,gene_assignment,True
7953670,NANOGNB,gene_assignment,True
7953675,NANOG,gene_assignment,True
7953685,,,False
7953689,AY455283,gene_assignment,True
7953695,,,False
7953699,FOXJ2,gene_assignment,True
7953715,NECAP1,gene_assignment,True
7953723,CLEC4A,gene_assignment,True
7953733,ZNF705A,gene_assignment,True
7953735,LOC349196,gene_assignment,True
7953737,CLEC6A,gene_assignment,True
7953747,,,False
7953749,CLEC4D,gene_assignment,True
7953761,,,False
7953763,,,False
7953765,RIMKLB,gene_assignment,True
7953775,A2ML1,gene_assignment,True
7953812,PHC1,gene_assignment,True
7953835,KLRG1,gene_assignment,True
7953844,DDX12,gene_assignment,True
7953871,,,False
7953873,BX647938,gene_assignment,True
7953878,CLEC2D,gene_assignment,True
7953892,KLRF1,gene_assignment,True
7953901,CLEC12A,gene_assignment,True
7953914,CLEC12B,gene_assignment,True
7953924,CLEC9A,gene_assignment,True
7953934,,,False
7953936,C12ORF59,gene_assignment,True
7953943,GABARAPL1,gene_assignment,True
7953949,KLRD1,gene_assignment,True
7953965,,,False
7953967,PRH2,gene_assignment,True
7953975,,,False
7953977,,,False
7953981,ETV6,gene_assignment,True
7953993,BCL2L14,gene_assignment,True
7954006,PTMA,gene_assignment,True
7954010,,,False
7954012,LOH12CR1,gene_assignment,True
7954021,CREBL2,gene_assignment,True
7954029,CDKN1B,gene_assignment,True
7954036,DDX47,gene_assignment,True
7954055,APOLD1,gene_assignment,True
7954061,,,False
7954063,RPL13AP20,gene_assignment,True
7954065,GPRC5A,gene_assignment,True
7954071,HTR7P1,gene_assignment,True
7954077,KIAA1467,gene_assignment,True
7954090,EMP1,gene_assignment,True
7954098,,,False
7954104,ATF7IP,gene_assignment,True
7954124,H2AFJ,gene_assignment,True
7954132,C12ORF60,gene_assignment,True
7954136,PDE6H,gene_assignment,True
7954143,PTPRO,gene_assignment,True
7954173,STRAP,gene_assignment,True
7954185,DERA,gene_assignment,True
7954196,MGST1,gene_assignment,True
7954206,,,False
7954208,PIK3C2G,gene_assignment,True
7954240,CAPZA3,gene_assignment,True
7954243,,,False
7954245,PLEKHA5,gene_assignment,True
7954277,,,False
7954279,AEBP2,gene_assignment,True
7954291,,,False
7954293,PDE3A,gene_assignment,True
7954310,RN18S1,gene_assignment,True
7954312,SLCO1C1,gene_assignment,True
7954330,SLCO1B3,gene_assignment,True
7954344,LST-3TM12,gene_assignment,True
7954356,SLCO1B1,gene_assignment,True
7954377,IAPP,gene_assignment,True
7954382,PYROXD1,gene_assignment,True
7954388,GOLT1B,gene_assignment,True
7954398,C12ORF39,gene_assignment,True
7954407,CMAS,gene_assignment,True
7954419,ETNK1,gene_assignment,True
7954434,,,False
7954436,LRMP,gene_assignment,True
7954460,LYRM5,gene_assignment,True
7954469,RASSF8,gene_assignment,True
7954481,SSPN,gene_assignment,True
7954492,FGFR1OP2,gene_assignment,True
7954503,MED21,gene_assignment,True
7954511,STK38L,gene_assignment,True
7954527,ARNTL2,gene_assignment,True
7954551,C12ORF70,gene_assignment,True
7954559,PPFIBP1,gene_assignment,True
7954589,REP15,gene_assignment,True
7954591,MRPS35,gene_assignment,True
7954604,KLHDC5,gene_assignment,True
7954613,CCDC91,gene_assignment,True
7954631,FAR2,gene_assignment,True
7954645,TSPAN11,gene_assignment,True
7954653,TSPAN11,gene_assignment,True
7954655,DDX11,gene_assignment,True
7954690,,,False
7954692,FLJ13224,gene_assignment,True
7954695,,,False
7954697,,,False
7954699,,,False
7954701,C12ORF72,gene_assignment,True
7954711,C12ORF35,gene_assignment,True
7954717,BICD1,gene_assignment,True
7954729,FGD4,gene_assignment,True
7954752,DNM1L,gene_assignment,True
7954775,,,False
7954777,ALG10,gene_assignment,True
7954785,,,False
7954789,ALG10B,gene_assignment,True
7954794,C12ORF40,gene_assignment,True
7954810,LRRK2,gene_assignment,True
7954864,AK093065,gene_assignment,True
7954899,CNTN1,gene_assignment,True
7954926,PDZRN4,gene_assignment,True
7954940,PPHLN1,gene_assignment,True
7954965,,,False
7954969,IRAK4,gene_assignment,True
7954985,TMEM117,gene_assignment,True
7954995,,,False
7954997,ANO6,gene_assignment,True
7955019,ARID2,gene_assignment,True
7955043,,,False
7955045,BC008360,gene_assignment,True
7955055,SLC48A1,gene_assignment,True
7955063,TMEM106C,gene_assignment,True
7955074,,,False
7955076,,,False
7955078,PFKM,gene_assignment,True
7955107,C12ORF68,gene_assignment,True
7955110,AK125945,gene_assignment,True
7955112,H1FNT,gene_assignment,True
7955117,ANP32D,gene_assignment,True
7955119,C12ORF54,gene_assignment,True
7955129,OR8S1,gene_assignment,True
7955132,,,False
7955135,LOC255411,gene_assignment,True
7955140,,,False
7955142,CACNB3,gene_assignment,True
7955156,CCDC65,gene_assignment,True
7955168,,,False
7955170,WNT1,gene_assignment,True
7955179,TUBA1C,gene_assignment,True
7955184,PRPH,gene_assignment,True
7955195,TROAP,gene_assignment,True
7955211,DNAJC22,gene_assignment,True
7955217,SPATS2,gene_assignment,True
7955231,KCNH3,gene_assignment,True
7955248,,,False
7955250,PRPF40B,gene_assignment,True
7955277,TMBIM6,gene_assignment,True
7955290,AQP2,gene_assignment,True
7955297,AQP5,gene_assignment,True
7955305,AQP6,gene_assignment,True
7955317,ACCN2,gene_assignment,True
7955331,SMARCD1,gene_assignment,True
7955348,GPD1,gene_assignment,True
7955358,BC007849,gene_assignment,True
7955361,LARP4,gene_assignment,True
7955376,DIP2B,gene_assignment,True
7955417,,,False
7955419,,,False
7955423,,,False
7955425,ATF1,gene_assignment,True
7955433,TMPRSS12,gene_assignment,True
7955441,METTL7A,gene_assignment,True
7955448,,,False
7955450,LETMD1,gene_assignment,True
7955462,,,False
7955464,DAZAP2,gene_assignment,True
7955469,SLC4A8,gene_assignment,True
7955502,SCN8A,gene_assignment,True
7955533,AK091315,gene_assignment,True
7955535,ACVR1B,gene_assignment,True
7955551,ANKRD33,gene_assignment,True
7955562,ACVRL1,gene_assignment,True
7955578,GRASP,gene_assignment,True
7955589,NR4A1,gene_assignment,True
7955606,C12ORF44,gene_assignment,True
7955613,KRT7,gene_assignment,True
7955624,KRT86,gene_assignment,True
7955635,,,False
7955637,KRT18,gene_assignment,True
7955646,EIF4B,gene_assignment,True
7955663,TENC1,gene_assignment,True
7955694,IGFBP6,gene_assignment,True
7955702,SOAT2,gene_assignment,True
7955719,HIGD1A,gene_assignment,True
7955721,ZNF740,gene_assignment,True
7955729,MFSD5,gene_assignment,True
7955736,ESPL1,gene_assignment,True
7955768,PFDN5,gene_assignment,True
7955777,C12ORF10,gene_assignment,True
7955787,SP1,gene_assignment,True
7955797,AMHR2,gene_assignment,True
7955810,PRR13,gene_assignment,True
7955817,PCBP2,gene_assignment,True
7955829,TARBP2,gene_assignment,True
7955845,HOXC13,gene_assignment,True
7955852,HOXC12,gene_assignment,True
7955855,HOXC11,gene_assignment,True
7955858,HOXC10,gene_assignment,True
7955863,MIR196A2,gene_assignment,True
7955865,HOXC9,gene_assignment,True
7955869,HOXC8,gene_assignment,True
7955873,HOXC6,gene_assignment,True
7955887,HOXC5,gene_assignment,True
7955890,HNRNPA1,gene_assignment,True
7955896,COPZ1,gene_assignment,True
7955906,MIR148B,gene_assignment,True
7955908,NCKAP1L,gene_assignment,True
7955943,PDE1B,gene_assignment,True
7955963,MUCL1,gene_assignment,True
7955974,NEUROD4,gene_assignment,True
7955979,,,False
7955981,OR9K2,gene_assignment,True
7955983,OR10A7,gene_assignment,True
7955985,OR6C74,gene_assignment,True
7955987,,,False
7955989,OR6C1,gene_assignment,True
7955991,OR6C3,gene_assignment,True
7955993,OR6C75,gene_assignment,True
7955995,OR6C65,gene_assignment,True
7955997,OR6C76,gene_assignment,True
7955999,OR6C2,gene_assignment,True
7956001,OR6C68,gene_assignment,True
7956003,OR6C4,gene_assignment,True
7956005,ENST00000321688,gene_assignment,True
7956007,OR10P1,gene_assignment,True
7956009,METTL7B,gene_assignment,True
7956013,BLOC1S1,gene_assignment,True
7956018,RDH5,gene_assignment,True
7956026,GDF11,gene_assignment,True
7956031,ORMDL2,gene_assignment,True
7956038,MMP19,gene_assignment,True
7956044,,,False
7956046,DGKA,gene_assignment,True
7956076,CDK2,gene_assignment,True
7956088,RAB5B,gene_assignment,True
7956097,SUOX,gene_assignment,True
7956105,IKZF4,gene_assignment,True
7956114,RPS26,gene_assignment,True
7956120,ERBB3,gene_assignment,True
7956152,PA2G4,gene_assignment,True
7956159,RPL41,gene_assignment,True
7956162,ZC3H10,gene_assignment,True
7956166,ESYT1,gene_assignment,True
7956200,MYL6B,gene_assignment,True
7956211,MYL6,gene_assignment,True
7956220,OBFC2B,gene_assignment,True
7956229,SLC39A5,gene_assignment,True
7956242,COQ10A,gene_assignment,True
7956251,IL23A,gene_assignment,True
7956257,SPRYD4,gene_assignment,True
7956261,RBMS2,gene_assignment,True
7956269,,,False
7956271,HSD17B6,gene_assignment,True
7956279,,,False
7956281,GPR182,gene_assignment,True
7956285,AF529371,gene_assignment,True
7956287,NAB2,gene_assignment,True
7956301,LRP1,gene_assignment,True
7956395,NXPH4,gene_assignment,True
7956399,,,False
7956401,SHMT2,gene_assignment,True
7956417,,,False
7956419,,,False
7956423,INHBC,gene_assignment,True
7956426,INHBE,gene_assignment,True
7956430,GLI1,gene_assignment,True
7956443,MARS,gene_assignment,True
7956470,MBD6,gene_assignment,True
7956488,KIF5A,gene_assignment,True
7956522,AF063608,gene_assignment,True
7956524,PIP4K2C,gene_assignment,True
7956539,DTX3,gene_assignment,True
7956551,ARHGEF25,gene_assignment,True
7956573,SLC26A10,gene_assignment,True
7956593,OS9,gene_assignment,True
7956613,TSPAN31,gene_assignment,True
7956623,MARCH9,gene_assignment,True
7956631,FAM119B,gene_assignment,True
7956639,TSFM,gene_assignment,True
7956648,XRCC6BP1,gene_assignment,True
7956658,SLC16A7,gene_assignment,True
7956668,,,False
7956670,USP15,gene_assignment,True
7956697,MON2,gene_assignment,True
7956737,MIRLET7I,gene_assignment,True
7956739,,,False
7956743,RPL14,gene_assignment,True
7956747,,,False
7956749,TMEM5,gene_assignment,True
7956759,SRGAP1,gene_assignment,True
7956783,,,False
7956785,XPOT,gene_assignment,True
7956795,TBK1,gene_assignment,True
7956819,RASSF3,gene_assignment,True
7956826,TBC1D30,gene_assignment,True
7956838,,,False
7956842,LEMD3,gene_assignment,True
7956856,MSRB3,gene_assignment,True
7956867,HMGA2,gene_assignment,True
7956876,LLPH,gene_assignment,True
7956878,IRAK3,gene_assignment,True
7956892,,,False
7956894,HELB,gene_assignment,True
7956908,,,False
7956910,CAND1,gene_assignment,True
7956930,DYRK2,gene_assignment,True
7956937,RAP1B,gene_assignment,True
7956949,NUP107,gene_assignment,True
7956978,SLC35E3,gene_assignment,True
7956987,,,False
7956989,MDM2,gene_assignment,True
7957008,CPSF6,gene_assignment,True
7957023,LYZ,gene_assignment,True
7957032,YEATS4,gene_assignment,True
7957041,,,False
7957043,FRS2,gene_assignment,True
7957052,CCT2,gene_assignment,True
7957072,RAB3IP,gene_assignment,True
7957092,BC143553,gene_assignment,True
7957106,CNOT2,gene_assignment,True
7957126,KCNMB4,gene_assignment,True
7957140,LGR5,gene_assignment,True
7957159,,,False
7957161,THAP2,gene_assignment,True
7957167,TMEM19,gene_assignment,True
7957177,RAB21,gene_assignment,True
7957186,TBC1D15,gene_assignment,True
7957205,TPH2,gene_assignment,True
7957221,TRHDE,gene_assignment,True
7957242,ATXN7L3B,gene_assignment,True
7957245,GLIPR1L1,gene_assignment,True
7957253,GLIPR1L2,gene_assignment,True
7957260,GLIPR1,gene_assignment,True
7957271,ENST00000361500,gene_assignment,True
7957275,,,False
7957277,ZDHHC17,gene_assignment,True
7957298,NAV3,gene_assignment,True
7957338,SYT1,gene_assignment,True
7957351,C12ORF64,gene_assignment,True
7957373,MYF6,gene_assignment,True
7957379,MYF5,gene_assignment,True
7957386,ACSS3,gene_assignment,True
7957404,C12ORF26,gene_assignment,True
7957417,TMTC2,gene_assignment,True
7957433,LRRIQ1,gene_assignment,True
7957452,ALX1,gene_assignment,True
7957458,NTS,gene_assignment,True
7957467,C12ORF29,gene_assignment,True
7957478,TMTC3,gene_assignment,True
7957495,,,False
7957503,AK058107,gene_assignment,True
7957508,CLLU1,gene_assignment,True
7957510,C12ORF74,gene_assignment,True
7957514,PLEKHG7,gene_assignment,True
7957528,,,False
7957530,RPL41,gene_assignment,True
7957534,,,False
7957536,NUDT4,gene_assignment,True
7957540,MRPL42,gene_assignment,True
7957549,,,False
7957551,SOCS2,gene_assignment,True
7957560,CRADD,gene_assignment,True
7957568,,,False
7957570,PLXNC1,gene_assignment,True
7957602,,,False
7957604,,,False
7957606,,,False
7957608,MIR492,gene_assignment,True
7957611,,,False
7957613,VEZT,gene_assignment,True
7957627,,,False
7957629,,,False
7957631,MIR331,gene_assignment,True
7957633,METAP2,gene_assignment,True
7957649,SNRPF,gene_assignment,True
7957654,AMDHD1,gene_assignment,True
7957665,ELK3,gene_assignment,True
7957673,ENST00000298953,gene_assignment,True
7957688,ENST00000342887,gene_assignment,True
7957715,NEDD1,gene_assignment,True
7957735,MIR135A2,gene_assignment,True
7957737,TMPO,gene_assignment,True
7957746,SLC25A3,gene_assignment,True
7957759,APAF1,gene_assignment,True
7957790,BC031221,gene_assignment,True
7957793,ACTR6,gene_assignment,True
7957806,SCYL2,gene_assignment,True
7957819,SLC17A8,gene_assignment,True
7957833,,,False
7957835,NR1H4,gene_assignment,True
7957850,GAS2L3,gene_assignment,True
7957861,ANO4,gene_assignment,True
7957890,UTP20,gene_assignment,True
7957954,,,False
7957956,,,False
7957958,,,False
7957962,SPIC,gene_assignment,True
7957966,MYBPC1,gene_assignment,True
7958000,CHPT1,gene_assignment,True
7958011,,,False
7958015,,,False
7958017,,,False
7958019,DRAM1,gene_assignment,True
7958031,C12ORF48,gene_assignment,True
7958051,ASCL1,gene_assignment,True
7958056,STAB2,gene_assignment,True
7958128,,,False
7958130,HSP90B1,gene_assignment,True
7958147,TDG,gene_assignment,True
7958152,PGAM1,gene_assignment,True
7958158,HCFC2,gene_assignment,True
7958174,TXNRD1,gene_assignment,True
7958197,RPL18AP3,gene_assignment,True
7958200,EID3,gene_assignment,True
7958202,CHST11,gene_assignment,True
7958207,,,False
7958209,,,False
7958211,C12ORF45,gene_assignment,True
7958216,KIAA1033,gene_assignment,True
7958253,C12ORF75,gene_assignment,True
7958262,TCP11L2,gene_assignment,True
7958273,,,False
7958275,POLR3B,gene_assignment,True
7958305,RFX4,gene_assignment,True
7958331,RIC8B,gene_assignment,True
7958346,C12ORF23,gene_assignment,True
7958352,BTBD11,gene_assignment,True
7958375,,,False
7958377,AK124835,gene_assignment,True
7958379,PWP1,gene_assignment,True
7958396,ASCL4,gene_assignment,True
7958398,WSCD2,gene_assignment,True
7958410,FICD,gene_assignment,True
7958414,ISCU,gene_assignment,True
7958423,,,False
7958425,DAO,gene_assignment,True
7958439,USP30,gene_assignment,True
7958453,,,False
7958455,UNG,gene_assignment,True
7958466,ACACB,gene_assignment,True
7958524,MYO1H,gene_assignment,True
7958532,UBE3B,gene_assignment,True
7958565,MVK,gene_assignment,True
7958577,C12ORF34,gene_assignment,True
7958582,TCHP,gene_assignment,True
7958600,ANKRD13A,gene_assignment,True
7958620,IFT81,gene_assignment,True
7958644,ATP2A2,gene_assignment,True
7958666,C12ORF24,gene_assignment,True
7958677,RAD9B,gene_assignment,True
7958692,TCTN1,gene_assignment,True
7958711,CCDC63,gene_assignment,True
7958724,LOC100131138,gene_assignment,True
7958726,CUX2,gene_assignment,True
7958749,SH2B3,gene_assignment,True
7958759,,,False
7958761,ACAD10,gene_assignment,True
7958784,ALDH2,gene_assignment,True
7958800,MAPKAPK5,gene_assignment,True
7958819,ERP29,gene_assignment,True
7958826,,,False
7958828,TRAFD1,gene_assignment,True
7958842,,,False
7958844,,,False
7958846,PTPN11,gene_assignment,True
7958860,RPH3A,gene_assignment,True
7958884,OAS1,gene_assignment,True
7958895,OAS3,gene_assignment,True
7958913,OAS2,gene_assignment,True
7958931,DTX1,gene_assignment,True
7958942,CCDC42B,gene_assignment,True
7958948,DDX54,gene_assignment,True
7958950,BC022092,gene_assignment,True
7958960,TPCN1,gene_assignment,True
7958989,PLBD2,gene_assignment,True
7959002,SDSL,gene_assignment,True
7959012,,,False
7959014,,,False
7959016,NCRNA00173,gene_assignment,True
7959023,MAP1LC3B2,gene_assignment,True
7959025,RNFT2,gene_assignment,True
7959039,FBXW8,gene_assignment,True
7959052,RFC5,gene_assignment,True
7959070,PEBP1,gene_assignment,True
7959078,,,False
7959080,SUDS3,gene_assignment,True
7959085,,,False
7959087,SRRM4,gene_assignment,True
7959102,HSPB8,gene_assignment,True
7959108,CCDC60,gene_assignment,True
7959123,PRKAB1,gene_assignment,True
7959131,CCDC64,gene_assignment,True
7959146,,,False
7959148,SIRT4,gene_assignment,True
7959153,COX6A1,gene_assignment,True
7959157,GATC,gene_assignment,True
7959164,DYNLL1,gene_assignment,True
7959173,RNF10,gene_assignment,True
7959195,CABP1,gene_assignment,True
7959205,MLEC,gene_assignment,True
7959212,UNC119B,gene_assignment,True
7959220,ACADS,gene_assignment,True
7959232,,,False
7959234,HNF1A,gene_assignment,True
7959249,,,False
7959251,P2RX7,gene_assignment,True
7959267,P2RX4,gene_assignment,True
7959282,RNF34,gene_assignment,True
7959294,ORAI1,gene_assignment,True
7959298,TMEM120B,gene_assignment,True
7959312,TMEM120B,gene_assignment,True
7959314,SETD1B,gene_assignment,True
7959322,PSMD9,gene_assignment,True
7959330,WDR66,gene_assignment,True
7959354,BCL7A,gene_assignment,True
7959361,MLXIP,gene_assignment,True
7959386,LRRC43,gene_assignment,True
7959402,B3GNT4,gene_assignment,True
7959408,KNTC1,gene_assignment,True
7959473,DENR,gene_assignment,True
7959482,,,False
7959484,CCDC62,gene_assignment,True
7959500,HIP1R,gene_assignment,True
7959535,OGFOD2,gene_assignment,True
7959549,ARL6IP4,gene_assignment,True
7959563,C12ORF65,gene_assignment,True
7959574,SETD8,gene_assignment,True
7959586,SNRNP35,gene_assignment,True
7959597,TMED2,gene_assignment,True
7959604,DDX55,gene_assignment,True
7959621,,,False
7959623,GTF2H3,gene_assignment,True
7959638,TCTN2,gene_assignment,True
7959657,ATP6V0A2,gene_assignment,True
7959681,DNAH10,gene_assignment,True
7959696,DNAH10,gene_assignment,True
7959751,ZNF664,gene_assignment,True
7959761,FAM101A,gene_assignment,True
7959772,NCOR2,gene_assignment,True
7959777,BRI3BP,gene_assignment,True
7959786,AACS,gene_assignment,True
7959807,TMEM132B,gene_assignment,True
7959818,,,False
7959827,TMEM132C,gene_assignment,True
7959834,GLT1D1,gene_assignment,True
7959850,FZD10,gene_assignment,True
7959856,PIWIL1,gene_assignment,True
7959880,,,False
7959882,RAN,gene_assignment,True
7959891,,,False
7959893,GPR133,gene_assignment,True
7959921,AK098523,gene_assignment,True
7959925,,,False
7959927,SFSWAP,gene_assignment,True
7959946,MMP17,gene_assignment,True
7959957,ULK1,gene_assignment,True
7959986,PUS1,gene_assignment,True
7959995,EP400,gene_assignment,True
7960052,SNORA49,gene_assignment,True
7960054,EP400NL,gene_assignment,True
7960068,NOC4L,gene_assignment,True
7960088,FBRSL1,gene_assignment,True
7960099,P2RX2,gene_assignment,True
7960117,PXMP2,gene_assignment,True
7960124,PGAM5,gene_assignment,True
7960131,,,False
7960134,ZNF26,gene_assignment,True
7960143,ZNF84,gene_assignment,True
7960150,ZNF140,gene_assignment,True
7960158,ZNF10,gene_assignment,True
7960165,ZNF268,gene_assignment,True
7960172,AY341951,gene_assignment,True
7960177,SLC6A12,gene_assignment,True
7960201,SLC6A13,gene_assignment,True
7960221,KDM5A,gene_assignment,True
7960253,NINJ2,gene_assignment,True
7960259,,,False
7960261,RAD52,gene_assignment,True
7960280,FBXL14,gene_assignment,True
7960283,CACNA2D4,gene_assignment,True
7960320,DCP1B,gene_assignment,True
7960331,NRIP2,gene_assignment,True
7960338,,,False
7960340,FOXM1,gene_assignment,True
7960357,,,False
7960359,,,False
7960362,AY358109,gene_assignment,True
7960365,EFCAB4B,gene_assignment,True
7960370,EFCAB4B,gene_assignment,True
7960381,CR627161,gene_assignment,True
7960383,PARP11,gene_assignment,True
7960397,FGF23,gene_assignment,True
7960407,FGF6,gene_assignment,True
7960411,C12ORF4,gene_assignment,True
7960427,AKAP3,gene_assignment,True
7960434,,,False
7960436,AK126822,gene_assignment,True
7960438,ANO2,gene_assignment,True
7960464,VWF,gene_assignment,True
7960514,,,False
7960516,,,False
7960518,TNFRSF1A,gene_assignment,True
7960529,SCNN1A,gene_assignment,True
7960544,VAMP1,gene_assignment,True
7960553,MRPL51,gene_assignment,True
7960559,IFFO1,gene_assignment,True
7960575,NOP2,gene_assignment,True
7960594,CHD4,gene_assignment,True
7960635,SCARNA11,gene_assignment,True
7960637,LPAR5,gene_assignment,True
7960642,ACRBP,gene_assignment,True
7960654,ING4,gene_assignment,True
7960666,ZNF384,gene_assignment,True
7960682,AK289648,gene_assignment,True
7960689,MLF2,gene_assignment,True
7960702,CDCA3,gene_assignment,True
7960709,SPSB2,gene_assignment,True
7960716,PHB2,gene_assignment,True
7960728,SCARNA12,gene_assignment,True
7960730,LPCAT3,gene_assignment,True
7960744,C1R,gene_assignment,True
7960757,C1RL,gene_assignment,True
7960764,RBP5,gene_assignment,True
7960771,CD163L1,gene_assignment,True
7960794,CD163,gene_assignment,True
7960821,APOBEC1,gene_assignment,True
7960828,GDF3,gene_assignment,True
7960832,CLEC4C,gene_assignment,True
7960848,,,False
7960850,SLC2A14,gene_assignment,True
7960861,,,False
7960865,SLC2A3,gene_assignment,True
7960874,C3AR1,gene_assignment,True
7960878,POU5F1P3,gene_assignment,True
7960881,FAM90A1,gene_assignment,True
7960889,LOC653113,gene_assignment,True
7960894,LOC389634,gene_assignment,True
7960896,ENST00000329336,gene_assignment,True
7960898,,,False
7960900,CLEC4E,gene_assignment,True
7960910,AICDA,gene_assignment,True
7960919,MFAP5,gene_assignment,True
7960933,M6PR,gene_assignment,True
7960942,BC028195,gene_assignment,True
7960947,A2M,gene_assignment,True
7960984,PZP,gene_assignment,True
7961022,PTMA,gene_assignment,True
7961024,,,False
7961026,BX647938,gene_assignment,True
7961031,DDX12,gene_assignment,True
7961059,KLRB1,gene_assignment,True
7961067,,,False
7961069,CLECL1,gene_assignment,True
7961075,CD69,gene_assignment,True
7961083,CLEC2B,gene_assignment,True
7961091,CLEC2A,gene_assignment,True
7961097,AK128230,gene_assignment,True
7961102,CLEC1B,gene_assignment,True
7961111,CLEC1A,gene_assignment,True
7961120,CLEC7A,gene_assignment,True
7961142,OLR1,gene_assignment,True
7961151,KLRK1,gene_assignment,True
7961166,KLRC4,gene_assignment,True
7961173,,,False
7961175,KLRC3,gene_assignment,True
7961182,KLRC2,gene_assignment,True
7961187,KLRC1,gene_assignment,True
7961198,KLRAP1,gene_assignment,True
7961208,MAGOHB,gene_assignment,True
7961215,STYK1,gene_assignment,True
7961230,CSDA,gene_assignment,True
7961239,TAS2R7,gene_assignment,True
7961243,TAS2R8,gene_assignment,True
7961245,TAS2R9,gene_assignment,True
7961249,TAS2R10,gene_assignment,True
7961252,PRR4,gene_assignment,True
7961259,PRH1,gene_assignment,True
7961269,PRB4,gene_assignment,True
7961275,TAS2R13,gene_assignment,True
7961279,TAS2R14,gene_assignment,True
7961281,TAS2R50,gene_assignment,True
7961285,TAS2R20,gene_assignment,True
7961287,TAS2R19,gene_assignment,True
7961291,TAS2R31,gene_assignment,True
7961293,TAS2R46,gene_assignment,True
7961295,TAS2R43,gene_assignment,True
7961298,TAS2R42,gene_assignment,True
7961300,PRB3,gene_assignment,True
7961306,PRB1,gene_assignment,True
7961320,PRB2,gene_assignment,True
7961339,LRP6,gene_assignment,True
7961363,,,False
7961365,MANSC1,gene_assignment,True
7961371,DUSP16,gene_assignment,True
7961381,GPR19,gene_assignment,True
7961386,GPRC5D,gene_assignment,True
7961390,HEBP1,gene_assignment,True
7961399,GSG1,gene_assignment,True
7961413,C12ORF36,gene_assignment,True
7961418,,,False
7961420,,,False
7961422,GRIN2B,gene_assignment,True
7961440,PLBD1,gene_assignment,True
7961453,,,False
7961455,GUCY2C,gene_assignment,True
7961483,HIST4H4,gene_assignment,True
7961489,WBP11,gene_assignment,True
7961503,C12ORF69,gene_assignment,True
7961507,ART4,gene_assignment,True
7961514,MGP,gene_assignment,True
7961524,ERP27,gene_assignment,True
7961532,ARHGDIB,gene_assignment,True
7961540,RERG,gene_assignment,True
7961546,EPS8,gene_assignment,True
7961569,,,False
7961571,SLC15A5,gene_assignment,True
7961580,LMO3,gene_assignment,True
7961593,,,False
7961595,RERGL,gene_assignment,True
7961604,PLCZ1,gene_assignment,True
7961622,,,False
7961624,,,False
7961626,SLCO1A2,gene_assignment,True
7961654,RECQL,gene_assignment,True
7961673,GYS2,gene_assignment,True
7961693,LDHB,gene_assignment,True
7961702,KCNJ8,gene_assignment,True
7961710,ABCC9,gene_assignment,True
7961755,ST8SIA1,gene_assignment,True
7961757,ST8SIA1,gene_assignment,True
7961767,AK295862,gene_assignment,True
7961798,SOX5,gene_assignment,True
7961820,C12ORF67,gene_assignment,True
7961829,BCAT1,gene_assignment,True
7961844,CASC1,gene_assignment,True
7961865,KRAS,gene_assignment,True
7961873,,,False
7961875,IFLTD1,gene_assignment,True
7961889,,,False
7961891,BHLHE41,gene_assignment,True
7961900,ITPR2,gene_assignment,True
7961960,,,False
7961964,C12ORF11,gene_assignment,True
7961983,TM7SF3,gene_assignment,True
7961998,,,False
7962000,PTHLH,gene_assignment,True
7962013,ERGIC2,gene_assignment,True
7962029,OVCH1,gene_assignment,True
7962058,TMTC1,gene_assignment,True
7962085,IPO8,gene_assignment,True
7962112,CAPRIN2,gene_assignment,True
7962137,,,False
7962139,ENST00000266524,gene_assignment,True
7962146,FAM60A,gene_assignment,True
7962151,DENND5B,gene_assignment,True
7962183,AK4,gene_assignment,True
7962185,AMN1,gene_assignment,True
7962194,H3F3C,gene_assignment,True
7962199,,,False
7962201,,,False
7962203,YARS2,gene_assignment,True
7962212,PKP2,gene_assignment,True
7962226,SYT10,gene_assignment,True
7962236,,,False
7962238,,,False
7962242,,,False
7962250,CPNE8,gene_assignment,True
7962274,KIF21A,gene_assignment,True
7962312,ABCD2,gene_assignment,True
7962327,SLC2A13,gene_assignment,True
7962341,,,False
7962343,,,False
7962349,GXYLT1,gene_assignment,True
7962358,YAF2,gene_assignment,True
7962367,ZCRB1,gene_assignment,True
7962375,PRICKLE1,gene_assignment,True
7962384,ADAMTS20,gene_assignment,True
7962427,PUS7L,gene_assignment,True
7962441,TWF1,gene_assignment,True
7962455,NELL2,gene_assignment,True
7962479,,,False
7962481,DBX2,gene_assignment,True
7962487,RACGAP1P,gene_assignment,True
7962489,ENST00000256692,gene_assignment,True
7962499,SRSF2IP,gene_assignment,True
7962516,SLC38A1,gene_assignment,True
7962537,SLC38A2,gene_assignment,True
7962557,,,False
7962559,SLC38A4,gene_assignment,True
7962579,AMIGO2,gene_assignment,True
7962588,,,False
7962590,RPAP3,gene_assignment,True
7962608,ENDOU,gene_assignment,True
7962623,RAPGEF3,gene_assignment,True
7962625,RAPGEF3,gene_assignment,True
7962659,HDAC7,gene_assignment,True
7962689,VDR,gene_assignment,True
7962703,COL2A1,gene_assignment,True
7962760,SENP1,gene_assignment,True
7962783,ASB8,gene_assignment,True
7962792,OR10AD1,gene_assignment,True
7962794,ZNF641,gene_assignment,True
7962804,LALBA,gene_assignment,True
7962811,C12ORF41,gene_assignment,True
7962827,SNORA2A,gene_assignment,True
7962829,SNORA2B,gene_assignment,True
7962831,CCNT1,gene_assignment,True
7962842,ADCY6,gene_assignment,True
7962869,DDX23,gene_assignment,True
7962884,RND1,gene_assignment,True
7962893,,,False
7962895,FKBP11,gene_assignment,True
7962904,ARF3,gene_assignment,True
7962916,,,False
7962918,WNT10B,gene_assignment,True
7962930,DDN,gene_assignment,True
7962935,PRKAG1,gene_assignment,True
7962951,MLL2,gene_assignment,True
7963009,RHEBL1,gene_assignment,True
7963020,DHH,gene_assignment,True
7963024,LMBR1L,gene_assignment,True
7963046,TUBA1B,gene_assignment,True
7963052,,,False
7963054,TUBA1A,gene_assignment,True
7963061,C1QL4,gene_assignment,True
7963064,MCRS1,gene_assignment,True
7963084,FAM186B,gene_assignment,True
7963092,FMNL3,gene_assignment,True
7963121,NCKAP5L,gene_assignment,True
7963134,NCKAP5L,gene_assignment,True
7963139,BCDIN3D,gene_assignment,True
7963142,FAIM2,gene_assignment,True
7963157,RACGAP1,gene_assignment,True
7963174,LASS5,gene_assignment,True
7963187,LIMA1,gene_assignment,True
7963201,,,False
7963203,FAM186A,gene_assignment,True
7963210,,,False
7963212,SLC11A2,gene_assignment,True
7963233,,,False
7963235,CSRNP2,gene_assignment,True
7963244,TFCP2,gene_assignment,True
7963261,AK292677,gene_assignment,True
7963263,,,False
7963265,POU6F1,gene_assignment,True
7963280,SMAGP,gene_assignment,True
7963289,BIN2,gene_assignment,True
7963304,CELA1,gene_assignment,True
7963313,GALNT6,gene_assignment,True
7963328,FIGNL2,gene_assignment,True
7963333,KRT80,gene_assignment,True
7963348,,,False
7963353,KRT81,gene_assignment,True
7963359,KRT83,gene_assignment,True
7963366,KRT85,gene_assignment,True
7963375,KRT84,gene_assignment,True
7963386,KRT82,gene_assignment,True
7963396,KRT75,gene_assignment,True
7963406,KRT6B,gene_assignment,True
7963410,KRT6C,gene_assignment,True
7963421,KRT6A,gene_assignment,True
7963427,KRT5,gene_assignment,True
7963438,KRT71,gene_assignment,True
7963448,KRT74,gene_assignment,True
7963459,KRT72,gene_assignment,True
7963471,KRT73,gene_assignment,True
7963479,KRT2,gene_assignment,True
7963491,KRT1,gene_assignment,True
7963502,KRT77,gene_assignment,True
7963513,KRT76,gene_assignment,True
7963523,KRT3,gene_assignment,True
7963534,KRT4,gene_assignment,True
7963545,KRT79,gene_assignment,True
7963555,KRT78,gene_assignment,True
7963567,KRT8,gene_assignment,True
7963575,EIF4B,gene_assignment,True
7963577,SPRYD3,gene_assignment,True
7963588,,,False
7963590,CSAD,gene_assignment,True
7963614,ITGB7,gene_assignment,True
7963631,RARG,gene_assignment,True
7963646,AAAS,gene_assignment,True
7963664,SP7,gene_assignment,True
7963670,MAP3K12,gene_assignment,True
7963689,NPFF,gene_assignment,True
7963696,,,False
7963698,ATF7,gene_assignment,True
7963713,ATP5G2,gene_assignment,True
7963721,CALCOCO1,gene_assignment,True
7963739,,,False
7963741,SMUG1,gene_assignment,True
7963750,CBX5,gene_assignment,True
7963758,,,False
7963760,NFE2,gene_assignment,True
7963768,,,False
7963770,GPR84,gene_assignment,True
7963774,ZNF385A,gene_assignment,True
7963786,ITGA5,gene_assignment,True
7963817,GTSF1,gene_assignment,True
7963826,PPP1R1A,gene_assignment,True
7963837,LACRT,gene_assignment,True
7963845,DCD,gene_assignment,True
7963851,KIAA0748,gene_assignment,True
7963863,,,False
7963865,OR6C6,gene_assignment,True
7963869,PHC1,gene_assignment,True
7963878,OR6C70,gene_assignment,True
7963880,ITGA7,gene_assignment,True
7963911,CD63,gene_assignment,True
7963923,SARNP,gene_assignment,True
7963935,DNAJC14,gene_assignment,True
7963946,MMP19,gene_assignment,True
7963965,WIBG,gene_assignment,True
7963970,SILV,gene_assignment,True
7963986,RAB13,gene_assignment,True
7963988,SMARCC2,gene_assignment,True
7964021,RNF41,gene_assignment,True
7964033,ANKRD52,gene_assignment,True
7964064,CS,gene_assignment,True
7964076,CNPY2,gene_assignment,True
7964089,PAN2,gene_assignment,True
7964119,STAT2,gene_assignment,True
7964142,APOF,gene_assignment,True
7964145,TIMELESS,gene_assignment,True
7964177,MIP,gene_assignment,True
7964183,GLS2,gene_assignment,True
7964203,BAZ2A,gene_assignment,True
7964234,ATP5B,gene_assignment,True
7964246,SNORD59B,gene_assignment,True
7964248,SNORD59A,gene_assignment,True
7964250,PTGES3,gene_assignment,True
7964262,NACA,gene_assignment,True
7964271,PRIM1,gene_assignment,True
7964285,SDR9C7,gene_assignment,True
7964292,RDH16,gene_assignment,True
7964300,ZBTB39,gene_assignment,True
7964303,TAC3,gene_assignment,True
7964316,MYO1A,gene_assignment,True
7964347,TMEM194A,gene_assignment,True
7964360,STAT6,gene_assignment,True
7964388,NDUFA4L2,gene_assignment,True
7964400,STAC3,gene_assignment,True
7964413,R3HDM2,gene_assignment,True
7964436,ARHGAP9,gene_assignment,True
7964460,DDIT3,gene_assignment,True
7964466,DCTN2,gene_assignment,True
7964484,B4GALNT1,gene_assignment,True
7964499,AGAP2,gene_assignment,True
7964522,CDK4,gene_assignment,True
7964535,CYP27B1,gene_assignment,True
7964548,METTL1,gene_assignment,True
7964555,AVIL,gene_assignment,True
7964575,AK022448,gene_assignment,True
7964577,,,False
7964579,CTDSP2,gene_assignment,True
7964592,MIR26A2,gene_assignment,True
7964596,,,False
7964602,LRIG3,gene_assignment,True
7964625,,,False
7964627,,,False
7964631,FAM19A2,gene_assignment,True
7964640,,,False
7964642,ENST00000408887,gene_assignment,True
7964646,PPM1H,gene_assignment,True
7964658,,,False
7964660,AVPR1A,gene_assignment,True
7964665,DPY19L2,gene_assignment,True
7964677,C12ORF66,gene_assignment,True
7964687,C12ORF56,gene_assignment,True
7964699,,,False
7964701,GNS,gene_assignment,True
7964718,,,False
7964722,WIF1,gene_assignment,True
7964733,RPSAP52,gene_assignment,True
7964736,AY601863,gene_assignment,True
7964739,LLPH,gene_assignment,True
7964745,TMBIM4,gene_assignment,True
7964757,RBMS1,gene_assignment,True
7964759,GRIP1,gene_assignment,True
7964787,IFNG,gene_assignment,True
7964795,IL26,gene_assignment,True
7964803,IL22,gene_assignment,True
7964810,MDM1,gene_assignment,True
7964828,,,False
7964830,SNORA70G,gene_assignment,True
7964832,,,False
7964834,CPM,gene_assignment,True
7964846,LRRC10,gene_assignment,True
7964852,BEST3,gene_assignment,True
7964868,,,False
7964870,,,False
7964872,PTPRB,gene_assignment,True
7964907,PTPRR,gene_assignment,True
7964927,TSPAN8,gene_assignment,True
7964937,ZFC3H1,gene_assignment,True
7964976,LOC283392,gene_assignment,True
7964981,,,False
7964983,,,False
7964987,KCNC2,gene_assignment,True
7964997,CAPS2,gene_assignment,True
7965022,KRR1,gene_assignment,True
7965036,,,False
7965038,,,False
7965040,PHLDA1,gene_assignment,True
7965048,NAP1L1,gene_assignment,True
7965060,BBS10,gene_assignment,True
7965064,OSBPL8,gene_assignment,True
7965090,CSRP2,gene_assignment,True
7965094,E2F7,gene_assignment,True
7965108,,,False
7965110,,,False
7965112,PAWR,gene_assignment,True
7965123,PPP1R12A,gene_assignment,True
7965150,,,False
7965152,,,False
7965154,,,False
7965156,LIN7A,gene_assignment,True
7965166,PPFIA2,gene_assignment,True
7965200,CCDC59,gene_assignment,True
7965206,SLC6A15,gene_assignment,True
7965224,,,False
7965226,RASSF9,gene_assignment,True
7965231,MGAT4C,gene_assignment,True
7965245,MKRN9P,gene_assignment,True
7965249,BC038413,gene_assignment,True
7965264,CEP290,gene_assignment,True
7965322,KITLG,gene_assignment,True
7965335,DUSP6,gene_assignment,True
7965343,POC1B,gene_assignment,True
7965357,GALNT4,gene_assignment,True
7965359,ATP2B1,gene_assignment,True
7965384,BC027600,gene_assignment,True
7965390,EPYC,gene_assignment,True
7965398,KERA,gene_assignment,True
7965403,LUM,gene_assignment,True
7965410,DCN,gene_assignment,True
7965423,BTG1,gene_assignment,True
7965429,,,False
7965431,CLLU1OS,gene_assignment,True
7965436,EEA1,gene_assignment,True
7965467,RPL41,gene_assignment,True
7965469,,,False
7965471,UBE2N,gene_assignment,True
7965478,,,False
7965480,PGAM1,gene_assignment,True
7965484,,,False
7965486,CCDC41,gene_assignment,True
7965508,,,False
7965510,TMCC3,gene_assignment,True
7965515,NDUFA12,gene_assignment,True
7965523,NR2C1,gene_assignment,True
7965541,FGD6,gene_assignment,True
7965565,USP44,gene_assignment,True
7965573,NTN4,gene_assignment,True
7965587,,,False
7965589,CCDC38,gene_assignment,True
7965606,HAL,gene_assignment,True
7965627,LTA4H,gene_assignment,True
7965650,,,False
7965652,CDK17,gene_assignment,True
7965671,,,False
7965675,,,False
7965677,,,False
7965679,,,False
7965681,IKBIP,gene_assignment,True
7965686,ANKS1B,gene_assignment,True
7965721,,,False
7965723,UHRF1BP1L,gene_assignment,True
7965746,GOLGA2B,gene_assignment,True
7965760,DEPDC4,gene_assignment,True
7965767,,,False
7965769,SLC5A8,gene_assignment,True
7965787,,,False
7965789,ARL1,gene_assignment,True
7965800,SYCP3,gene_assignment,True
7965812,GNPTAB,gene_assignment,True
7965836,,,False
7965838,,,False
7965846,CCDC53,gene_assignment,True
7965855,NUP37,gene_assignment,True
7965867,PMCH,gene_assignment,True
7965871,,,False
7965873,IGF1,gene_assignment,True
7965884,PAH,gene_assignment,True
7965900,C12ORF42,gene_assignment,True
7965916,,,False
7965918,NT5DC3,gene_assignment,True
7965935,GNN,gene_assignment,True
7965941,GLT8D2,gene_assignment,True
7965956,NFYB,gene_assignment,True
7965964,SLC41A2,gene_assignment,True
7965976,,,False
7965979,ALDH1L2,gene_assignment,True
7966003,APPL2,gene_assignment,True
7966026,NUAK1,gene_assignment,True
7966035,CKAP4,gene_assignment,True
7966046,MTERFD3,gene_assignment,True
7966052,CRY1,gene_assignment,True
7966068,,,False
7966070,,,False
7966072,PRDM4,gene_assignment,True
7966089,CMKLR1,gene_assignment,True
7966098,SART3,gene_assignment,True
7966122,TMEM119,gene_assignment,True
7966127,SELPLG,gene_assignment,True
7966135,CORO1C,gene_assignment,True
7966148,,,False
7966150,SSH1,gene_assignment,True
7966172,SVOP,gene_assignment,True
7966181,,,False
7966183,ALKBH2,gene_assignment,True
7966189,FOXN4,gene_assignment,True
7966202,KCTD10,gene_assignment,True
7966213,MMAB,gene_assignment,True
7966223,,,False
7966227,,,False
7966229,MGC14436,gene_assignment,True
7966234,TRPV4,gene_assignment,True
7966259,GLTP,gene_assignment,True
7966266,,,False
7966268,GIT2,gene_assignment,True
7966293,BC133010,gene_assignment,True
7966299,,,False
7966301,ANAPC7,gene_assignment,True
7966315,ARPC3,gene_assignment,True
7966321,GPN3,gene_assignment,True
7966332,VPS29,gene_assignment,True
7966343,,,False
7966345,PPTC7,gene_assignment,True
7966356,HVCN1,gene_assignment,True
7966368,PPP1CC,gene_assignment,True
7966379,MYL2,gene_assignment,True
7966389,FAM109A,gene_assignment,True
7966397,ATXN2,gene_assignment,True
7966425,,,False
7966427,BRAP,gene_assignment,True
7966441,C12ORF47,gene_assignment,True
7966448,TMEM116,gene_assignment,True
7966462,NAA25,gene_assignment,True
7966488,C12ORF51,gene_assignment,True
7966517,C12ORF51,gene_assignment,True
7966534,RPL6,gene_assignment,True
7966542,RASAL1,gene_assignment,True
7966568,,,False
7966570,DDX54,gene_assignment,True
7966594,,,False
7966596,IQCD,gene_assignment,True
7966600,SLC24A6,gene_assignment,True
7966621,SDS,gene_assignment,True
7966631,LHX5,gene_assignment,True
7966638,RBM19,gene_assignment,True
7966668,TBX5,gene_assignment,True
7966684,,,False
7966686,,,False
7966688,,,False
7966690,TBX3,gene_assignment,True
7966706,MED13L,gene_assignment,True
7966738,BC019843,gene_assignment,True
7966746,HRK,gene_assignment,True
7966749,TESC,gene_assignment,True
7966760,FBXO21,gene_assignment,True
7966779,NOS1,gene_assignment,True
7966810,KSR2,gene_assignment,True
7966829,WSB2,gene_assignment,True
7966839,VSIG10,gene_assignment,True
7966851,TAOK3,gene_assignment,True
7966876,,,False
7966878,CIT,gene_assignment,True
7966929,RAB35,gene_assignment,True
7966938,GCN1L1,gene_assignment,True
7966996,RPLP0,gene_assignment,True
7967002,PXN,gene_assignment,True
7967021,BC052611,gene_assignment,True
7967025,,,False
7967028,RNU4-2,gene_assignment,True
7967030,RNU4-1,gene_assignment,True
7967034,PLA2G1B,gene_assignment,True
7967039,MSI1,gene_assignment,True
7967056,TRIAP1,gene_assignment,True
7967060,SRSF9,gene_assignment,True
7967067,CR542128,gene_assignment,True
7967072,COQ5,gene_assignment,True
7967082,,,False
7967084,POP5,gene_assignment,True
7967089,,,False
7967091,SPPL3,gene_assignment,True
7967107,NCRNA00262,gene_assignment,True
7967109,BC014661,gene_assignment,True
7967117,OASL,gene_assignment,True
7967127,CAMKK2,gene_assignment,True
7967149,ANAPC5,gene_assignment,True
7967175,KDM2B,gene_assignment,True
7967193,MORN3,gene_assignment,True
7967202,RHOF,gene_assignment,True
7967210,LOC338799,gene_assignment,True
7967212,HPD,gene_assignment,True
7967226,IL31,gene_assignment,True
7967230,DIABLO,gene_assignment,True
7967240,VPS33A,gene_assignment,True
7967255,CLIP1,gene_assignment,True
7967287,ZCCHC8,gene_assignment,True
7967304,RSRC2,gene_assignment,True
7967318,GPR109A,gene_assignment,True
7967322,GPR109B,gene_assignment,True
7967325,GPR81,gene_assignment,True
7967331,VPS37B,gene_assignment,True
7967337,ABCB9,gene_assignment,True
7967358,PITPNM2,gene_assignment,True
7967386,MPHOSPH9,gene_assignment,True
7967412,CDK2AP1,gene_assignment,True
7967418,,,False
7967420,SBNO1,gene_assignment,True
7967452,,,False
7967454,,,False
7967456,RILPL2,gene_assignment,True
7967463,RILPL1,gene_assignment,True
7967473,EIF2B1,gene_assignment,True
7967486,CCDC92,gene_assignment,True
7967493,NCOR2,gene_assignment,True
7967544,SCARB1,gene_assignment,True
7967563,UBC,gene_assignment,True
7967586,,,False
7967588,DHX37,gene_assignment,True
7967620,BC037964,gene_assignment,True
7967622,,,False
7967624,SLC15A4,gene_assignment,True
7967636,,,False
7967641,TMEM132D,gene_assignment,True
7967660,RIMBP2,gene_assignment,True
7967685,STX2,gene_assignment,True
7967698,,,False
7967700,AK058065,gene_assignment,True
7967702,,,False
7967705,,,False
7967707,,,False
7967709,,,False
7967711,DDX51,gene_assignment,True
7967727,GALNT9,gene_assignment,True
7967736,POLE,gene_assignment,True
7967789,PXMP2,gene_assignment,True
7967792,,,False
7967794,ANKLE2,gene_assignment,True
7967810,GOLGA3,gene_assignment,True
7967841,CHFR,gene_assignment,True
7967863,ZNF605,gene_assignment,True
7967868,,,False
7967870,,,False
7967872,,,False
7967876,ENST00000240700,gene_assignment,True
7967879,FAM58A,gene_assignment,True
7967881,MPHOSPH8,gene_assignment,True
7967896,,,False
7967898,,,False
7967900,ZMYM2,gene_assignment,True
7967933,IFT88,gene_assignment,True
7967967,,,False
7967969,IL17D,gene_assignment,True
7967976,SAP18,gene_assignment,True
7967987,MRP63,gene_assignment,True
7967993,FGF9,gene_assignment,True
7968000,,,False
7968004,SGCG,gene_assignment,True
7968015,TNFRSF19,gene_assignment,True
7968029,PCOTH,gene_assignment,True
7968035,SPATA13,gene_assignment,True
7968052,C1QTNF9,gene_assignment,True
7968056,LOC374491,gene_assignment,True
7968062,ATP12A,gene_assignment,True
7968085,RNF17,gene_assignment,True
7968126,LSP1,gene_assignment,True
7968128,PABPC3,gene_assignment,True
7968132,NUPL1,gene_assignment,True
7968154,ATP8A2,gene_assignment,True
7968195,,,False
7968199,CDK8,gene_assignment,True
7968212,WASF3,gene_assignment,True
7968226,RPL21,gene_assignment,True
7968232,SNORD102,gene_assignment,True
7968234,SNORA27,gene_assignment,True
7968236,RASL11A,gene_assignment,True
7968242,GTF3A,gene_assignment,True
7968254,POLR1D,gene_assignment,True
7968260,GSX1,gene_assignment,True
7968265,PDX1,gene_assignment,True
7968270,ATP5EP2,gene_assignment,True
7968272,,,False
7968274,PAN3,gene_assignment,True
7968295,,,False
7968297,POMP,gene_assignment,True
7968307,MTUS2,gene_assignment,True
7968323,LOC440131,gene_assignment,True
7968331,UBE2L3,gene_assignment,True
7968333,USPL1,gene_assignment,True
7968344,ALOX5AP,gene_assignment,True
7968351,C13ORF33,gene_assignment,True
7968361,BC030277,gene_assignment,True
7968370,B3GALTL,gene_assignment,True
7968389,RXFP2,gene_assignment,True
7968411,EEF1DP3,gene_assignment,True
7968417,FRY,gene_assignment,True
7968484,BRCA2,gene_assignment,True
7968514,,,False
7968516,PDS5B,gene_assignment,True
7968556,KL,gene_assignment,True
7968563,RFC3,gene_assignment,True
7968577,NBEA,gene_assignment,True
7968630,,,False
7968632,,,False
7968637,CCNA1,gene_assignment,True
7968650,C13ORF36,gene_assignment,True
7968653,RFXAP,gene_assignment,True
7968658,EXOSC8,gene_assignment,True
7968670,UFM1,gene_assignment,True
7968678,FREM2,gene_assignment,True
7968703,NHLRC3,gene_assignment,True
7968711,COG6,gene_assignment,True
7968732,,,False
7968734,SLC25A15,gene_assignment,True
7968746,WBP4,gene_assignment,True
7968759,,,False
7968761,NAA16,gene_assignment,True
7968787,MGC72080,gene_assignment,True
7968789,C13ORF15,gene_assignment,True
7968796,,,False
7968798,,,False
7968800,DGKH,gene_assignment,True
7968835,AKAP11,gene_assignment,True
7968851,TNFSF11,gene_assignment,True
7968866,C13ORF30,gene_assignment,True
7968872,DNAJC15,gene_assignment,True
7968883,C13ORF31,gene_assignment,True
7968890,DGKZ,gene_assignment,True
7968892,SERP2,gene_assignment,True
7968898,BC039586,gene_assignment,True
7968911,,,False
7968913,,,False
7968915,GTF2F2,gene_assignment,True
7968926,,,False
7968928,RCN1,gene_assignment,True
7968931,COG3,gene_assignment,True
7968957,SPERT,gene_assignment,True
7968962,ENST00000446175,gene_assignment,True
7968972,COX17,gene_assignment,True
7968976,LRCH1,gene_assignment,True
7968999,NUDT15,gene_assignment,True
7969003,ITM2B,gene_assignment,True
7969017,RB1,gene_assignment,True
7969048,,,False
7969050,CYSLTR2,gene_assignment,True
7969058,,,False
7969060,FNDC3A,gene_assignment,True
7969091,,,False
7969093,MLNR,gene_assignment,True
7969096,CDADC1,gene_assignment,True
7969114,SETDB2,gene_assignment,True
7969129,PHF11,gene_assignment,True
7969143,,,False
7969145,ARL11,gene_assignment,True
7969151,CTAGE10P,gene_assignment,True
7969153,TRIM13,gene_assignment,True
7969166,KCNRG,gene_assignment,True
7969171,DLEU1,gene_assignment,True
7969177,ST13P4,gene_assignment,True
7969179,RNASEH2B,gene_assignment,True
7969192,BC051771,gene_assignment,True
7969202,,,False
7969204,WDFY2,gene_assignment,True
7969222,CCDC70,gene_assignment,True
7969228,ALG11,gene_assignment,True
7969241,,,False
7969243,CKAP2,gene_assignment,True
7969256,TPTE2P3,gene_assignment,True
7969263,HNRNPA1L2,gene_assignment,True
7969271,SUGT1,gene_assignment,True
7969286,,,False
7969288,OLFM4,gene_assignment,True
7969298,,,False
7969300,PRR20A,gene_assignment,True
7969306,PRR20A,gene_assignment,True
7969312,PRR20A,gene_assignment,True
7969318,PRR20A,gene_assignment,True
7969324,PRR20A,gene_assignment,True
7969330,PCDH17,gene_assignment,True
7969339,,,False
7969341,TDRD3,gene_assignment,True
7969358,,,False
7969360,,,False
7969364,,,False
7969366,,,False
7969368,,,False
7969370,,,False
7969372,,,False
7969374,C13ORF34,gene_assignment,True
7969390,PIBF1,gene_assignment,True
7969414,KLF5,gene_assignment,True
7969424,,,False
7969426,,,False
7969428,UCHL3,gene_assignment,True
7969438,LMO7,gene_assignment,True
7969472,ENST00000318245,gene_assignment,True
7969477,,,False
7969479,BTF3P11,gene_assignment,True
7969482,ENST00000377462,gene_assignment,True
7969488,CLN5,gene_assignment,True
7969493,SCEL,gene_assignment,True
7969531,,,False
7969533,SLAIN1,gene_assignment,True
7969544,NDFIP2,gene_assignment,True
7969559,ENST00000393073,gene_assignment,True
7969563,,,False
7969569,SLITRK5,gene_assignment,True
7969574,MIR622,gene_assignment,True
7969576,MIR17HG,gene_assignment,True
7969596,GPC5,gene_assignment,True
7969609,,,False
7969613,GPC6,gene_assignment,True
7969626,GPR180,gene_assignment,True
7969638,,,False
7969640,CLDN10,gene_assignment,True
7969651,DNAJC3,gene_assignment,True
7969665,HS6ST3,gene_assignment,True
7969671,,,False
7969675,,,False
7969677,MBNL2,gene_assignment,True
7969693,RAP2A,gene_assignment,True
7969701,,,False
7969703,IPO5,gene_assignment,True
7969736,FARP1,gene_assignment,True
7969768,,,False
7969770,,,False
7969776,UBAC2,gene_assignment,True
7969792,,,False
7969794,AY358798,gene_assignment,True
7969796,TM9SF2,gene_assignment,True
7969815,CLYBL,gene_assignment,True
7969830,ZIC2,gene_assignment,True
7969835,PCCA,gene_assignment,True
7969861,ITGBL1,gene_assignment,True
7969881,TPP2,gene_assignment,True
7969914,,,False
7969916,BIVM,gene_assignment,True
7969933,AK126520,gene_assignment,True
7969935,ERCC5,gene_assignment,True
7969955,LOC121952,gene_assignment,True
7969959,DAOA,gene_assignment,True
7969975,,,False
7969977,,,False
7969979,ABHD13,gene_assignment,True
7969986,TNFSF13B,gene_assignment,True
7969995,MYO16,gene_assignment,True
7970031,,,False
7970033,COL4A2,gene_assignment,True
7970082,,,False
7970084,CARKD,gene_assignment,True
7970096,ING1,gene_assignment,True
7970111,ARHGEF7,gene_assignment,True
7970139,BC029889,gene_assignment,True
7970146,SOX1,gene_assignment,True
7970150,C13ORF28,gene_assignment,True
7970158,C13ORF35,gene_assignment,True
7970162,ATP11A,gene_assignment,True
7970194,MCF2L,gene_assignment,True
7970232,F7,gene_assignment,True
7970241,F10,gene_assignment,True
7970251,PROZ,gene_assignment,True
7970262,CUL4A,gene_assignment,True
7970287,LAMP1,gene_assignment,True
7970301,TMCO3,gene_assignment,True
7970317,TFDP1,gene_assignment,True
7970325,GRK1,gene_assignment,True
7970329,GAS6,gene_assignment,True
7970347,CDC16,gene_assignment,True
7970370,UPF3A,gene_assignment,True
7970376,ZNF828,gene_assignment,True
7970381,ANKRD20B,gene_assignment,True
7970388,LOC284232,gene_assignment,True
7970390,,,False
7970392,,,False
7970395,TUBA3C,gene_assignment,True
7970404,TPTE2,gene_assignment,True
7970413,PSPC1,gene_assignment,True
7970426,,,False
7970428,ZMYM5,gene_assignment,True
7970439,GJA3,gene_assignment,True
7970441,GJB2,gene_assignment,True
7970448,GJB6,gene_assignment,True
7970455,CRYL1,gene_assignment,True
7970467,N6AMT2,gene_assignment,True
7970473,XPO4,gene_assignment,True
7970498,LATS2,gene_assignment,True
7970507,,,False
7970509,,,False
7970511,,,False
7970513,SKA3,gene_assignment,True
7970524,ZDHHC20,gene_assignment,True
7970542,,,False
7970546,EFHA1,gene_assignment,True
7970563,,,False
7970567,,,False
7970569,SACS,gene_assignment,True
7970577,MIPEP,gene_assignment,True
7970595,C1QTNF9B,gene_assignment,True
7970597,AK128225,gene_assignment,True
7970602,PARP4,gene_assignment,True
7970622,,,False
7970624,CENPJ,gene_assignment,True
7970648,FAM123A,gene_assignment,True
7970655,MTMR6,gene_assignment,True
7970672,,,False
7970674,,,False
7970676,SHISA2,gene_assignment,True
7970681,RNF6,gene_assignment,True
7970691,GPR12,gene_assignment,True
7970696,USP12,gene_assignment,True
7970702,,,False
7970704,MTIF3,gene_assignment,True
7970716,LNX2,gene_assignment,True
7970727,CDX2,gene_assignment,True
7970732,PRHOXNB,gene_assignment,True
7970735,,,False
7970737,FLT3,gene_assignment,True
7970763,FLT1,gene_assignment,True
7970793,SLC46A3,gene_assignment,True
7970804,,,False
7970806,BC027486,gene_assignment,True
7970810,SLC7A1,gene_assignment,True
7970828,AB064667,gene_assignment,True
7970831,UBL3,gene_assignment,True
7970844,KATNAL1,gene_assignment,True
7970858,HMGB1,gene_assignment,True
7970864,HSPH1,gene_assignment,True
7970887,ZAR1L,gene_assignment,True
7970892,N4BP2L1,gene_assignment,True
7970905,,,False
7970907,N4BP2L2,gene_assignment,True
7970922,,,False
7970924,STARD13,gene_assignment,True
7970947,,,False
7970949,MAB21L1,gene_assignment,True
7970954,DCLK1,gene_assignment,True
7970975,SOHLH2,gene_assignment,True
7970989,C13ORF38,gene_assignment,True
7970999,SPG20,gene_assignment,True
7971013,,,False
7971015,SMAD9,gene_assignment,True
7971027,ALG5,gene_assignment,True
7971039,FAM48A,gene_assignment,True
7971071,CSNK1A1L,gene_assignment,True
7971075,,,False
7971077,POSTN,gene_assignment,True
7971104,TRPC4,gene_assignment,True
7971122,,,False
7971124,,,False
7971126,STOML3,gene_assignment,True
7971134,C13ORF23,gene_assignment,True
7971150,LHFP,gene_assignment,True
7971159,AF463496,gene_assignment,True
7971161,,,False
7971163,,,False
7971165,,,False
7971167,LOC646982,gene_assignment,True
7971177,FOXO1,gene_assignment,True
7971184,MRPS31,gene_assignment,True
7971191,SUGT1P3,gene_assignment,True
7971197,ELF1,gene_assignment,True
7971208,KBTBD6,gene_assignment,True
7971216,,,False
7971218,KBTBD7,gene_assignment,True
7971222,MTRF1,gene_assignment,True
7971239,,,False
7971241,MGC72080,gene_assignment,True
7971243,,,False
7971246,KIAA0564,gene_assignment,True
7971294,,,False
7971296,EPSTI1,gene_assignment,True
7971311,ENOX1,gene_assignment,True
7971335,CCDC122,gene_assignment,True
7971345,ENST00000400419,gene_assignment,True
7971350,TSC22D1,gene_assignment,True
7971359,,,False
7971361,NUFIP1,gene_assignment,True
7971369,KCTD4,gene_assignment,True
7971373,,,False
7971375,TPT1,gene_assignment,True
7971386,SNORA31,gene_assignment,True
7971388,SLC25A30,gene_assignment,True
7971400,FAM194B,gene_assignment,True
7971415,,,False
7971419,SIAH3,gene_assignment,True
7971422,ZC3H13,gene_assignment,True
7971444,CPB2,gene_assignment,True
7971461,LCP1,gene_assignment,True
7971482,,,False
7971484,,,False
7971486,C13ORF18,gene_assignment,True
7971511,,,False
7971513,ESD,gene_assignment,True
7971526,HTR2A,gene_assignment,True
7971539,,,False
7971541,SUCLA2,gene_assignment,True
7971550,MED4,gene_assignment,True
7971561,,,False
7971563,PCNP,gene_assignment,True
7971565,LPAR6,gene_assignment,True
7971573,RCBTB2,gene_assignment,True
7971590,CAB39L,gene_assignment,True
7971602,RCBTB1,gene_assignment,True
7971615,EBPL,gene_assignment,True
7971620,KPNA3,gene_assignment,True
7971640,,,False
7971642,,,False
7971644,C13ORF1,gene_assignment,True
7971653,DLEU2,gene_assignment,True
7971659,MIR16-1,gene_assignment,True
7971661,MIR15A,gene_assignment,True
7971663,DLEU7,gene_assignment,True
7971669,,,False
7971671,GUCY1B2,gene_assignment,True
7971690,,,False
7971692,INTS6,gene_assignment,True
7971711,,,False
7971713,DHRS12,gene_assignment,True
7971723,NCRNA00282,gene_assignment,True
7971727,AF338231,gene_assignment,True
7971731,ATP7B,gene_assignment,True
7971757,NEK5,gene_assignment,True
7971780,NEK3,gene_assignment,True
7971800,THSD1P1,gene_assignment,True
7971813,THSD1,gene_assignment,True
7971820,VPS36,gene_assignment,True
7971838,LECT1,gene_assignment,True
7971850,PCDH8,gene_assignment,True
7971858,,,False
7971860,,,False
7971864,,,False
7971866,DIAPH3,gene_assignment,True
7971899,,,False
7971901,,,False
7971905,PCDH20,gene_assignment,True
7971913,,,False
7971915,AK127969,gene_assignment,True
7971920,HNRNPA3,gene_assignment,True
7971922,PCDH9,gene_assignment,True
7971937,KLHL1,gene_assignment,True
7971950,DACH1,gene_assignment,True
7971965,AK097079,gene_assignment,True
7971967,DIS3,gene_assignment,True
7971996,,,False
7971998,,,False
7972001,,,False
7972003,KLF12,gene_assignment,True
7972016,,,False
7972018,ENST00000325811,gene_assignment,True
7972021,TBC1D4,gene_assignment,True
7972044,COMMD6,gene_assignment,True
7972053,,,False
7972055,KCTD12,gene_assignment,True
7972062,FBXL3,gene_assignment,True
7972069,MYCBP2,gene_assignment,True
7972157,EDNRB,gene_assignment,True
7972173,,,False
7972175,,,False
7972177,POU4F1,gene_assignment,True
7972180,RNF219,gene_assignment,True
7972190,RBM26,gene_assignment,True
7972217,SPRY2,gene_assignment,True
7972223,,,False
7972225,,,False
7972229,,,False
7972231,SLITRK1,gene_assignment,True
7972237,,,False
7972239,SLITRK6,gene_assignment,True
7972247,BC036697,gene_assignment,True
7972251,,,False
7972257,,,False
7972259,DCT,gene_assignment,True
7972269,TGDS,gene_assignment,True
7972287,,,False
7972291,SOX21,gene_assignment,True
7972297,ABCC4,gene_assignment,True
7972334,,,False
7972336,DZIP1,gene_assignment,True
7972369,UGGT2,gene_assignment,True
7972414,,,False
7972416,,,False
7972420,AY956767,gene_assignment,True
7972426,,,False
7972428,OXGR1,gene_assignment,True
7972438,RNF113B,gene_assignment,True
7972442,,,False
7972444,STK24,gene_assignment,True
7972461,SLC15A1,gene_assignment,True
7972487,DOCK9,gene_assignment,True
7972546,,,False
7972548,GPR18,gene_assignment,True
7972557,GPR183,gene_assignment,True
7972561,,,False
7972563,,,False
7972565,,,False
7972567,ZIC5,gene_assignment,True
7972570,A2LD1,gene_assignment,True
7972577,RPS26,gene_assignment,True
7972579,TMTC4,gene_assignment,True
7972601,NALCN,gene_assignment,True
7972650,FGF14,gene_assignment,True
7972661,,,False
7972663,,,False
7972665,BC132748,gene_assignment,True
7972670,C13ORF40,gene_assignment,True
7972672,C13ORF40,gene_assignment,True
7972674,C13ORF27,gene_assignment,True
7972682,KDELC1,gene_assignment,True
7972692,SLC10A2,gene_assignment,True
7972699,DAOA,gene_assignment,True
7972711,,,False
7972713,EFNB2,gene_assignment,True
7972723,ARGLU1,gene_assignment,True
7972733,,,False
7972735,,,False
7972737,LIG4,gene_assignment,True
7972743,,,False
7972745,IRS2,gene_assignment,True
7972748,,,False
7972750,COL4A1,gene_assignment,True
7972805,RAB20,gene_assignment,True
7972808,,,False
7972810,CARS2,gene_assignment,True
7972826,C13ORF29,gene_assignment,True
7972828,ANKRD10,gene_assignment,True
7972840,TUBGCP3,gene_assignment,True
7972867,PCID2,gene_assignment,True
7972888,BC008975,gene_assignment,True
7972890,GRTP1,gene_assignment,True
7972899,BX647655,gene_assignment,True
7972902,ADPRHL1,gene_assignment,True
7972912,DCUN1D2,gene_assignment,True
7972921,,,False
7972923,ATP4B,gene_assignment,True
7972932,AK092862,gene_assignment,True
7972936,FAM70B,gene_assignment,True
7972946,RASA3,gene_assignment,True
7972973,AF287261,gene_assignment,True
7972977,,,False
7972979,,,False
7972981,OR11H1,gene_assignment,True
7972983,POTEM,gene_assignment,True
7973002,AK096951,gene_assignment,True
7973004,OR4Q3,gene_assignment,True
7973006,ENST00000316004,gene_assignment,True
7973008,OR4M1,gene_assignment,True
7973010,OR4N2,gene_assignment,True
7973012,OR4K2,gene_assignment,True
7973014,OR4K5,gene_assignment,True
7973016,OR4K1,gene_assignment,True
7973018,OR4K15,gene_assignment,True
7973020,ENST00000357151,gene_assignment,True
7973022,OR4L1,gene_assignment,True
7973024,OR4K17,gene_assignment,True
7973026,OR4N5,gene_assignment,True
7973028,OR11G2,gene_assignment,True
7973030,OR11H6,gene_assignment,True
7973034,OR11H4,gene_assignment,True
7973036,PARP2,gene_assignment,True
7973054,,,False
7973056,APEX1,gene_assignment,True
7973067,PNP,gene_assignment,True
7973078,RNASE10,gene_assignment,True
7973080,AK093210,gene_assignment,True
7973082,,,False
7973084,ANG,gene_assignment,True
7973093,EDDM3A,gene_assignment,True
7973098,EDDM3B,gene_assignment,True
7973101,RNASE6,gene_assignment,True
7973105,RNASE3,gene_assignment,True
7973108,ECRP,gene_assignment,True
7973110,RNASE2,gene_assignment,True
7973116,METT11D1,gene_assignment,True
7973135,SLC39A2,gene_assignment,True
7973142,TPPP2,gene_assignment,True
7973149,RNASE7,gene_assignment,True
7973156,RNASE8,gene_assignment,True
7973158,ARHGEF40,gene_assignment,True
7973182,ENST00000320322,gene_assignment,True
7973185,RPGRIP1,gene_assignment,True
7973214,TOX4,gene_assignment,True
7973221,AK301287,gene_assignment,True
7973296,OR4E2,gene_assignment,True
7973298,X58769,gene_assignment,True
7973303,,,False
7973306,ABHD4,gene_assignment,True
7973314,OXA1L,gene_assignment,True
7973327,MRPL52,gene_assignment,True
7973336,MMP14,gene_assignment,True
7973350,,,False
7973352,LRP10,gene_assignment,True
7973363,REM2,gene_assignment,True
7973369,PSMB11,gene_assignment,True
7973371,ENST00000262710,gene_assignment,True
7973377,BCL2L2,gene_assignment,True
7973384,PABPN1,gene_assignment,True
7973393,IL25,gene_assignment,True
7973403,CMTM5,gene_assignment,True
7973414,NGDN,gene_assignment,True
7973427,THTPA,gene_assignment,True
7973433,DHRS2,gene_assignment,True
7973444,,,False
7973446,ENST00000354854,gene_assignment,True
7973448,DHRS4,gene_assignment,True
7973458,DHRS4L2,gene_assignment,True
7973468,LRRC16B,gene_assignment,True
7973510,CPNE6,gene_assignment,True
7973530,PCK2,gene_assignment,True
7973545,DCAF11,gene_assignment,True
7973564,PSME1,gene_assignment,True
7973580,FITM1,gene_assignment,True
7973584,RNF31,gene_assignment,True
7973611,,,False
7973613,RNF31,gene_assignment,True
7973618,IRF9,gene_assignment,True
7973629,REC8,gene_assignment,True
7973652,TSSK4,gene_assignment,True
7973660,GMPR2,gene_assignment,True
7973679,C14ORF21,gene_assignment,True
7973694,LTB4R2,gene_assignment,True
7973702,LTB4R,gene_assignment,True
7973709,NFATC4,gene_assignment,True
7973724,NYNRIN,gene_assignment,True
7973727,NYNRIN,gene_assignment,True
7973732,KHNYN,gene_assignment,True
7973743,ENST00000355069,gene_assignment,True
7973745,FOXG1,gene_assignment,True
7973748,C14ORF23,gene_assignment,True
7973752,,,False
7973756,G2E3,gene_assignment,True
7973770,SCFD1,gene_assignment,True
7973797,COCH,gene_assignment,True
7973813,AP4S1,gene_assignment,True
7973820,,,False
7973826,NUBPL,gene_assignment,True
7973840,ARHGAP5,gene_assignment,True
7973850,AKAP6,gene_assignment,True
7973865,,,False
7973871,,,False
7973875,NPAS3,gene_assignment,True
7973894,CR595167,gene_assignment,True
7973896,RNU1-1,gene_assignment,True
7973900,C14ORF19,gene_assignment,True
7973902,SRP54,gene_assignment,True
7973918,FAM177A1,gene_assignment,True
7973924,KIAA0391,gene_assignment,True
7973936,PSMA6,gene_assignment,True
7973943,INSM2,gene_assignment,True
7973948,BRMS1L,gene_assignment,True
7973962,BC062480,gene_assignment,True
7973966,,,False
7973968,,,False
7973970,AK124214,gene_assignment,True
7973972,,,False
7973974,PAX9,gene_assignment,True
7973985,MIPOL1,gene_assignment,True
7974008,BC038110,gene_assignment,True
7974027,,,False
7974029,BC103915,gene_assignment,True
7974047,SSTR1,gene_assignment,True
7974052,,,False
7974054,SIP1,gene_assignment,True
7974066,PNN,gene_assignment,True
7974080,MIA2,gene_assignment,True
7974090,CTAGE5,gene_assignment,True
7974109,LRFN5,gene_assignment,True
7974117,C14ORF28,gene_assignment,True
7974125,FAM179B,gene_assignment,True
7974146,PRPF39,gene_assignment,True
7974164,,,False
7974166,FANCM,gene_assignment,True
7974190,DNAJC19,gene_assignment,True
7974198,PPIL5,gene_assignment,True
7974207,MGAT2,gene_assignment,True
7974212,,,False
7974214,KLHDC1,gene_assignment,True
7974229,KLHDC2,gene_assignment,True
7974245,SDCCAG1,gene_assignment,True
7974249,ARF6,gene_assignment,True
7974253,,,False
7974255,,,False
7974257,ATP5S,gene_assignment,True
7974270,ATL1,gene_assignment,True
7974288,ABHD12B,gene_assignment,True
7974303,TMX1,gene_assignment,True
7974314,,,False
7974316,FRMD6,gene_assignment,True
7974337,,,False
7974339,,,False
7974341,GNG2,gene_assignment,True
7974352,C14ORF166,gene_assignment,True
7974363,PTGDR,gene_assignment,True
7974366,PTGER2,gene_assignment,True
7974372,GPR137C,gene_assignment,True
7974380,PSMC6,gene_assignment,True
7974387,STYX,gene_assignment,True
7974402,,,False
7974404,CDKN3,gene_assignment,True
7974418,CGRRF1,gene_assignment,True
7974425,SAMD4A,gene_assignment,True
7974447,SOCS4,gene_assignment,True
7974455,MAPK1IP1L,gene_assignment,True
7974461,LGALS3,gene_assignment,True
7974471,,,False
7974473,FBXO34,gene_assignment,True
7974481,,,False
7974483,KTN1,gene_assignment,True
7974531,RPL13AP3,gene_assignment,True
7974533,PELI2,gene_assignment,True
7974542,C14ORF101,gene_assignment,True
7974562,,,False
7974564,EXOC5,gene_assignment,True
7974566,MUDENG,gene_assignment,True
7974576,NAA30,gene_assignment,True
7974585,,,False
7974587,ACTR10,gene_assignment,True
7974603,PSMA3,gene_assignment,True
7974617,,,False
7974619,,,False
7974621,ARID4A,gene_assignment,True
7974647,TOMM20L,gene_assignment,True
7974653,KIAA0586,gene_assignment,True
7974689,DACT1,gene_assignment,True
7974695,,,False
7974697,DAAM1,gene_assignment,True
7974725,JKAMP,gene_assignment,True
7974737,AK128037,gene_assignment,True
7974771,C14ORF135,gene_assignment,True
7974781,PPM1A,gene_assignment,True
7974793,SIX6,gene_assignment,True
7974799,MNAT1,gene_assignment,True
7974811,,,False
7974814,,,False
7974816,SLC38A6,gene_assignment,True
7974835,PRKCH,gene_assignment,True
7974851,HIF1A,gene_assignment,True
7974870,SNAPC1,gene_assignment,True
7974882,SYT16,gene_assignment,True
7974895,FLJ43390,gene_assignment,True
7974900,FLJ43390,gene_assignment,True
7974902,RHOJ,gene_assignment,True
7974912,,,False
7974914,,,False
7974916,,,False
7974920,SYNE2,gene_assignment,True
7975045,MTHFD1,gene_assignment,True
7975066,AKAP5,gene_assignment,True
7975068,ZBTB1,gene_assignment,True
7975076,HSPA2,gene_assignment,True
7975081,BC068989,gene_assignment,True
7975095,PLEKHG3,gene_assignment,True
7975113,CHURC1,gene_assignment,True
7975121,FNTB,gene_assignment,True
7975136,FUT8,gene_assignment,True
7975154,NCRNA00238,gene_assignment,True
7975167,GPHN,gene_assignment,True
7975191,FAM71D,gene_assignment,True
7975203,MPP5,gene_assignment,True
7975222,,,False
7975224,EIF2S1,gene_assignment,True
7975238,PLEKHH1,gene_assignment,True
7975268,ARG2,gene_assignment,True
7975282,,,False
7975284,RDH12,gene_assignment,True
7975292,RAD51L1,gene_assignment,True
7975309,,,False
7975311,EXD2,gene_assignment,True
7975324,GALNTL1,gene_assignment,True
7975344,SLC39A9,gene_assignment,True
7975354,UPF0639,gene_assignment,True
7975361,KIAA0247,gene_assignment,True
7975368,SRSF5,gene_assignment,True
7975386,,,False
7975390,SMOC1,gene_assignment,True
7975404,,,False
7975406,ADAM21,gene_assignment,True
7975410,,,False
7975412,TTC9,gene_assignment,True
7975416,PCNX,gene_assignment,True
7975453,SNORD56B,gene_assignment,True
7975457,,,False
7975459,SIPA1L1,gene_assignment,True
7975482,RGS6,gene_assignment,True
7975506,DCAF4,gene_assignment,True
7975521,RBM25,gene_assignment,True
7975545,PSEN1,gene_assignment,True
7975562,PAPLN,gene_assignment,True
7975595,C14ORF169,gene_assignment,True
7975598,ACOT1,gene_assignment,True
7975602,ACOT2,gene_assignment,True
7975607,ACOT4,gene_assignment,True
7975613,ACOT6,gene_assignment,True
7975616,DNAL1,gene_assignment,True
7975626,C14ORF43,gene_assignment,True
7975630,,,False
7975632,PTGR2,gene_assignment,True
7975645,ZNF410,gene_assignment,True
7975661,COQ6,gene_assignment,True
7975676,C14ORF45,gene_assignment,True
7975687,LIN52,gene_assignment,True
7975694,,,False
7975696,VSX2,gene_assignment,True
7975702,VRTN,gene_assignment,True
7975705,ISCA2,gene_assignment,True
7975713,FCF1,gene_assignment,True
7975725,YLPM1,gene_assignment,True
7975747,DLST,gene_assignment,True
7975760,EIF2B2,gene_assignment,True
7975770,,,False
7975772,FAM164C,gene_assignment,True
7975779,FOS,gene_assignment,True
7975787,JDP2,gene_assignment,True
7975793,BATF,gene_assignment,True
7975799,FLVCR2,gene_assignment,True
7975813,,,False
7975815,TTLL5,gene_assignment,True
7975851,C14ORF179,gene_assignment,True
7975863,C14ORF118,gene_assignment,True
7975876,ESRRB,gene_assignment,True
7975889,VASH1,gene_assignment,True
7975901,C14ORF166B,gene_assignment,True
7975924,,,False
7975926,KIAA1737,gene_assignment,True
7975932,TMEM63C,gene_assignment,True
7975956,GSTZ1,gene_assignment,True
7975971,SAMD15,gene_assignment,True
7975976,AHSA1,gene_assignment,True
7975987,,,False
7975989,C14ORF156,gene_assignment,True
7975995,C14ORF178,gene_assignment,True
7976000,ADCK1,gene_assignment,True
7976012,NRXN3,gene_assignment,True
7976037,TSHR,gene_assignment,True
7976057,,,False
7976059,,,False
7976069,,,False
7976073,FLRT2,gene_assignment,True
7976080,GPR65,gene_assignment,True
7976084,SPATA7,gene_assignment,True
7976101,ZC3H14,gene_assignment,True
7976126,,,False
7976128,TTC8,gene_assignment,True
7976146,,,False
7976148,PRO1768,gene_assignment,True
7976154,,,False
7976156,,,False
7976158,,,False
7976160,TDP1,gene_assignment,True
7976182,KCNK13,gene_assignment,True
7976187,,,False
7976189,PSMC1,gene_assignment,True
7976200,CALM1,gene_assignment,True
7976216,C14ORF159,gene_assignment,True
7976239,,,False
7976241,ENST00000267622,gene_assignment,True
7976243,CPSF2,gene_assignment,True
7976261,,,False
7976263,SLC24A4,gene_assignment,True
7976292,RIN3,gene_assignment,True
7976307,GOLGA5,gene_assignment,True
7976322,CHGA,gene_assignment,True
7976333,C14ORF109,gene_assignment,True
7976336,UBR7,gene_assignment,True
7976350,KIAA1409,gene_assignment,True
7976402,COX8C,gene_assignment,True
7976407,BC009073,gene_assignment,True
7976412,C14ORF48,gene_assignment,True
7976425,OTUB2,gene_assignment,True
7976436,IFI27L1,gene_assignment,True
7976443,IFI27,gene_assignment,True
7976451,PPP4R4,gene_assignment,True
7976481,SERPINA4,gene_assignment,True
7976488,SERPINA5,gene_assignment,True
7976496,SERPINA3,gene_assignment,True
7976506,SERPINA13,gene_assignment,True
7976512,FLJ45244,gene_assignment,True
7976515,GLRX5,gene_assignment,True
7976523,AB035332,gene_assignment,True
7976544,TCL1B,gene_assignment,True
7976554,BX247990,gene_assignment,True
7976556,C14ORF132,gene_assignment,True
7976560,BDKRB2,gene_assignment,True
7976567,BDKRB1,gene_assignment,True
7976571,C14ORF129,gene_assignment,True
7976576,,,False
7976578,AK7,gene_assignment,True
7976598,PAPOLA,gene_assignment,True
7976621,VRK1,gene_assignment,True
7976635,ENST00000325812,gene_assignment,True
7976642,,,False
7976646,,,False
7976648,CCNK,gene_assignment,True
7976667,,,False
7976669,HHIPL1,gene_assignment,True
7976681,CYP46A1,gene_assignment,True
7976698,EML1,gene_assignment,True
7976724,,,False
7976726,EVL,gene_assignment,True
7976744,YY1,gene_assignment,True
7976755,SLC25A47,gene_assignment,True
7976766,WDR25,gene_assignment,True
7976778,AK094097,gene_assignment,True
7976783,DLK1,gene_assignment,True
7976795,MEG3,gene_assignment,True
7976804,MIR127,gene_assignment,True
7976806,MIR136,gene_assignment,True
7976808,,,False
7976810,SNORD113-3,gene_assignment,True
7976812,SNORD113-4,gene_assignment,True
7976814,SNORD114-2,gene_assignment,True
7976816,SNORD114-3,gene_assignment,True
7976818,SNORD114-6,gene_assignment,True
7976826,SNORD114-26,gene_assignment,True
7976828,AK123165,gene_assignment,True
7976830,MIR299,gene_assignment,True
7976832,MIR323,gene_assignment,True
7976834,MIR494,gene_assignment,True
7976836,MIR495,gene_assignment,True
7976838,MIR376C,gene_assignment,True
7976840,MIR487A,gene_assignment,True
7976842,MIR382,gene_assignment,True
7976844,MIR134,gene_assignment,True
7976846,MIR485,gene_assignment,True
7976848,,,False
7976850,MIR154,gene_assignment,True
7976852,MIR377,gene_assignment,True
7976854,MIR412,gene_assignment,True
7976856,MIR410,gene_assignment,True
7976858,DIO3,gene_assignment,True
7976863,PPP2R5C,gene_assignment,True
7976874,,,False
7976876,DYNC1H1,gene_assignment,True
7976957,WDR20,gene_assignment,True
7976967,ZNF839,gene_assignment,True
7976976,TECPR2,gene_assignment,True
7977003,RCOR1,gene_assignment,True
7977016,,,False
7977018,TRAF3,gene_assignment,True
7977033,AMN,gene_assignment,True
7977046,TNFAIP2,gene_assignment,True
7977058,EIF5,gene_assignment,True
7977075,SNORA28,gene_assignment,True
7977077,MARK3,gene_assignment,True
7977105,TRMT61A,gene_assignment,True
7977119,C14ORF153,gene_assignment,True
7977125,,,False
7977127,KLC1,gene_assignment,True
7977149,ZFYVE21,gene_assignment,True
7977161,TDRD9,gene_assignment,True
7977203,ASPG,gene_assignment,True
7977214,MIR203,gene_assignment,True
7977216,KIF26A,gene_assignment,True
7977234,C14ORF180,gene_assignment,True
7977241,INF2,gene_assignment,True
7977249,INF2,gene_assignment,True
7977270,AK131040,gene_assignment,True
7977273,ADSSL1,gene_assignment,True
7977288,SIVA1,gene_assignment,True
7977294,ZBTB42,gene_assignment,True
7977296,MGC23270,gene_assignment,True
7977299,KIAA0284,gene_assignment,True
7977319,PLD4,gene_assignment,True
7977331,C14ORF79,gene_assignment,True
7977340,BTBD6,gene_assignment,True
7977344,PACS2,gene_assignment,True
7977371,PACS2,gene_assignment,True
7977373,MTA1,gene_assignment,True
7977397,CRIP2,gene_assignment,True
7977409,CRIP1,gene_assignment,True
7977418,C14ORF80,gene_assignment,True
7977432,TMEM121,gene_assignment,True
7977435,,,False
7977438,,,False
7977440,KIAA0125,gene_assignment,True
7977445,KIAA0125,gene_assignment,True
7977447,NCRNA00221,gene_assignment,True
7977450,OR11H1,gene_assignment,True
7977452,ENST00000400192,gene_assignment,True
7977454,POTEM,gene_assignment,True
7977456,POTEG,gene_assignment,True
7977472,OR11H1,gene_assignment,True
7977474,,,False
7977476,OR4K14,gene_assignment,True
7977478,OR4K13,gene_assignment,True
7977482,TTC5,gene_assignment,True
7977497,CCNB1IP1,gene_assignment,True
7977507,RPPH1,gene_assignment,True
7977511,TEP1,gene_assignment,True
7977567,KLHL33,gene_assignment,True
7977571,OSGEP,gene_assignment,True
7977584,TMEM55B,gene_assignment,True
7977592,AF190748,gene_assignment,True
7977596,RNASE9,gene_assignment,True
7977598,RNASE11,gene_assignment,True
7977606,RNASE12,gene_assignment,True
7977609,OR6S1,gene_assignment,True
7977615,RNASE1,gene_assignment,True
7977621,NDRG2,gene_assignment,True
7977642,RNASE13,gene_assignment,True
7977646,ZNF219,gene_assignment,True
7977653,,,False
7977655,OR5AU1,gene_assignment,True
7977657,HNRNPC,gene_assignment,True
7977674,SUPT16H,gene_assignment,True
7977693,CHD8,gene_assignment,True
7977732,SNORD8,gene_assignment,True
7977734,,,False
7977736,RAB2B,gene_assignment,True
7977749,METTL3,gene_assignment,True
7977761,SALL2,gene_assignment,True
7977767,OR10G3,gene_assignment,True
7977771,OR10G2,gene_assignment,True
7977773,,,False
7977775,DAD1,gene_assignment,True
7977780,ABHD4,gene_assignment,True
7977782,,,False
7977784,,,False
7977786,SLC7A7,gene_assignment,True
7977801,,,False
7977803,RBM23,gene_assignment,True
7977820,PRMT5,gene_assignment,True
7977841,HAUS4,gene_assignment,True
7977854,JUB,gene_assignment,True
7977868,C14ORF93,gene_assignment,True
7977879,PSMB5,gene_assignment,True
7977888,CDH24,gene_assignment,True
7977906,ACIN1,gene_assignment,True
7977928,CEBPE,gene_assignment,True
7977933,SLC7A8,gene_assignment,True
7977951,,,False
7977955,PPP1R3E,gene_assignment,True
7977965,SLC22A17,gene_assignment,True
7977978,EFS,gene_assignment,True
7977987,MYH6,gene_assignment,True
7978019,MIR208A,gene_assignment,True
7978021,MYH7,gene_assignment,True
7978056,ZFHX2,gene_assignment,True
7978059,ZFHX2,gene_assignment,True
7978066,AP1G2,gene_assignment,True
7978093,JPH4,gene_assignment,True
7978103,C14ORF165,gene_assignment,True
7978107,NRL,gene_assignment,True
7978114,BC002491,gene_assignment,True
7978123,PSME2,gene_assignment,True
7978132,IPO4,gene_assignment,True
7978166,TM9SF1,gene_assignment,True
7978174,CHMP4A,gene_assignment,True
7978187,CHMP4A,gene_assignment,True
7978192,MDP1,gene_assignment,True
7978201,NEDD8,gene_assignment,True
7978208,TINF2,gene_assignment,True
7978222,TGM1,gene_assignment,True
7978239,RABGGTA,gene_assignment,True
7978260,DHRS1,gene_assignment,True
7978272,CIDEB,gene_assignment,True
7978285,ADCY4,gene_assignment,True
7978312,RIPK3,gene_assignment,True
7978329,,,False
7978331,CBLN3,gene_assignment,True
7978335,SDR39U1,gene_assignment,True
7978343,CMA1,gene_assignment,True
7978351,CTSG,gene_assignment,True
7978360,GZMH,gene_assignment,True
7978366,GZMB,gene_assignment,True
7978376,STXBP6,gene_assignment,True
7978389,,,False
7978391,NOVA1,gene_assignment,True
7978403,,,False
7978407,PRKD1,gene_assignment,True
7978428,STRN3,gene_assignment,True
7978449,HECTD1,gene_assignment,True
7978492,HEATR5A,gene_assignment,True
7978527,C14ORF126,gene_assignment,True
7978534,,,False
7978536,,,False
7978538,C14ORF128,gene_assignment,True
7978542,KIAA1143,gene_assignment,True
7978544,EGLN3,gene_assignment,True
7978553,C14ORF147,gene_assignment,True
7978558,EAPP,gene_assignment,True
7978568,RNU1-1,gene_assignment,True
7978570,SNX6,gene_assignment,True
7978586,CFL2,gene_assignment,True
7978595,BAZ1A,gene_assignment,True
7978626,,,False
7978628,PPP2R3C,gene_assignment,True
7978644,NFKBIA,gene_assignment,True
7978653,RALGAPA1,gene_assignment,True
7978662,,,False
7978666,MBIP,gene_assignment,True
7978676,NKX2-1,gene_assignment,True
7978686,NKX2-8,gene_assignment,True
7978690,,,False
7978692,SLC25A21,gene_assignment,True
7978704,,,False
7978706,FOXA1,gene_assignment,True
7978710,,,False
7978712,CLEC14A,gene_assignment,True
7978718,SEC23A,gene_assignment,True
7978739,TRAPPC6B,gene_assignment,True
7978748,FBXO33,gene_assignment,True
7978754,C11ORF58,gene_assignment,True
7978756,FSCB,gene_assignment,True
7978760,KLHL28,gene_assignment,True
7978766,FKBP3,gene_assignment,True
7978776,C14ORF106,gene_assignment,True
7978793,,,False
7978795,RPL10L,gene_assignment,True
7978801,MDGA2,gene_assignment,True
7978822,,,False
7978824,RPS29,gene_assignment,True
7978831,PPIL5,gene_assignment,True
7978833,RPL36AL,gene_assignment,True
7978838,C14ORF104,gene_assignment,True
7978846,POLE2,gene_assignment,True
7978866,SDCCAG1,gene_assignment,True
7978905,ENST00000382135,gene_assignment,True
7978911,C14ORF182,gene_assignment,True
7978917,ENST00000305273,gene_assignment,True
7978923,C14ORF138,gene_assignment,True
7978932,SOS2,gene_assignment,True
7978956,L2HGDH,gene_assignment,True
7978970,CDKL1,gene_assignment,True
7978997,MAP4K5,gene_assignment,True
7979031,,,False
7979033,SAV1,gene_assignment,True
7979042,,,False
7979044,NIN,gene_assignment,True
7979085,PYGL,gene_assignment,True
7979108,TRIM9,gene_assignment,True
7979125,,,False
7979129,,,False
7979131,,,False
7979133,NID2,gene_assignment,True
7979158,TXNDC16,gene_assignment,True
7979179,ERO1L,gene_assignment,True
7979196,GNPNAT1,gene_assignment,True
7979204,FERMT2,gene_assignment,True
7979223,DDHD1,gene_assignment,True
7979241,BMP4,gene_assignment,True
7979250,CNIH,gene_assignment,True
7979260,GMFB,gene_assignment,True
7979269,GCH1,gene_assignment,True
7979281,WDHD1,gene_assignment,True
7979307,DLGAP5,gene_assignment,True
7979328,ATG14,gene_assignment,True
7979341,TBPL2,gene_assignment,True
7979351,C14ORF33,gene_assignment,True
7979357,OTX2,gene_assignment,True
7979365,,,False
7979367,EXOC5,gene_assignment,True
7979378,C14ORF105,gene_assignment,True
7979387,SLC35F4,gene_assignment,True
7979400,AK292513,gene_assignment,True
7979416,TIMM9,gene_assignment,True
7979426,GPR135,gene_assignment,True
7979437,C14ORF149,gene_assignment,True
7979444,C14ORF38,gene_assignment,True
7979455,RTN1,gene_assignment,True
7979473,DHRS7,gene_assignment,True
7979483,C14ORF39,gene_assignment,True
7979505,SIX1,gene_assignment,True
7979510,SIX4,gene_assignment,True
7979516,TRMT5,gene_assignment,True
7979524,TMEM30B,gene_assignment,True
7979529,KCNH5,gene_assignment,True
7979548,GPHB5,gene_assignment,True
7979551,PPP2R5E,gene_assignment,True
7979565,WDR89,gene_assignment,True
7979572,,,False
7979574,SGPP1,gene_assignment,True
7979583,ESR2,gene_assignment,True
7979611,ZBTB25,gene_assignment,True
7979615,SPTB,gene_assignment,True
7979658,GPX2,gene_assignment,True
7979663,RAB15,gene_assignment,True
7979671,MAX,gene_assignment,True
7979689,,,False
7979691,BX161428,gene_assignment,True
7979694,,,False
7979696,,,False
7979698,ATP6V1D,gene_assignment,True
7979710,PLEK2,gene_assignment,True
7979721,TMEM229B,gene_assignment,True
7979725,PIGH,gene_assignment,True
7979730,,,False
7979732,VTI1B,gene_assignment,True
7979741,,,False
7979743,RDH11,gene_assignment,True
7979757,ZFYVE26,gene_assignment,True
7979800,,,False
7979802,,,False
7979804,,,False
7979808,,,False
7979811,,,False
7979813,ZFP36L1,gene_assignment,True
7979820,C14ORF181,gene_assignment,True
7979824,ACTN1,gene_assignment,True
7979849,DCAF5,gene_assignment,True
7979862,,,False
7979864,ERH,gene_assignment,True
7979870,C14ORF162,gene_assignment,True
7979876,,,False
7979878,SLC10A1,gene_assignment,True
7979886,,,False
7979888,SLC8A3,gene_assignment,True
7979904,ADAM21,gene_assignment,True
7979906,COX16,gene_assignment,True
7979916,SYNJ2BP,gene_assignment,True
7979925,,,False
7979927,ADAM20,gene_assignment,True
7979931,MED6,gene_assignment,True
7979943,MAP3K9,gene_assignment,True
7979957,AK024445,gene_assignment,True
7979959,,,False
7979961,,,False
7979963,DPF3,gene_assignment,True
7979980,,,False
7979982,,,False
7979984,ZFYVE1,gene_assignment,True
7979999,,,False
7980005,NUMB,gene_assignment,True
7980024,HEATR4,gene_assignment,True
7980044,PNMA1,gene_assignment,True
7980051,C14ORF43,gene_assignment,True
7980065,,,False
7980069,COQ6,gene_assignment,True
7980080,ENTPD5,gene_assignment,True
7980096,,,False
7980098,ALDH6A1,gene_assignment,True
7980115,ABCD4,gene_assignment,True
7980140,,,False
7980142,TMEM90A,gene_assignment,True
7980146,NPC2,gene_assignment,True
7980152,LTBP2,gene_assignment,True
7980189,KIAA0317,gene_assignment,True
7980213,PROX2,gene_assignment,True
7980219,RPS6KL1,gene_assignment,True
7980233,PGF,gene_assignment,True
7980246,MLH3,gene_assignment,True
7980265,ACYP1,gene_assignment,True
7980271,NEK9,gene_assignment,True
7980296,TMED10,gene_assignment,True
7980306,ENST00000238638,gene_assignment,True
7980309,C14ORF1,gene_assignment,True
7980316,TGFB3,gene_assignment,True
7980327,ANGEL1,gene_assignment,True
7980338,C14ORF4,gene_assignment,True
7980344,ZDHHC22,gene_assignment,True
7980350,,,False
7980352,NGB,gene_assignment,True
7980358,POMT2,gene_assignment,True
7980381,TMED8,gene_assignment,True
7980390,C14ORF148,gene_assignment,True
7980401,,,False
7980403,VIPAR,gene_assignment,True
7980425,ISM2,gene_assignment,True
7980438,SPTLC2,gene_assignment,True
7980452,,,False
7980454,ALKBH1,gene_assignment,True
7980463,SNW1,gene_assignment,True
7980477,,,False
7980481,BX248745,gene_assignment,True
7980485,DIO2,gene_assignment,True
7980496,C14ORF145,gene_assignment,True
7980523,GTF2A1,gene_assignment,True
7980535,DYNLL1,gene_assignment,True
7980537,STON2,gene_assignment,True
7980547,SEL1L,gene_assignment,True
7980576,,,False
7980580,GALC,gene_assignment,True
7980605,KCNK10,gene_assignment,True
7980616,PTPN21,gene_assignment,True
7980636,EML5,gene_assignment,True
7980680,FOXN3,gene_assignment,True
7980690,C14ORF143,gene_assignment,True
7980702,C14ORF102,gene_assignment,True
7980718,,,False
7980720,TTC7B,gene_assignment,True
7980742,AK095276,gene_assignment,True
7980744,RPS6KA5,gene_assignment,True
7980765,GPR68,gene_assignment,True
7980773,CCDC88C,gene_assignment,True
7980828,CCDC88C,gene_assignment,True
7980833,SMEK1,gene_assignment,True
7980859,C14ORF184,gene_assignment,True
7980861,CATSPERB,gene_assignment,True
7980889,,,False
7980891,TC2N,gene_assignment,True
7980906,,,False
7980908,FBLN5,gene_assignment,True
7980923,TRIP11,gene_assignment,True
7980940,ATXN3,gene_assignment,True
7980955,NDUFB1,gene_assignment,True
7980958,LGMN,gene_assignment,True
7980970,ITPK1,gene_assignment,True
7980983,MOAP1,gene_assignment,True
7980990,C14ORF142,gene_assignment,True
7980998,BTBD7,gene_assignment,True
7981011,,,False
7981013,PRIMA1,gene_assignment,True
7981020,ASB2,gene_assignment,True
7981032,DDX24,gene_assignment,True
7981046,IFI27L2,gene_assignment,True
7981051,SERPINA10,gene_assignment,True
7981059,SERPINA6,gene_assignment,True
7981065,ENST00000238576,gene_assignment,True
7981068,SERPINA1,gene_assignment,True
7981078,SERPINA11,gene_assignment,True
7981084,SERPINA9,gene_assignment,True
7981098,SERPINA12,gene_assignment,True
7981106,GSC,gene_assignment,True
7981111,DICER1,gene_assignment,True
7981142,CLMN,gene_assignment,True
7981157,C14ORF139,gene_assignment,True
7981161,C14ORF49,gene_assignment,True
7981181,SCARNA13,gene_assignment,True
7981183,TCL1A,gene_assignment,True
7981190,AL834311,gene_assignment,True
7981192,ATG2B,gene_assignment,True
7981215,,,False
7981217,ATG2B,gene_assignment,True
7981233,,,False
7981235,,,False
7981237,LOC100129345,gene_assignment,True
7981240,,,False
7981242,BCL11B,gene_assignment,True
7981249,SETD3,gene_assignment,True
7981266,CCDC85C,gene_assignment,True
7981273,CCDC85C,gene_assignment,True
7981278,DEGS2,gene_assignment,True
7981283,SLC25A29,gene_assignment,True
7981288,,,False
7981290,WARS,gene_assignment,True
7981309,BEGAIN,gene_assignment,True
7981317,,,False
7981320,,,False
7981322,RTL1,gene_assignment,True
7981324,,,False
7981326,MIR1247,gene_assignment,True
7981333,,,False
7981335,HSP90AA1,gene_assignment,True
7981346,RAGE,gene_assignment,True
7981364,CINP,gene_assignment,True
7981373,,,False
7981375,,,False
7981377,ANKRD9,gene_assignment,True
7981383,,,False
7981385,,,False
7981387,CDC42BPB,gene_assignment,True
7981425,,,False
7981427,CKB,gene_assignment,True
7981439,BAG5,gene_assignment,True
7981447,XRCC3,gene_assignment,True
7981460,PPP1R13B,gene_assignment,True
7981481,C14ORF2,gene_assignment,True
7981486,,,False
7981488,AF462446,gene_assignment,True
7981490,TMEM179,gene_assignment,True
7981494,AKT1,gene_assignment,True
7981512,,,False
7981514,AHNAK2,gene_assignment,True
7981523,,,False
7981525,CDCA4,gene_assignment,True
7981530,GPR132,gene_assignment,True
7981538,JAG2,gene_assignment,True
7981566,NUDT14,gene_assignment,True
7981573,BRF1,gene_assignment,True
7981601,BX538077,gene_assignment,True
7981708,ENST00000390541,gene_assignment,True
7981714,,,False
7981718,BC020240,gene_assignment,True
7981720,ENST00000390624,gene_assignment,True
7981722,AK128476,gene_assignment,True
7981724,BC021276,gene_assignment,True
7981726,LOC100508797,gene_assignment,True
7981728,,,False
7981730,AB001736,gene_assignment,True
7981732,ENST00000390629,gene_assignment,True
7981737,,,False
7981740,BC073771,gene_assignment,True
7981742,BC002792,gene_assignment,True
7981745,ENST00000390639,gene_assignment,True
7981748,,,False
7981750,AK127783,gene_assignment,True
7981752,GOLGA8C,gene_assignment,True
7981771,,,False
7981773,,,False
7981775,,,False
7981777,AK127783,gene_assignment,True
7981779,,,False
7981781,OR4M2,gene_assignment,True
7981783,OR4N4,gene_assignment,True
7981785,OR4N3P,gene_assignment,True
7981787,GOLGA6L1,gene_assignment,True
7981798,TUBGCP5,gene_assignment,True
7981824,CYFIP1,gene_assignment,True
7981859,GOLGA8IP,gene_assignment,True
7981872,,,False
7981874,GOLGA8E,gene_assignment,True
7981893,,,False
7981895,GOLGA8DP,gene_assignment,True
7981909,,,False
7981911,MKRN3,gene_assignment,True
7981917,C15ORF2,gene_assignment,True
7981919,SNRPN,gene_assignment,True
7981943,PAR5,gene_assignment,True
7981945,BC043194,gene_assignment,True
7981947,SNORD109A,gene_assignment,True
7981949,SNORD116-1,gene_assignment,True
7981951,SNORD116-2,gene_assignment,True
7981953,SNORD116-3,gene_assignment,True
7981955,SNORD116-4,gene_assignment,True
7981958,SNORD116-5,gene_assignment,True
7981960,SNORD116-6,gene_assignment,True
7981962,SNORD116-5,gene_assignment,True
7981964,SNORD116-8,gene_assignment,True
7981966,SNORD116-3,gene_assignment,True
7981968,SNORD116-10,gene_assignment,True
7981970,SNORD116-11,gene_assignment,True
7981972,SNORD116-12,gene_assignment,True
7981974,SNORD116-13,gene_assignment,True
7981976,SNORD116-14,gene_assignment,True
7981978,SNORD116-15,gene_assignment,True
7981980,SNORD116-16,gene_assignment,True
7981982,SNORD116-17,gene_assignment,True
7981984,SNORD116-18,gene_assignment,True
7981986,SNORD116-17,gene_assignment,True
7981988,SNORD116-20,gene_assignment,True
7981990,SNORD116-21,gene_assignment,True
7981992,SNORD116-22,gene_assignment,True
7981994,SNORD116-23,gene_assignment,True
7981996,SNORD116-24,gene_assignment,True
7981998,SNORD116-25,gene_assignment,True
7982000,SNORD116-26,gene_assignment,True
7982002,SNORD116-27,gene_assignment,True
7982004,SNORD116-28,gene_assignment,True
7982006,SNORD116-29,gene_assignment,True
7982008,SNORD115-1,gene_assignment,True
7982010,SNORD115-2,gene_assignment,True
7982012,SNORD115-3,gene_assignment,True
7982014,SNORD115-4,gene_assignment,True
7982016,SNORD115-12,gene_assignment,True
7982018,SNORD115-6,gene_assignment,True
7982020,SNORD115-7,gene_assignment,True
7982022,SNORD115-8,gene_assignment,True
7982024,SNORD115-12,gene_assignment,True
7982026,SNORD115-10,gene_assignment,True
7982028,SNORD115-11,gene_assignment,True
7982030,SNORD115-12,gene_assignment,True
7982032,SNORD115-1,gene_assignment,True
7982034,SNORD115-14,gene_assignment,True
7982036,SNORD115-15,gene_assignment,True
7982038,SNORD115-1,gene_assignment,True
7982040,SNORD115-17,gene_assignment,True
7982042,SNORD115-17,gene_assignment,True
7982044,SNORD115-17,gene_assignment,True
7982046,SNORD115-20,gene_assignment,True
7982048,SNORD115-21,gene_assignment,True
7982050,SNORD115-11,gene_assignment,True
7982052,PAR4,gene_assignment,True
7982054,SNORD115-24,gene_assignment,True
7982056,SNORD115-25,gene_assignment,True
7982058,SNORD115-26,gene_assignment,True
7982060,HBII-52-27,gene_assignment,True
7982062,HBII-52-28,gene_assignment,True
7982064,SNORD115-11,gene_assignment,True
7982066,SNORD115-30,gene_assignment,True
7982068,SNORD115-31,gene_assignment,True
7982070,SNORD115-32,gene_assignment,True
7982072,SNORD115-33,gene_assignment,True
7982074,SNORD115-34,gene_assignment,True
7982076,SNORD115-35,gene_assignment,True
7982078,SNORD115-11,gene_assignment,True
7982080,SNORD115-37,gene_assignment,True
7982082,SNORD115-38,gene_assignment,True
7982084,SNORD115-11,gene_assignment,True
7982086,SNORD115-40,gene_assignment,True
7982088,SNORD115-41,gene_assignment,True
7982090,SNORD115-42,gene_assignment,True
7982092,SNORD115-11,gene_assignment,True
7982094,SNORD115-44,gene_assignment,True
7982096,SNORD115-48,gene_assignment,True
7982098,SNORD109A,gene_assignment,True
7982100,,,False
7982102,GABRA5,gene_assignment,True
7982117,GABRG3,gene_assignment,True
7982129,RPL41,gene_assignment,True
7982131,GOLGA8G,gene_assignment,True
7982152,,,False
7982154,HERC2P2,gene_assignment,True
7982185,DEXI,gene_assignment,True
7982187,APBA2,gene_assignment,True
7982204,HMGN2,gene_assignment,True
7982206,GOLGA8IP,gene_assignment,True
7982228,,,False
7982230,GOLGA8IP,gene_assignment,True
7982248,,,False
7982250,,,False
7982252,DKFZP434L187,gene_assignment,True
7982254,,,False
7982256,GOLGA8IP,gene_assignment,True
7982267,,,False
7982269,,,False
7982271,GOLGA8IP,gene_assignment,True
7982282,,,False
7982284,LOC653075,gene_assignment,True
7982287,ARHGAP11B,gene_assignment,True
7982292,,,False
7982294,OTUD7A,gene_assignment,True
7982299,ENST00000220188,gene_assignment,True
7982307,,,False
7982309,FAN1,gene_assignment,True
7982326,KLF13,gene_assignment,True
7982333,AK127052,gene_assignment,True
7982335,,,False
7982337,,,False
7982339,AK097050,gene_assignment,True
7982341,CHRNA7,gene_assignment,True
7982348,,,False
7982350,GOLGA8IP,gene_assignment,True
7982356,,,False
7982358,ARHGAP11A,gene_assignment,True
7982366,SCG5,gene_assignment,True
7982375,,,False
7982377,GREM1,gene_assignment,True
7982388,,,False
7982390,,,False
7982392,RYR3,gene_assignment,True
7982495,,,False
7982497,CHRM5,gene_assignment,True
7982504,PGBD4,gene_assignment,True
7982507,TMEM85,gene_assignment,True
7982514,,,False
7982516,C15ORF55,gene_assignment,True
7982527,ZNF770,gene_assignment,True
7982529,LOC100509022,gene_assignment,True
7982531,ANP32A,gene_assignment,True
7982533,,,False
7982535,C15ORF41,gene_assignment,True
7982550,,,False
7982552,TMCO5A,gene_assignment,True
7982564,SPRED1,gene_assignment,True
7982574,FAM98B,gene_assignment,True
7982587,C15ORF53,gene_assignment,True
7982593,C15ORF54,gene_assignment,True
7982597,THBS1,gene_assignment,True
7982620,EIF2AK4,gene_assignment,True
7982661,,,False
7982663,BUB1B,gene_assignment,True
7982688,PAK6,gene_assignment,True
7982703,DISP2,gene_assignment,True
7982712,C15ORF23,gene_assignment,True
7982723,IVD,gene_assignment,True
7982738,BAHD1,gene_assignment,True
7982745,CHST14,gene_assignment,True
7982751,,,False
7982753,RPUSD2,gene_assignment,True
7982757,CASC5,gene_assignment,True
7982792,RAD51,gene_assignment,True
7982805,GCHFR,gene_assignment,True
7982810,C15ORF62,gene_assignment,True
7982812,ZFYVE19,gene_assignment,True
7982829,SPINT1,gene_assignment,True
7982845,VPS18,gene_assignment,True
7982854,DLL4,gene_assignment,True
7982868,CHAC1,gene_assignment,True
7982876,ENST00000287660,gene_assignment,True
7982878,CHP,gene_assignment,True
7982889,NUSAP1,gene_assignment,True
7982904,RTF1,gene_assignment,True
7982927,ITPKA,gene_assignment,True
7982938,TYRO3,gene_assignment,True
7982957,MGA,gene_assignment,True
7982985,MAPKBP1,gene_assignment,True
7983021,JMJD7-PLA2G4B,gene_assignment,True
7983051,SPTBN5,gene_assignment,True
7983054,CAPN3,gene_assignment,True
7983111,SNAP23,gene_assignment,True
7983123,HAUS2,gene_assignment,True
7983132,STARD9,gene_assignment,True
7983143,STARD9,gene_assignment,True
7983145,STARD9,gene_assignment,True
7983157,TMEM62,gene_assignment,True
7983173,CCNDBP1,gene_assignment,True
7983189,,,False
7983191,ADAL,gene_assignment,True
7983206,TUBGCP4,gene_assignment,True
7983228,MAP1A,gene_assignment,True
7983239,CKMT1A,gene_assignment,True
7983252,,,False
7983254,,,False
7983256,CKMT1A,gene_assignment,True
7983272,,,False
7983274,PDIA3,gene_assignment,True
7983290,SERF2,gene_assignment,True
7983298,C15ORF63,gene_assignment,True
7983306,WDR76,gene_assignment,True
7983321,CASC4,gene_assignment,True
7983335,CTDSPL2,gene_assignment,True
7983350,EIF3J,gene_assignment,True
7983360,B2M,gene_assignment,True
7983365,TRIM69,gene_assignment,True
7983377,,,False
7983379,,,False
7983381,BC029537,gene_assignment,True
7983393,SORD,gene_assignment,True
7983405,DUOXA2,gene_assignment,True
7983413,DUOX1,gene_assignment,True
7983447,SLC28A2,gene_assignment,True
7983469,SPATA5L1,gene_assignment,True
7983478,C15ORF48,gene_assignment,True
7983490,C15ORF21,gene_assignment,True
7983500,,,False
7983502,PLDN,gene_assignment,True
7983512,SQRDL,gene_assignment,True
7983523,,,False
7983525,,,False
7983527,SEMA6D,gene_assignment,True
7983553,SLC24A5,gene_assignment,True
7983564,SLC12A1,gene_assignment,True
7983594,DUT,gene_assignment,True
7983606,EID1,gene_assignment,True
7983616,GALK2,gene_assignment,True
7983630,FGF7,gene_assignment,True
7983638,DTWD1,gene_assignment,True
7983648,,,False
7983650,SLC27A2,gene_assignment,True
7983661,,,False
7983663,USP8,gene_assignment,True
7983677,,,False
7983679,AP4E1,gene_assignment,True
7983704,GLDN,gene_assignment,True
7983718,SCG3,gene_assignment,True
7983734,TMOD2,gene_assignment,True
7983744,TMOD3,gene_assignment,True
7983761,,,False
7983763,MAPK6,gene_assignment,True
7983771,,,False
7983773,,,False
7983777,,,False
7983779,UNC13C,gene_assignment,True
7983811,PIGB,gene_assignment,True
7983828,TEX9,gene_assignment,True
7983841,LOC645877,gene_assignment,True
7983843,TCF12,gene_assignment,True
7983867,CGNL1,gene_assignment,True
7983890,GCOM1,gene_assignment,True
7983910,AQP9,gene_assignment,True
7983928,LIPC,gene_assignment,True
7983938,ENST00000331871,gene_assignment,True
7983940,FAM63B,gene_assignment,True
7983953,RNF111,gene_assignment,True
7983969,CCNB2,gene_assignment,True
7983979,,,False
7983985,LDHAL6B,gene_assignment,True
7983987,,,False
7983989,,,False
7983991,FAM81A,gene_assignment,True
7984001,GCNT3,gene_assignment,True
7984008,,,False
7984011,FOXB1,gene_assignment,True
7984014,,,False
7984016,C2CD4A,gene_assignment,True
7984019,TLN2,gene_assignment,True
7984077,MIR190,gene_assignment,True
7984079,TPM1,gene_assignment,True
7984103,LACTB,gene_assignment,True
7984112,RAB8B,gene_assignment,True
7984124,APH1B,gene_assignment,True
7984132,USP3,gene_assignment,True
7984152,FBXL22,gene_assignment,True
7984155,SNX1,gene_assignment,True
7984174,SNX22,gene_assignment,True
7984190,TRIP4,gene_assignment,True
7984203,ZNF609,gene_assignment,True
7984213,,,False
7984215,,,False
7984217,PLEKHO2,gene_assignment,True
7984227,ANKDD1A,gene_assignment,True
7984245,OSTBETA,gene_assignment,True
7984253,KBTBD13,gene_assignment,True
7984255,,,False
7984257,RNU5A,gene_assignment,True
7984259,RNU5B-1,gene_assignment,True
7984263,PTPLAD1,gene_assignment,True
7984276,SLC24A1,gene_assignment,True
7984289,RAB11A,gene_assignment,True
7984298,DIS3L,gene_assignment,True
7984317,,,False
7984319,MAP2K1,gene_assignment,True
7984330,ZWILCH,gene_assignment,True
7984353,SMAD6,gene_assignment,True
7984364,SMAD3,gene_assignment,True
7984380,IQCH,gene_assignment,True
7984405,C15ORF61,gene_assignment,True
7984408,MAP2K5,gene_assignment,True
7984436,SKOR1,gene_assignment,True
7984453,PIAS1,gene_assignment,True
7984470,FEM1B,gene_assignment,True
7984475,CORO2B,gene_assignment,True
7984488,SPESP1,gene_assignment,True
7984511,NCRNA00277,gene_assignment,True
7984517,GLCE,gene_assignment,True
7984524,PAQR5,gene_assignment,True
7984540,KIF23,gene_assignment,True
7984562,RPLP1,gene_assignment,True
7984567,,,False
7984569,LRRC49,gene_assignment,True
7984588,THSD4,gene_assignment,True
7984606,NR2E3,gene_assignment,True
7984620,,,False
7984622,,,False
7984626,SENP8,gene_assignment,True
7984631,C15ORF34,gene_assignment,True
7984635,TMEM202,gene_assignment,True
7984641,ARIH1,gene_assignment,True
7984660,,,False
7984662,GOLGA6B,gene_assignment,True
7984684,,,False
7984686,BBS4,gene_assignment,True
7984704,NEO1,gene_assignment,True
7984736,C15ORF60,gene_assignment,True
7984743,CD276,gene_assignment,True
7984759,TBC1D21,gene_assignment,True
7984771,LOXL1,gene_assignment,True
7984779,PML,gene_assignment,True
7984799,,,False
7984802,ISLR2,gene_assignment,True
7984813,ISLR,gene_assignment,True
7984819,CCDC33,gene_assignment,True
7984843,ARID3B,gene_assignment,True
7984846,CLK3,gene_assignment,True
7984862,CYP1A2,gene_assignment,True
7984871,CSK,gene_assignment,True
7984892,LMAN1L,gene_assignment,True
7984908,CPLX3,gene_assignment,True
7984914,CPLX3,gene_assignment,True
7984922,MPI,gene_assignment,True
7984932,SCAMP5,gene_assignment,True
7984943,PPCDC,gene_assignment,True
7984952,C15ORF39,gene_assignment,True
7984961,GOLGA6B,gene_assignment,True
7984983,,,False
7984985,GOLGA6A,gene_assignment,True
7984987,,,False
7984989,COMMD4,gene_assignment,True
7985001,NEIL1,gene_assignment,True
7985016,SNX33,gene_assignment,True
7985023,,,False
7985025,ODF3L1,gene_assignment,True
7985030,AF357221,gene_assignment,True
7985032,,,False
7985034,ENST00000290438,gene_assignment,True
7985037,,,False
7985039,,,False
7985044,UBE2Q2,gene_assignment,True
7985053,FBXO22,gene_assignment,True
7985066,C15ORF27,gene_assignment,True
7985080,ISL2,gene_assignment,True
7985087,,,False
7985089,RCN2,gene_assignment,True
7985099,PSTPIP1,gene_assignment,True
7985117,LOC646853,gene_assignment,True
7985119,HMG20A,gene_assignment,True
7985130,SH2D7,gene_assignment,True
7985134,IDH3A,gene_assignment,True
7985147,DNAJA4,gene_assignment,True
7985159,CRABP1,gene_assignment,True
7985166,IREB2,gene_assignment,True
7985192,AGPHD1,gene_assignment,True
7985200,,,False
7985202,PSMA4,gene_assignment,True
7985213,CHRNA5,gene_assignment,True
7985221,ENST00000421285,gene_assignment,True
7985224,TBC1D2B,gene_assignment,True
7985226,MORF4L1,gene_assignment,True
7985233,RASGRF1,gene_assignment,True
7985236,MIR184,gene_assignment,True
7985238,ANKRD34C,gene_assignment,True
7985240,TMED3,gene_assignment,True
7985248,KIAA1024,gene_assignment,True
7985253,C15ORF37,gene_assignment,True
7985257,,,False
7985259,ZFAND6,gene_assignment,True
7985266,,,False
7985268,FAH,gene_assignment,True
7985285,ARNT2,gene_assignment,True
7985308,,,False
7985310,FAM108C1,gene_assignment,True
7985317,KIAA1199,gene_assignment,True
7985349,MESDC1,gene_assignment,True
7985352,AK302120,gene_assignment,True
7985364,IL16,gene_assignment,True
7985398,AK304339,gene_assignment,True
7985402,UBE2Q2P3,gene_assignment,True
7985409,GOLGA6L9,gene_assignment,True
7985416,LOC440297,gene_assignment,True
7985418,DNM1P41,gene_assignment,True
7985431,LOC80154,gene_assignment,True
7985444,UBE2Q2P3,gene_assignment,True
7985450,GOLGA6L9,gene_assignment,True
7985457,LOC440297,gene_assignment,True
7985459,DNM1P41,gene_assignment,True
7985472,GOLGA6L5,gene_assignment,True
7985480,SCARNA15,gene_assignment,True
7985482,WHAMM,gene_assignment,True
7985488,BC112329,gene_assignment,True
7985493,TM6SF1,gene_assignment,True
7985507,SH3GL3,gene_assignment,True
7985522,ADAMTSL3,gene_assignment,True
7985553,,,False
7985555,EFTUD1,gene_assignment,True
7985560,LOC440297,gene_assignment,True
7985562,GOLGA6L5,gene_assignment,True
7985571,LOC80154,gene_assignment,True
7985577,ZSCAN2,gene_assignment,True
7985587,SCAND2,gene_assignment,True
7985605,ZNF592,gene_assignment,True
7985620,ALPK3,gene_assignment,True
7985636,SLC28A1,gene_assignment,True
7985662,PDE8A,gene_assignment,True
7985688,LOC440297,gene_assignment,True
7985690,LOC440297,gene_assignment,True
7985695,AKAP13,gene_assignment,True
7985741,AGBL1,gene_assignment,True
7985752,NCRNA00052,gene_assignment,True
7985757,MRPS11,gene_assignment,True
7985765,MIR7-2,gene_assignment,True
7985767,AEN,gene_assignment,True
7985777,ISG20,gene_assignment,True
7985786,ACAN,gene_assignment,True
7985809,ABHD2,gene_assignment,True
7985829,FANCI,gene_assignment,True
7985871,MIR9-3,gene_assignment,True
7985873,C15ORF42,gene_assignment,True
7985898,WDR93,gene_assignment,True
7985918,,,False
7985920,MESP2,gene_assignment,True
7985924,ZNF710,gene_assignment,True
7985930,,,False
7985934,SEMA4B,gene_assignment,True
7985959,C15ORF58,gene_assignment,True
7985963,TTLL13,gene_assignment,True
7985981,ENST00000438251,gene_assignment,True
7985983,NGRN,gene_assignment,True
7985997,,,False
7985999,,,False
7986001,,,False
7986004,ZNF774,gene_assignment,True
7986010,IQGAP1,gene_assignment,True
7986049,CRTC3,gene_assignment,True
7986068,BLM,gene_assignment,True
7986092,FURIN,gene_assignment,True
7986110,FES,gene_assignment,True
7986132,MAN2A2,gene_assignment,True
7986160,UNC45A,gene_assignment,True
7986186,RCCD1,gene_assignment,True
7986195,SV2B,gene_assignment,True
7986214,SLCO3A1,gene_assignment,True
7986229,ST8SIA2,gene_assignment,True
7986239,BC109252,gene_assignment,True
7986246,ENST00000333334,gene_assignment,True
7986248,AY358245,gene_assignment,True
7986250,CHD2,gene_assignment,True
7986291,AY358254,gene_assignment,True
7986293,MCTP2,gene_assignment,True
7986323,GLTSCR2,gene_assignment,True
7986325,,,False
7986329,NR2F2,gene_assignment,True
7986336,,,False
7986338,,,False
7986340,SPATA8,gene_assignment,True
7986346,,,False
7986350,ARRDC4,gene_assignment,True
7986359,IGF1R,gene_assignment,True
7986383,IGF1R,gene_assignment,True
7986385,SYNM,gene_assignment,True
7986394,LRRC28,gene_assignment,True
7986407,AY956768,gene_assignment,True
7986411,MEF2A,gene_assignment,True
7986426,C15ORF51,gene_assignment,True
7986428,AK127420,gene_assignment,True
7986433,ASB7,gene_assignment,True
7986442,,,False
7986444,AK056534,gene_assignment,True
7986446,ALDH1A3,gene_assignment,True
7986463,LRRK1,gene_assignment,True
7986501,,,False
7986503,C15ORF51,gene_assignment,True
7986509,ENST00000436525,gene_assignment,True
7986512,ENST00000436525,gene_assignment,True
7986515,ENST00000436525,gene_assignment,True
7986517,ENST00000436525,gene_assignment,True
7986520,ENST00000436525,gene_assignment,True
7986522,ENST00000436525,gene_assignment,True
7986525,ENST00000436525,gene_assignment,True
7986527,,,False
7986530,OR4F6,gene_assignment,True
7986532,OR4F15,gene_assignment,True
7986534,,,False
7986536,GPCRLTM7,gene_assignment,True
7986541,WASH3P,gene_assignment,True
7986561,ENST00000338912,gene_assignment,True
7986563,,,False
7986565,,,False
7986569,HERC2P3,gene_assignment,True
7986598,GOLGA6L1,gene_assignment,True
7986601,,,False
7986603,LOC646214,gene_assignment,True
7986605,POTEB,gene_assignment,True
7986627,,,False
7986629,ADAM6,gene_assignment,True
7986635,,,False
7986637,,,False
7986639,,,False
7986642,GOLGA8DP,gene_assignment,True
7986661,,,False
7986665,NIPA2,gene_assignment,True
7986675,NIPA1,gene_assignment,True
7986685,DEXI,gene_assignment,True
7986687,WHAMML1,gene_assignment,True
7986701,HERC2P2,gene_assignment,True
7986736,GOLGA6L1,gene_assignment,True
7986739,,,False
7986741,GOLGA6L1,gene_assignment,True
7986744,BC129821,gene_assignment,True
7986755,MAGEL2,gene_assignment,True
7986757,NDN,gene_assignment,True
7986763,,,False
7986765,RPL5,gene_assignment,True
7986767,,,False
7986769,UBE3A,gene_assignment,True
7986789,ATP10A,gene_assignment,True
7986820,,,False
7986822,GABRB3,gene_assignment,True
7986836,,,False
7986838,OCA2,gene_assignment,True
7986863,HERC2,gene_assignment,True
7986922,GOLGA8G,gene_assignment,True
7986943,,,False
7986945,,,False
7986947,GOLGA8IP,gene_assignment,True
7986960,FAM189A1,gene_assignment,True
7986969,NDNL2,gene_assignment,True
7986977,TJP1,gene_assignment,True
7987010,SYT2,gene_assignment,True
7987012,CHRFAM7A,gene_assignment,True
7987025,,,False
7987027,ENST00000450802,gene_assignment,True
7987046,,,False
7987048,MTMR10,gene_assignment,True
7987066,,,False
7987068,TRPM1,gene_assignment,True
7987097,MIR211,gene_assignment,True
7987099,OTUD7A,gene_assignment,True
7987110,,,False
7987112,,,False
7987114,GOLGA8IP,gene_assignment,True
7987135,,,False
7987137,,,False
7987139,GOLGA8IP,gene_assignment,True
7987145,FMN1,gene_assignment,True
7987163,ENST00000414268,gene_assignment,True
7987165,AVEN,gene_assignment,True
7987172,C15ORF24,gene_assignment,True
7987180,C15ORF29,gene_assignment,True
7987192,SLC12A6,gene_assignment,True
7987225,NOP10,gene_assignment,True
7987230,LPCAT4,gene_assignment,True
7987248,GOLGA8B,gene_assignment,True
7987279,GOLGA8B,gene_assignment,True
7987310,GJD2,gene_assignment,True
7987315,ACTC1,gene_assignment,True
7987325,AQR,gene_assignment,True
7987361,ZNF770,gene_assignment,True
7987365,NANOG,gene_assignment,True
7987369,ATPBD4,gene_assignment,True
7987381,CSNK1A1P1,gene_assignment,True
7987385,MEIS2,gene_assignment,True
7987403,,,False
7987405,RASGRP1,gene_assignment,True
7987426,FSIP1,gene_assignment,True
7987439,GPR176,gene_assignment,True
7987449,SRP14,gene_assignment,True
7987454,BMF,gene_assignment,True
7987472,ENST00000319503,gene_assignment,True
7987475,PLCB2,gene_assignment,True
7987511,C15ORF52,gene_assignment,True
7987526,C15ORF57,gene_assignment,True
7987534,,,False
7987536,FAM82A2,gene_assignment,True
7987554,DNAJC17,gene_assignment,True
7987565,PPP1R14D,gene_assignment,True
7987574,RHOV,gene_assignment,True
7987584,INO80,gene_assignment,True
7987623,EXD1,gene_assignment,True
7987634,,,False
7987636,OIP5,gene_assignment,True
7987642,NDUFAF1,gene_assignment,True
7987648,,,False
7987650,LTK,gene_assignment,True
7987675,RPAP1,gene_assignment,True
7987701,SPTBN5,gene_assignment,True
7987772,EHD4,gene_assignment,True
7987780,PLA2G4E,gene_assignment,True
7987792,PLA2G4D,gene_assignment,True
7987815,PLA2G4F,gene_assignment,True
7987840,VPS39,gene_assignment,True
7987869,TMEM87A,gene_assignment,True
7987892,ZFP106,gene_assignment,True
7987916,LRRC57,gene_assignment,True
7987926,,,False
7987928,CDAN1,gene_assignment,True
7987960,TTBK2,gene_assignment,True
7987981,UBR1,gene_assignment,True
7988031,RPS3A,gene_assignment,True
7988033,EPB42,gene_assignment,True
7988050,TGM5,gene_assignment,True
7988064,TGM7,gene_assignment,True
7988077,LCMT2,gene_assignment,True
7988082,ZSCAN29,gene_assignment,True
7988091,,,False
7988093,TP53BP1,gene_assignment,True
7988124,PPIP5K1,gene_assignment,True
7988132,STRC,gene_assignment,True
7988163,CATSPER2,gene_assignment,True
7988175,,,False
7988177,STRC,gene_assignment,True
7988206,,,False
7988208,CATSPER2P1,gene_assignment,True
7988212,ELL3,gene_assignment,True
7988227,SERINC4,gene_assignment,True
7988245,MFAP1,gene_assignment,True
7988258,,,False
7988260,FRMD5,gene_assignment,True
7988281,,,False
7988283,LOC645212,gene_assignment,True
7988286,SPG11,gene_assignment,True
7988327,PATL2,gene_assignment,True
7988342,,,False
7988346,,,False
7988350,DUOX2,gene_assignment,True
7988380,DUOXA1,gene_assignment,True
7988400,SHF,gene_assignment,True
7988410,,,False
7988412,,,False
7988414,GATM,gene_assignment,True
7988426,SLC30A4,gene_assignment,True
7988438,,,False
7988442,,,False
7988444,MYEF2,gene_assignment,True
7988465,,,False
7988467,FBN1,gene_assignment,True
7988537,CEP152,gene_assignment,True
7988563,SHC4,gene_assignment,True
7988581,SECISBP2L,gene_assignment,True
7988601,,,False
7988603,,,False
7988605,COPS2,gene_assignment,True
7988623,,,False
7988625,C15ORF33,gene_assignment,True
7988644,ATP8B4,gene_assignment,True
7988672,HDC,gene_assignment,True
7988685,,,False
7988687,GABPB1,gene_assignment,True
7988703,,,False
7988705,USP50,gene_assignment,True
7988713,TRPM7,gene_assignment,True
7988753,SPPL2A,gene_assignment,True
7988763,TNFAIP8L3,gene_assignment,True
7988767,CYP19A1,gene_assignment,True
7988789,DMXL2,gene_assignment,True
7988833,LYSMD2,gene_assignment,True
7988838,LEO1,gene_assignment,True
7988852,BCL2L10,gene_assignment,True
7988859,GNB5,gene_assignment,True
7988876,MYO5C,gene_assignment,True
7988921,MYO5A,gene_assignment,True
7988963,ARPP19,gene_assignment,True
7988970,KIAA1370,gene_assignment,True
7988987,ONECUT1,gene_assignment,True
7988990,WDR72,gene_assignment,True
7989013,RSL24D1,gene_assignment,True
7989023,RAB27A,gene_assignment,True
7989037,CCPG1,gene_assignment,True
7989055,DYX1C1,gene_assignment,True
7989069,PYGO1,gene_assignment,True
7989073,PRTG,gene_assignment,True
7989094,NEDD4,gene_assignment,True
7989126,,,False
7989128,CNOT6L,gene_assignment,True
7989130,,,False
7989132,RFX7,gene_assignment,True
7989144,,,False
7989146,MNS1,gene_assignment,True
7989159,ZNF280D,gene_assignment,True
7989195,,,False
7989199,ALDH1A2,gene_assignment,True
7989220,,,False
7989224,ADAM10,gene_assignment,True
7989243,,,False
7989245,HSP90AB4P,gene_assignment,True
7989249,,,False
7989251,,,False
7989253,SLTM,gene_assignment,True
7989277,MYO1E,gene_assignment,True
7989307,,,False
7989309,,,False
7989311,,,False
7989313,,,False
7989315,GTF2A2,gene_assignment,True
7989323,BNIP2,gene_assignment,True
7989335,ANXA2,gene_assignment,True
7989347,NARG2,gene_assignment,True
7989365,RORA,gene_assignment,True
7989387,VPS13C,gene_assignment,True
7989473,C2CD4B,gene_assignment,True
7989476,AK096042,gene_assignment,True
7989489,,,False
7989491,AB209041,gene_assignment,True
7989493,RPS27L,gene_assignment,True
7989501,CA12,gene_assignment,True
7989516,HERC1,gene_assignment,True
7989596,DAPK2,gene_assignment,True
7989611,FAM96A,gene_assignment,True
7989617,,,False
7989619,PPIB,gene_assignment,True
7989628,CSNK1G1,gene_assignment,True
7989647,KIAA0101,gene_assignment,True
7989657,AK301858,gene_assignment,True
7989659,,,False
7989661,OAZ2,gene_assignment,True
7989670,RBPMS2,gene_assignment,True
7989680,PIF1,gene_assignment,True
7989696,SPG21,gene_assignment,True
7989708,MTFMT,gene_assignment,True
7989718,RASL12,gene_assignment,True
7989725,PDCD7,gene_assignment,True
7989735,CLPX,gene_assignment,True
7989750,CILP,gene_assignment,True
7989759,PARP16,gene_assignment,True
7989768,,,False
7989770,IGDCC3,gene_assignment,True
7989785,IGDCC4,gene_assignment,True
7989806,DPP8,gene_assignment,True
7989832,,,False
7989834,AK296134,gene_assignment,True
7989849,DENND4A,gene_assignment,True
7989883,,,False
7989885,DNAJB14,gene_assignment,True
7989887,MEGF11,gene_assignment,True
7989915,TIPIN,gene_assignment,True
7989922,SCARNA14,gene_assignment,True
7989924,SNAPC5,gene_assignment,True
7989932,RPL4,gene_assignment,True
7989937,LCTL,gene_assignment,True
7989951,AY203937,gene_assignment,True
7989953,AAGAB,gene_assignment,True
7989968,CALML4,gene_assignment,True
7989975,CLN6,gene_assignment,True
7989985,ITGA11,gene_assignment,True
7990020,ANP32A,gene_assignment,True
7990027,C15ORF28,gene_assignment,True
7990031,,,False
7990033,TLE3,gene_assignment,True
7990054,UACA,gene_assignment,True
7990078,,,False
7990080,LARP6,gene_assignment,True
7990086,THAP10,gene_assignment,True
7990090,,,False
7990092,MYO9A,gene_assignment,True
7990138,GRAMD2,gene_assignment,True
7990151,PKM2,gene_assignment,True
7990165,PARP6,gene_assignment,True
7990191,CELF6,gene_assignment,True
7990211,HEXA,gene_assignment,True
7990227,HIGD2B,gene_assignment,True
7990231,ADPGK,gene_assignment,True
7990244,HCN4,gene_assignment,True
7990253,NPTN,gene_assignment,True
7990269,BC111368,gene_assignment,True
7990273,STOML1,gene_assignment,True
7990283,GOLGA6A,gene_assignment,True
7990307,,,False
7990309,STRA6,gene_assignment,True
7990333,CYP11A1,gene_assignment,True
7990345,SEMA7A,gene_assignment,True
7990361,UBL7,gene_assignment,True
7990377,,,False
7990379,EDC3,gene_assignment,True
7990391,CYP1A1,gene_assignment,True
7990400,ULK3,gene_assignment,True
7990417,SCAMP2,gene_assignment,True
7990429,C15ORF17,gene_assignment,True
7990436,COX5A,gene_assignment,True
7990442,RPP25,gene_assignment,True
7990452,,,False
7990457,MAN2C1,gene_assignment,True
7990487,SIN3A,gene_assignment,True
7990511,PTPN9,gene_assignment,True
7990528,SNUPN,gene_assignment,True
7990540,IMP3,gene_assignment,True
7990545,CSPG4,gene_assignment,True
7990555,NRG4,gene_assignment,True
7990564,,,False
7990566,ETFA,gene_assignment,True
7990582,SCAPER,gene_assignment,True
7990618,,,False
7990620,TSPAN3,gene_assignment,True
7990632,SGK269,gene_assignment,True
7990636,C15ORF5,gene_assignment,True
7990643,LINGO1,gene_assignment,True
7990652,,,False
7990654,GOLGA6A,gene_assignment,True
7990657,TBC1D2B,gene_assignment,True
7990672,,,False
7990674,CIB2,gene_assignment,True
7990683,ACSBG1,gene_assignment,True
7990700,WDR61,gene_assignment,True
7990712,CRABP1,gene_assignment,True
7990714,CHRNA3,gene_assignment,True
7990729,CHRNB4,gene_assignment,True
7990736,ADAMTS7,gene_assignment,True
7990757,CTSH,gene_assignment,True
7990774,RASGRF1,gene_assignment,True
7990806,,,False
7990810,MTHFS,gene_assignment,True
7990815,ST20,gene_assignment,True
7990818,BCL2A1,gene_assignment,True
7990827,ENST00000447682,gene_assignment,True
7990830,MESDC2,gene_assignment,True
7990839,STARD5,gene_assignment,True
7990848,TMC3,gene_assignment,True
7990873,MEX3B,gene_assignment,True
7990879,EFTUD1,gene_assignment,True
7990892,,,False
7990894,GOLGA6L10,gene_assignment,True
7990898,RPL9,gene_assignment,True
7990902,LOC80154,gene_assignment,True
7990916,RPS17,gene_assignment,True
7990922,GOLGA6L10,gene_assignment,True
7990928,DNM1P41,gene_assignment,True
7990941,LOC440297,gene_assignment,True
7990943,GOLGA6L10,gene_assignment,True
7990949,RPL9,gene_assignment,True
7990952,LOC80154,gene_assignment,True
7990965,RPS17,gene_assignment,True
7990971,CPEB1,gene_assignment,True
7990987,AP3B2,gene_assignment,True
7991017,LOC283693,gene_assignment,True
7991019,FSD2,gene_assignment,True
7991034,HOMER2,gene_assignment,True
7991047,AK097109,gene_assignment,True
7991049,C15ORF40,gene_assignment,True
7991057,BTBD1,gene_assignment,True
7991070,HDGFRP3,gene_assignment,True
7991080,BNC1,gene_assignment,True
7991086,,,False
7991088,LOC388152,gene_assignment,True
7991106,AB067507,gene_assignment,True
7991110,GOLGA6L5,gene_assignment,True
7991120,UBE2Q2P1,gene_assignment,True
7991126,WDR73,gene_assignment,True
7991138,NMB,gene_assignment,True
7991143,SEC11A,gene_assignment,True
7991153,,,False
7991155,,,False
7991157,,,False
7991159,UBE2Q2P3,gene_assignment,True
7991171,,,False
7991173,KLHL25,gene_assignment,True
7991182,,,False
7991184,,,False
7991186,NTRK3,gene_assignment,True
7991209,MRPL46,gene_assignment,True
7991214,,,False
7991216,DET1,gene_assignment,True
7991224,HAPLN3,gene_assignment,True
7991234,MFGE8,gene_assignment,True
7991246,RLBP1,gene_assignment,True
7991258,POLG,gene_assignment,True
7991283,RHCG,gene_assignment,True
7991296,KIF7,gene_assignment,True
7991313,PLIN1,gene_assignment,True
7991323,PEX11A,gene_assignment,True
7991332,MESP1,gene_assignment,True
7991335,ANPEP,gene_assignment,True
7991357,AP3S2,gene_assignment,True
7991367,C15ORF38,gene_assignment,True
7991374,IDH2,gene_assignment,True
7991386,CIB1,gene_assignment,True
7991395,GABARAPL3,gene_assignment,True
7991399,,,False
7991401,HDDC3,gene_assignment,True
7991406,PRC1,gene_assignment,True
7991425,,,False
7991427,VPS33B,gene_assignment,True
7991453,FAM174B,gene_assignment,True
7991459,RGMA,gene_assignment,True
7991465,,,False
7991469,FAM169B,gene_assignment,True
7991478,PGPEP1L,gene_assignment,True
7991485,TTC23,gene_assignment,True
7991501,,,False
7991503,LYSMD4,gene_assignment,True
7991512,C15ORF51,gene_assignment,True
7991516,ADAMTS17,gene_assignment,True
7991542,FLJ42289,gene_assignment,True
7991546,LASS3,gene_assignment,True
7991564,,,False
7991566,LINS,gene_assignment,True
7991577,AK127131,gene_assignment,True
7991581,CHSY1,gene_assignment,True
7991587,SELS,gene_assignment,True
7991598,SNRPA1,gene_assignment,True
7991602,PCSK6,gene_assignment,True
7991630,TM2D3,gene_assignment,True
7991640,TARSL2,gene_assignment,True
7991661,,,False
7991663,OR4F17,gene_assignment,True
7991665,,,False
7991668,GOLGA8F,gene_assignment,True
7991695,GOLGA8DP,gene_assignment,True
7991714,LOC80154,gene_assignment,True
7991722,GOLGA6L9,gene_assignment,True
7991731,BC032901,gene_assignment,True
7991735,SNRNP25,gene_assignment,True
7991742,MPG,gene_assignment,True
7991750,HBZ,gene_assignment,True
7991754,HBZ,gene_assignment,True
7991758,HBM,gene_assignment,True
7991762,HBA2,gene_assignment,True
7991766,HBA1,gene_assignment,True
7991770,,,False
7991772,HBQ1,gene_assignment,True
7991777,C4ORF46,gene_assignment,True
7991779,ITFG3,gene_assignment,True
7991800,ARHGDIG,gene_assignment,True
7991809,ARHGDIG,gene_assignment,True
7991815,PDIA2,gene_assignment,True
7991828,,,False
7991835,,,False
7991837,NME4,gene_assignment,True
7991846,DECR2,gene_assignment,True
7991860,RAB11FIP3,gene_assignment,True
7991877,SOLH,gene_assignment,True
7991893,C16ORF11,gene_assignment,True
7991898,NHLRC4,gene_assignment,True
7991904,PIGQ,gene_assignment,True
7991917,RAB40C,gene_assignment,True
7991927,WFIKKN1,gene_assignment,True
7991932,BC001912,gene_assignment,True
7991939,WDR90,gene_assignment,True
7991989,RHOT2,gene_assignment,True
7992010,RHBDL1,gene_assignment,True
7992021,STUB1,gene_assignment,True
7992032,FBXL16,gene_assignment,True
7992038,METRN,gene_assignment,True
7992043,BC001181,gene_assignment,True
7992049,HAGHL,gene_assignment,True
7992067,,,False
7992071,MSLN,gene_assignment,True
7992092,CHTF18,gene_assignment,True
7992121,PRR25,gene_assignment,True
7992125,SOX8,gene_assignment,True
7992131,,,False
7992136,,,False
7992140,,,False
7992145,SSTR5,gene_assignment,True
7992147,CACNA1H,gene_assignment,True
7992181,TPSAB1,gene_assignment,True
7992191,TPSD1,gene_assignment,True
7992197,,,False
7992205,UBE2I,gene_assignment,True
7992219,BAIAP3,gene_assignment,True
7992255,GNPTG,gene_assignment,True
7992269,,,False
7992271,TELO2,gene_assignment,True
7992293,TMEM204,gene_assignment,True
7992302,CRAMP1L,gene_assignment,True
7992337,HN1L,gene_assignment,True
7992347,MAPK8IP3,gene_assignment,True
7992379,EME2,gene_assignment,True
7992388,NUBP2,gene_assignment,True
7992396,FAHD1,gene_assignment,True
7992402,NDUFB10,gene_assignment,True
7992409,RNF151,gene_assignment,True
7992414,TBL3,gene_assignment,True
7992439,GFER,gene_assignment,True
7992447,SYNGR3,gene_assignment,True
7992458,,,False
7992460,NPW,gene_assignment,True
7992463,SLC9A3R2,gene_assignment,True
7992474,TSC2,gene_assignment,True
7992516,,,False
7992518,RAB26,gene_assignment,True
7992529,TRAF7,gene_assignment,True
7992552,MLST8,gene_assignment,True
7992568,E4F1,gene_assignment,True
7992584,DNASE1L2,gene_assignment,True
7992594,CCNF,gene_assignment,True
7992614,C16ORF59,gene_assignment,True
7992632,NTN3,gene_assignment,True
7992639,TBC1D24,gene_assignment,True
7992646,ATP6V0C,gene_assignment,True
7992656,AMDHD2,gene_assignment,True
7992670,PDPK1,gene_assignment,True
7992678,LOC652276,gene_assignment,True
7992682,ENST00000342085,gene_assignment,True
7992685,KCTD5,gene_assignment,True
7992692,SRRM2,gene_assignment,True
7992716,PRSS41,gene_assignment,True
7992722,PRSS21,gene_assignment,True
7992732,ZG16B,gene_assignment,True
7992737,FLYWCH2,gene_assignment,True
7992744,FLYWCH1,gene_assignment,True
7992758,KREMEN2,gene_assignment,True
7992775,PAQR4,gene_assignment,True
7992782,CLDN9,gene_assignment,True
7992789,TNFRSF12A,gene_assignment,True
7992795,THOC6,gene_assignment,True
7992811,MMP25,gene_assignment,True
7992828,IL32,gene_assignment,True
7992843,,,False
7992845,ZNF205,gene_assignment,True
7992854,ZNF213,gene_assignment,True
7992863,OR1F1,gene_assignment,True
7992865,OR1F2P,gene_assignment,True
7992867,FLJ39639,gene_assignment,True
7992870,ZNF263,gene_assignment,True
7992877,ZNF75A,gene_assignment,True
7992887,AK093979,gene_assignment,True
7992889,OR2C1,gene_assignment,True
7992895,ZNF434,gene_assignment,True
7992897,ZNF174,gene_assignment,True
7992905,NAT15,gene_assignment,True
7992917,CLUAP1,gene_assignment,True
7992934,DNASE1,gene_assignment,True
7992954,,,False
7992956,GLIS2,gene_assignment,True
7992967,VASN,gene_assignment,True
7992973,DNAJA3,gene_assignment,True
7992987,HMOX2,gene_assignment,True
7992996,,,False
7992998,MGRN1,gene_assignment,True
7993019,NUDT16L1,gene_assignment,True
7993024,C16ORF71,gene_assignment,True
7993035,UBN1,gene_assignment,True
7993054,SEC14L5,gene_assignment,True
7993071,ALG1,gene_assignment,True
7993083,RBFOX1,gene_assignment,True
7993108,AK094332,gene_assignment,True
7993110,,,False
7993112,,,False
7993114,C16ORF68,gene_assignment,True
7993126,ABAT,gene_assignment,True
7993146,,,False
7993148,PMM2,gene_assignment,True
7993159,C16ORF72,gene_assignment,True
7993167,ATF7IP2,gene_assignment,True
7993179,,,False
7993185,NUBP1,gene_assignment,True
7993195,CIITA,gene_assignment,True
7993223,CLEC16A,gene_assignment,True
7993248,C16ORF75,gene_assignment,True
7993255,,,False
7993257,,,False
7993259,SNN,gene_assignment,True
7993265,TXNDC11,gene_assignment,True
7993267,TNFRSF17,gene_assignment,True
7993274,RUNDC2A,gene_assignment,True
7993281,SNX29,gene_assignment,True
7993296,SHISA9,gene_assignment,True
7993298,ERCC4,gene_assignment,True
7993310,MKL2,gene_assignment,True
7993335,,,False
7993337,MIR365-1,gene_assignment,True
7993339,,,False
7993341,BFAR,gene_assignment,True
7993349,NPIP,gene_assignment,True
7993359,NPIP,gene_assignment,True
7993369,,,False
7993371,NOMO3,gene_assignment,True
7993404,PKD1P1,gene_assignment,True
7993433,PDXDC1,gene_assignment,True
7993451,,,False
7993453,MPV17L,gene_assignment,True
7993458,C16ORF45,gene_assignment,True
7993467,NDE1,gene_assignment,True
7993478,ABCC1,gene_assignment,True
7993511,NOMO3,gene_assignment,True
7993546,PKD1P1,gene_assignment,True
7993580,PKD1P1,gene_assignment,True
7993586,,,False
7993588,TMC7,gene_assignment,True
7993606,,,False
7993608,COQ7,gene_assignment,True
7993622,ITPRIPL2,gene_assignment,True
7993624,SYT17,gene_assignment,True
7993632,,,False
7993638,TMC5,gene_assignment,True
7993664,CP110,gene_assignment,True
7993680,C16ORF62,gene_assignment,True
7993713,IQCK,gene_assignment,True
7993726,ACSM5,gene_assignment,True
7993737,ACSM2A,gene_assignment,True
7993754,AK091978,gene_assignment,True
7993756,ACSM3,gene_assignment,True
7993774,,,False
7993776,LOC81691,gene_assignment,True
7993800,LYRM1,gene_assignment,True
7993807,TMEM159,gene_assignment,True
7993815,ANKS4B,gene_assignment,True
7993821,NCRNA00169,gene_assignment,True
7993825,RUNDC2C,gene_assignment,True
7993833,METTL9,gene_assignment,True
7993846,,,False
7993848,OTOA,gene_assignment,True
7993872,UQCRC2,gene_assignment,True
7993889,C16ORF52,gene_assignment,True
7993898,VWA3A,gene_assignment,True
7993935,,,False
7993946,EEF2K,gene_assignment,True
7993973,POLR3E,gene_assignment,True
7993999,ENST00000446231,gene_assignment,True
7994006,SMG1,gene_assignment,True
7994026,NPIPL3,gene_assignment,True
7994052,HS3ST2,gene_assignment,True
7994058,SCNN1G,gene_assignment,True
7994074,SCNN1B,gene_assignment,True
7994093,,,False
7994095,UBFD1,gene_assignment,True
7994102,DCTN5,gene_assignment,True
7994109,PLK1,gene_assignment,True
7994123,CHP2,gene_assignment,True
7994131,PRKCB,gene_assignment,True
7994152,CACNG3,gene_assignment,True
7994161,RBBP6,gene_assignment,True
7994187,TNRC6A,gene_assignment,True
7994216,SLC5A11,gene_assignment,True
7994235,AK097891,gene_assignment,True
7994237,LCMT1,gene_assignment,True
7994252,AQP8,gene_assignment,True
7994260,HS3ST4,gene_assignment,True
7994265,,,False
7994267,C16ORF82,gene_assignment,True
7994269,JMJD5,gene_assignment,True
7994280,IL4R,gene_assignment,True
7994292,IL21R,gene_assignment,True
7994308,KIAA0556,gene_assignment,True
7994339,,,False
7994341,,,False
7994343,,,False
7994345,SBK1,gene_assignment,True
7994350,,,False
7994353,APOB48R,gene_assignment,True
7994362,CCDC101,gene_assignment,True
7994371,ENST00000503072,gene_assignment,True
7994386,ATXN2L,gene_assignment,True
7994415,EIF3C,gene_assignment,True
7994445,SH2B1,gene_assignment,True
7994463,ATP2A1,gene_assignment,True
7994487,CD19,gene_assignment,True
7994506,NFATC2IP,gene_assignment,True
7994518,SPNS1,gene_assignment,True
7994535,LAT,gene_assignment,True
7994541,LAT,gene_assignment,True
7994559,PDXDC2P,gene_assignment,True
7994565,RRN3,gene_assignment,True
7994570,,,False
7994572,RUNDC2C,gene_assignment,True
7994576,RUNDC2C,gene_assignment,True
7994582,SULT1A3,gene_assignment,True
7994603,SPN,gene_assignment,True
7994609,QPRT,gene_assignment,True
7994615,ZG16,gene_assignment,True
7994620,KIF22,gene_assignment,True
7994637,MAZ,gene_assignment,True
7994647,PRRT2,gene_assignment,True
7994655,C16ORF53,gene_assignment,True
7994659,MVP,gene_assignment,True
7994675,ASPHD1,gene_assignment,True
7994683,TMEM219,gene_assignment,True
7994692,TAOK2,gene_assignment,True
7994715,INO80E,gene_assignment,True
7994730,FAM57B,gene_assignment,True
7994737,ALDOA,gene_assignment,True
7994756,PPP4C,gene_assignment,True
7994769,CORO1A,gene_assignment,True
7994781,SULT1A3,gene_assignment,True
7994804,MYLPF,gene_assignment,True
7994813,ZNF48,gene_assignment,True
7994817,ZNF771,gene_assignment,True
7994824,,,False
7994826,ITGAL,gene_assignment,True
7994858,PRR14,gene_assignment,True
7994874,FBRS,gene_assignment,True
7994889,SRCAP,gene_assignment,True
7994926,SNORA30,gene_assignment,True
7994928,PHKG2,gene_assignment,True
7994939,RNF40,gene_assignment,True
7994961,CTF1,gene_assignment,True
7994967,FBXL19,gene_assignment,True
7994981,ORAI3,gene_assignment,True
7994985,SETD1A,gene_assignment,True
7995007,HSD3B7,gene_assignment,True
7995017,STX4,gene_assignment,True
7995030,ZNF668,gene_assignment,True
7995033,ZNF646,gene_assignment,True
7995040,BCKDK,gene_assignment,True
7995055,MYST1,gene_assignment,True
7995069,FUS,gene_assignment,True
7995088,TRIM72,gene_assignment,True
7995096,ITGAM,gene_assignment,True
7995128,ITGAX,gene_assignment,True
7995161,ITGAD,gene_assignment,True
7995193,ARMC5,gene_assignment,True
7995206,TGFB1I1,gene_assignment,True
7995222,SLC5A2,gene_assignment,True
7995237,AHSP,gene_assignment,True
7995242,BC021555,gene_assignment,True
7995252,ZNF720,gene_assignment,True
7995258,ZNF267,gene_assignment,True
7995263,ENST00000390624,gene_assignment,True
7995267,TP53TG3,gene_assignment,True
7995275,TP53TG3,gene_assignment,True
7995282,TP53TG3,gene_assignment,True
7995292,SLC6A8,gene_assignment,True
7995306,,,False
7995308,,,False
7995310,ENST00000319817,gene_assignment,True
7995312,ENST00000407030,gene_assignment,True
7995354,ORC6,gene_assignment,True
7995362,GPT2,gene_assignment,True
7995377,,,False
7995379,BC013044,gene_assignment,True
7995382,PHKB,gene_assignment,True
7995419,,,False
7995421,LONP2,gene_assignment,True
7995438,,,False
7995440,AK128747,gene_assignment,True
7995442,BC021718,gene_assignment,True
7995448,TMEM188,gene_assignment,True
7995456,HEATR3,gene_assignment,True
7995477,,,False
7995479,PAPD5,gene_assignment,True
7995492,ADCY7,gene_assignment,True
7995525,NKD1,gene_assignment,True
7995539,NOD2,gene_assignment,True
7995552,CYLD,gene_assignment,True
7995574,HNRNPA1,gene_assignment,True
7995580,,,False
7995583,CHD9,gene_assignment,True
7995627,,,False
7995629,,,False
7995631,RBL2,gene_assignment,True
7995655,FTO,gene_assignment,True
7995668,IRX5,gene_assignment,True
7995674,IRX6,gene_assignment,True
7995681,MMP2,gene_assignment,True
7995697,LPCAT2,gene_assignment,True
7995712,CAPNS2,gene_assignment,True
7995714,SLC6A2,gene_assignment,True
7995729,CES1P1,gene_assignment,True
7995739,GNAO1,gene_assignment,True
7995755,OGFOD1,gene_assignment,True
7995772,MT4,gene_assignment,True
7995776,MT3,gene_assignment,True
7995783,MT2A,gene_assignment,True
7995787,MT1M,gene_assignment,True
7995793,MT1L,gene_assignment,True
7995797,MT1E,gene_assignment,True
7995803,MT1JP,gene_assignment,True
7995806,MT1A,gene_assignment,True
7995813,MT1DP,gene_assignment,True
7995820,MT1B,gene_assignment,True
7995825,MT1F,gene_assignment,True
7995829,MT1H,gene_assignment,True
7995834,MT1IP,gene_assignment,True
7995838,MT1X,gene_assignment,True
7995843,NUP93,gene_assignment,True
7995866,MIR138-2,gene_assignment,True
7995868,SLC12A3,gene_assignment,True
7995895,HERPUD1,gene_assignment,True
7995907,CETP,gene_assignment,True
7995926,NLRC5,gene_assignment,True
7995976,CPNE2,gene_assignment,True
7995994,RSPRY1,gene_assignment,True
7996012,ARL2BP,gene_assignment,True
7996022,CCL22,gene_assignment,True
7996027,CX3CL1,gene_assignment,True
7996034,CCL17,gene_assignment,True
7996041,COQ9,gene_assignment,True
7996051,POLR2C,gene_assignment,True
7996064,GPR114,gene_assignment,True
7996081,GPR56,gene_assignment,True
7996100,GPR97,gene_assignment,True
7996117,CCDC135,gene_assignment,True
7996137,KATNB1,gene_assignment,True
7996160,ENST00000335616,gene_assignment,True
7996164,TEPP,gene_assignment,True
7996174,C16ORF57,gene_assignment,True
7996185,MMP15,gene_assignment,True
7996198,CCDC113,gene_assignment,True
7996211,GINS3,gene_assignment,True
7996219,NDRG4,gene_assignment,True
7996239,,,False
7996241,SETD6,gene_assignment,True
7996252,,,False
7996256,,,False
7996258,,,False
7996260,,,False
7996264,CDH5,gene_assignment,True
7996281,BEAN1,gene_assignment,True
7996286,,,False
7996288,,,False
7996290,CMTM1,gene_assignment,True
7996313,CMTM2,gene_assignment,True
7996318,CMTM3,gene_assignment,True
7996331,CA7,gene_assignment,True
7996341,PDP2,gene_assignment,True
7996345,CES2,gene_assignment,True
7996361,CES3,gene_assignment,True
7996377,CES4A,gene_assignment,True
7996391,,,False
7996393,CBFB,gene_assignment,True
7996403,C16ORF70,gene_assignment,True
7996423,FBXL8,gene_assignment,True
7996430,HSF4,gene_assignment,True
7996448,NOL3,gene_assignment,True
7996455,E2F4,gene_assignment,True
7996468,ELMO3,gene_assignment,True
7996490,TMEM208,gene_assignment,True
7996498,SLC9A5,gene_assignment,True
7996516,PLEKHG4,gene_assignment,True
7996546,LRRC36,gene_assignment,True
7996563,HSD11B2,gene_assignment,True
7996569,,,False
7996571,FAM65A,gene_assignment,True
7996593,CTCF,gene_assignment,True
7996608,RLTPR,gene_assignment,True
7996647,PARD6A,gene_assignment,True
7996651,C16ORF86,gene_assignment,True
7996654,TSNAXIP1,gene_assignment,True
7996675,THAP11,gene_assignment,True
7996677,NUTF2,gene_assignment,True
7996685,EDC4,gene_assignment,True
7996715,NRN1L,gene_assignment,True
7996720,PSKH1,gene_assignment,True
7996725,DUS2L,gene_assignment,True
7996744,NFATC3,gene_assignment,True
7996759,,,False
7996761,PLA2G15,gene_assignment,True
7996772,SLC7A6,gene_assignment,True
7996785,PRMT7,gene_assignment,True
7996805,,,False
7996807,ZFP90,gene_assignment,True
7996819,CDH3,gene_assignment,True
7996837,CDH1,gene_assignment,True
7996860,TMCO7,gene_assignment,True
7996879,,,False
7996883,HAS3,gene_assignment,True
7996891,CIRH1A,gene_assignment,True
7996908,SNTB2,gene_assignment,True
7996917,,,False
7996919,VPS4A,gene_assignment,True
7996934,NIP7,gene_assignment,True
7996947,CYB5B,gene_assignment,True
7996954,NFAT5,gene_assignment,True
7996976,WWP2,gene_assignment,True
7997008,MIR140,gene_assignment,True
7997010,CLEC18A,gene_assignment,True
7997025,PDPR,gene_assignment,True
7997032,CLEC18B,gene_assignment,True
7997048,DDX19B,gene_assignment,True
7997059,DDX19A,gene_assignment,True
7997072,FUK,gene_assignment,True
7997099,SF3B3,gene_assignment,True
7997128,IL34,gene_assignment,True
7997135,MTSS1L,gene_assignment,True
7997137,,,False
7997139,CALB2,gene_assignment,True
7997152,CHST4,gene_assignment,True
7997158,MARVELD3,gene_assignment,True
7997164,,,False
7997166,AY358233,gene_assignment,True
7997168,KIAA0174,gene_assignment,True
7997179,DHODH,gene_assignment,True
7997188,HP,gene_assignment,True
7997192,HPR,gene_assignment,True
7997197,DHX38,gene_assignment,True
7997226,,,False
7997230,PSMD7,gene_assignment,True
7997239,PDXDC2P,gene_assignment,True
7997247,ZNRF1,gene_assignment,True
7997257,ZFP1,gene_assignment,True
7997264,CTRB1,gene_assignment,True
7997272,GABARAPL2,gene_assignment,True
7997281,TERF2IP,gene_assignment,True
7997289,CNTNAP4,gene_assignment,True
7997321,MON1B,gene_assignment,True
7997332,NUDT7,gene_assignment,True
7997336,VAT1L,gene_assignment,True
7997346,CLEC3A,gene_assignment,True
7997352,WWOX,gene_assignment,True
7997372,,,False
7997374,DYNLRB2,gene_assignment,True
7997381,CENPN,gene_assignment,True
7997396,ATMIN,gene_assignment,True
7997401,BCMO1,gene_assignment,True
7997414,GAN,gene_assignment,True
7997427,CMIP,gene_assignment,True
7997453,PLCG2,gene_assignment,True
7997489,,,False
7997491,HSD17B2,gene_assignment,True
7997502,,,False
7997504,CDH13,gene_assignment,True
7997520,HSBP1,gene_assignment,True
7997525,MLYCD,gene_assignment,True
7997533,OSGIN1,gene_assignment,True
7997542,NECAB2,gene_assignment,True
7997556,LRRC50,gene_assignment,True
7997569,ADAD2,gene_assignment,True
7997582,WFDC1,gene_assignment,True
7997593,ATP2C2,gene_assignment,True
7997626,KLHL36,gene_assignment,True
7997633,USP10,gene_assignment,True
7997642,CRISPLD2,gene_assignment,True
7997662,KIAA0513,gene_assignment,True
7997676,BC030801,gene_assignment,True
7997680,KIAA0182,gene_assignment,True
7997700,,,False
7997702,COX4I1,gene_assignment,True
7997712,IRF8,gene_assignment,True
7997724,,,False
7997726,FOXF1,gene_assignment,True
7997731,FLJ30679,gene_assignment,True
7997733,FOXC2,gene_assignment,True
7997735,FOXL1,gene_assignment,True
7997738,,,False
7997740,MAP1LC3B,gene_assignment,True
7997746,JPH3,gene_assignment,True
7997755,BANP,gene_assignment,True
7997765,ZNF469,gene_assignment,True
7997767,ZFPM1,gene_assignment,True
7997779,ZC3H18,gene_assignment,True
7997801,IL17C,gene_assignment,True
7997808,MGC23284,gene_assignment,True
7997810,CTU2,gene_assignment,True
7997827,FAM38A,gene_assignment,True
7997829,FAM38A,gene_assignment,True
7997832,ENST00000333666,gene_assignment,True
7997839,CDT1,gene_assignment,True
7997852,TRAPPC2L,gene_assignment,True
7997861,,,False
7997863,ACSF3,gene_assignment,True
7997875,C16ORF81,gene_assignment,True
7997880,CDH15,gene_assignment,True
7997896,ZNF778,gene_assignment,True
7997904,AK295122,gene_assignment,True
7997907,,,False
7997909,SPG7,gene_assignment,True
7997933,RPL13,gene_assignment,True
7997940,SNORD68,gene_assignment,True
7997942,CPNE7,gene_assignment,True
7997962,DPEP1,gene_assignment,True
7997976,AK303024,gene_assignment,True
7997982,CDK10,gene_assignment,True
7998002,ZNF276,gene_assignment,True
7998015,SPIRE2,gene_assignment,True
7998033,TCF25,gene_assignment,True
7998053,,,False
7998055,MC1R,gene_assignment,True
7998063,TUBB3,gene_assignment,True
7998072,DEF8,gene_assignment,True
7998083,AFG3L1P,gene_assignment,True
7998103,GAS8,gene_assignment,True
7998115,,,False
7998117,ENST00000388975,gene_assignment,True
7998119,WASH1,gene_assignment,True
7998129,POLR3K,gene_assignment,True
7998136,RHBDF1,gene_assignment,True
7998157,NPRL3,gene_assignment,True
7998174,LUC7L,gene_assignment,True
7998190,RGS11,gene_assignment,True
7998211,AXIN1,gene_assignment,True
7998222,MRPL28,gene_assignment,True
7998233,TMEM8A,gene_assignment,True
7998249,,,False
7998251,C16ORF13,gene_assignment,True
7998265,AK097604,gene_assignment,True
7998267,JMJD8,gene_assignment,True
7998280,WDR24,gene_assignment,True
7998297,FBXL16,gene_assignment,True
7998307,CCDC78,gene_assignment,True
7998336,NARFL,gene_assignment,True
7998351,MSLNL,gene_assignment,True
7998367,RPUSD1,gene_assignment,True
7998374,GNG13,gene_assignment,True
7998381,LMF1,gene_assignment,True
7998392,,,False
7998399,,,False
7998405,LOC146336,gene_assignment,True
7998407,C1QTNF8,gene_assignment,True
7998414,GS85,gene_assignment,True
7998427,TPSG1,gene_assignment,True
7998434,TPSAB1,gene_assignment,True
7998444,ENST00000440800,gene_assignment,True
7998449,C16ORF42,gene_assignment,True
7998457,UNKL,gene_assignment,True
7998466,UNKL,gene_assignment,True
7998485,C16ORF91,gene_assignment,True
7998494,CCDC154,gene_assignment,True
7998510,CLCN7,gene_assignment,True
7998538,PTX4,gene_assignment,True
7998542,IFT140,gene_assignment,True
7998577,NME3,gene_assignment,True
7998585,MRPS34,gene_assignment,True
7998590,SPSB3,gene_assignment,True
7998601,IGFALS,gene_assignment,True
7998604,HAGH,gene_assignment,True
7998615,C16ORF73,gene_assignment,True
7998629,,,False
7998634,HS3ST6,gene_assignment,True
7998637,SEPX1,gene_assignment,True
7998643,RPL3L,gene_assignment,True
7998655,RPS2,gene_assignment,True
7998664,SNORA10,gene_assignment,True
7998666,SNORA64,gene_assignment,True
7998668,NOXO1,gene_assignment,True
7998679,ZNF598,gene_assignment,True
7998692,NTHL1,gene_assignment,True
7998700,PKD1,gene_assignment,True
7998722,SNORD60,gene_assignment,True
7998724,CASKIN1,gene_assignment,True
7998749,C16ORF79,gene_assignment,True
7998759,PGP,gene_assignment,True
7998762,DCI,gene_assignment,True
7998774,RNPS1,gene_assignment,True
7998784,ABCA3,gene_assignment,True
7998817,CEMP1,gene_assignment,True
7998820,ENST00000342085,gene_assignment,True
7998823,,,False
7998825,PDPK1,gene_assignment,True
7998835,,,False
7998841,,,False
7998843,PRSS27,gene_assignment,True
7998852,TCEB2,gene_assignment,True
7998861,PRSS33,gene_assignment,True
7998872,PRSS30P,gene_assignment,True
7998878,PRSS22,gene_assignment,True
7998886,PKMYT1,gene_assignment,True
7998898,CLDN6,gene_assignment,True
7998902,HCFC1R1,gene_assignment,True
7998910,CCDC64B,gene_assignment,True
7998921,ZSCAN10,gene_assignment,True
7998931,ZNF200,gene_assignment,True
7998940,MEFV,gene_assignment,True
7998952,TIGD7,gene_assignment,True
7998959,,,False
7998967,ZNF434,gene_assignment,True
7998978,ZNF597,gene_assignment,True
7998983,NLRC3,gene_assignment,True
7999008,SLX4,gene_assignment,True
7999023,,,False
7999025,TRAP1,gene_assignment,True
7999044,CREBBP,gene_assignment,True
7999079,ADCY9,gene_assignment,True
7999093,SRL,gene_assignment,True
7999102,TFAP4,gene_assignment,True
7999112,PAM16,gene_assignment,True
7999120,CORO7,gene_assignment,True
7999149,NMRAL1,gene_assignment,True
7999160,C16ORF5,gene_assignment,True
7999173,FAM100A,gene_assignment,True
7999177,ANKS3,gene_assignment,True
7999196,ZNF500,gene_assignment,True
7999206,SEPT12,gene_assignment,True
7999217,ROGDI,gene_assignment,True
7999233,GLYR1,gene_assignment,True
7999253,PPL,gene_assignment,True
7999279,NAGPA,gene_assignment,True
7999291,C16ORF89,gene_assignment,True
7999304,FAM86A,gene_assignment,True
7999317,TMEM186,gene_assignment,True
7999319,CARHSP1,gene_assignment,True
7999326,USP7,gene_assignment,True
7999356,,,False
7999360,RPL21,gene_assignment,True
7999362,,,False
7999364,GRIN2A,gene_assignment,True
7999382,,,False
7999384,,,False
7999387,EMP2,gene_assignment,True
7999396,TEKT5,gene_assignment,True
7999412,FAM18A,gene_assignment,True
7999419,DEXI,gene_assignment,True
7999423,SOCS1,gene_assignment,True
7999427,TNP2,gene_assignment,True
7999431,PRM3,gene_assignment,True
7999433,,,False
7999435,PRM2,gene_assignment,True
7999440,PRM1,gene_assignment,True
7999447,ENST00000344649,gene_assignment,True
7999468,LITAF,gene_assignment,True
7999478,TXNDC11,gene_assignment,True
7999496,ZC3H7A,gene_assignment,True
7999520,RSL1D1,gene_assignment,True
7999532,GSPT1,gene_assignment,True
7999547,TNFRSF17,gene_assignment,True
7999550,ENST00000312019,gene_assignment,True
7999553,CPPED1,gene_assignment,True
7999560,,,False
7999562,PARN,gene_assignment,True
7999588,PLA2G10,gene_assignment,True
7999591,ABCC6P2,gene_assignment,True
7999594,,,False
7999596,KIAA2013,gene_assignment,True
7999598,NTAN1,gene_assignment,True
7999608,RRN3,gene_assignment,True
7999614,PKD1,gene_assignment,True
7999634,AK294177,gene_assignment,True
7999642,KIAA0430,gene_assignment,True
7999674,MYH11,gene_assignment,True
7999718,C16ORF63,gene_assignment,True
7999725,,,False
7999727,ABCC6,gene_assignment,True
7999750,,,False
7999752,LYRM2,gene_assignment,True
7999754,XYLT1,gene_assignment,True
7999766,PKD1P1,gene_assignment,True
7999769,PKD1P1,gene_assignment,True
7999791,NOMO3,gene_assignment,True
7999827,RPS15A,gene_assignment,True
7999834,ARL6IP1,gene_assignment,True
7999841,SMG1,gene_assignment,True
7999884,,,False
7999886,,,False
7999889,GDE1,gene_assignment,True
7999903,C16ORF88,gene_assignment,True
7999909,GPRC5B,gene_assignment,True
7999916,GPR139,gene_assignment,True
7999920,GP2,gene_assignment,True
7999936,UMOD,gene_assignment,True
7999952,PDILT,gene_assignment,True
7999965,ACSM2B,gene_assignment,True
7999981,ACSM1,gene_assignment,True
8000003,THUMPD1,gene_assignment,True
8000013,ERI2,gene_assignment,True
8000028,DCUN1D3,gene_assignment,True
8000034,DNAH3,gene_assignment,True
8000097,ZP2,gene_assignment,True
8000117,CRYM,gene_assignment,True
8000131,NPIPL3,gene_assignment,True
8000156,LOC100271836,gene_assignment,True
8000167,SLC7A5P2,gene_assignment,True
8000184,IGSF6,gene_assignment,True
8000192,RRN3P1,gene_assignment,True
8000200,RRN3P1,gene_assignment,True
8000205,NPIPL3,gene_assignment,True
8000217,AB061371,gene_assignment,True
8000222,ENST00000446231,gene_assignment,True
8000229,PDZD9,gene_assignment,True
8000236,CDR2,gene_assignment,True
8000244,USP31,gene_assignment,True
8000263,COG7,gene_assignment,True
8000284,GGA2,gene_assignment,True
8000310,EARS2,gene_assignment,True
8000323,NDUFAB1,gene_assignment,True
8000329,PALB2,gene_assignment,True
8000346,ERN2,gene_assignment,True
8000369,,,False
8000371,AK127191,gene_assignment,True
8000375,ARHGAP17,gene_assignment,True
8000399,ZKSCAN2,gene_assignment,True
8000407,,,False
8000409,HMGN2,gene_assignment,True
8000411,JMJD5,gene_assignment,True
8000413,NSMCE1,gene_assignment,True
8000425,GTF3C1,gene_assignment,True
8000465,,,False
8000467,GSG1L,gene_assignment,True
8000480,,,False
8000482,XPO6,gene_assignment,True
8000501,PDXDC2P,gene_assignment,True
8000507,EIF3C,gene_assignment,True
8000537,PDXDC2P,gene_assignment,True
8000543,CLN3,gene_assignment,True
8000567,IL27,gene_assignment,True
8000574,NUPR1,gene_assignment,True
8000582,SULT1A2,gene_assignment,True
8000590,SULT1A1,gene_assignment,True
8000600,,,False
8000603,TUFM,gene_assignment,True
8000616,RABEP2,gene_assignment,True
8000634,,,False
8000636,ENST00000432570,gene_assignment,True
8000638,SMG1,gene_assignment,True
8000649,,,False
8000651,SMG1,gene_assignment,True
8000676,LOC100132247,gene_assignment,True
8000687,ENST00000446231,gene_assignment,True
8000690,,,False
8000692,BOLA2,gene_assignment,True
8000700,,,False
8000702,C16ORF54,gene_assignment,True
8000706,CDIPT,gene_assignment,True
8000716,SEZ6L2,gene_assignment,True
8000738,KCTD13,gene_assignment,True
8000748,HIRIP3,gene_assignment,True
8000757,DOC2A,gene_assignment,True
8000772,FAM57B,gene_assignment,True
8000779,TBX6,gene_assignment,True
8000791,YPEL3,gene_assignment,True
8000799,GDPD3,gene_assignment,True
8000811,MAPK3,gene_assignment,True
8000823,SMG1,gene_assignment,True
8000834,SMG1,gene_assignment,True
8000848,CD2BP2,gene_assignment,True
8000856,TBC1D10B,gene_assignment,True
8000869,SEPT1,gene_assignment,True
8000882,,,False
8000884,DCTPP1,gene_assignment,True
8000890,SEPHS2,gene_assignment,True
8000897,,,False
8000899,ZNF768,gene_assignment,True
8000903,ZNF747,gene_assignment,True
8000906,ZNF764,gene_assignment,True
8000910,ZNF688,gene_assignment,True
8000917,ZNF785,gene_assignment,True
8000924,ZNF689,gene_assignment,True
8000930,,,False
8000932,C16ORF93,gene_assignment,True
8000941,ZNF629,gene_assignment,True
8000945,,,False
8000948,BCL7C,gene_assignment,True
8000957,NCRNA00095,gene_assignment,True
8000963,STX1B,gene_assignment,True
8000974,ZNF668,gene_assignment,True
8000978,PRSS53,gene_assignment,True
8000998,VKORC1,gene_assignment,True
8001007,PRSS8,gene_assignment,True
8001014,PRSS36,gene_assignment,True
8001030,PYCARD,gene_assignment,True
8001037,PYDC1,gene_assignment,True
8001041,COX6A2,gene_assignment,True
8001046,ZNF843,gene_assignment,True
8001048,C16ORF58,gene_assignment,True
8001064,BC107074,gene_assignment,True
8001067,HERC2P4,gene_assignment,True
8001070,ACTR3BP2,gene_assignment,True
8001072,TP53TG3,gene_assignment,True
8001082,SLC6A8,gene_assignment,True
8001099,HERC2P4,gene_assignment,True
8001102,,,False
8001104,,,False
8001108,,,False
8001111,UBE2MP1,gene_assignment,True
8001113,ANKRD26P1,gene_assignment,True
8001131,,,False
8001133,SHCBP1,gene_assignment,True
8001147,RAB43,gene_assignment,True
8001149,VPS35,gene_assignment,True
8001163,MYLK3,gene_assignment,True
8001178,BC056676,gene_assignment,True
8001185,DNAJA2,gene_assignment,True
8001197,NETO2,gene_assignment,True
8001211,ITFG1,gene_assignment,True
8001231,,,False
8001233,AK309475,gene_assignment,True
8001235,ABCC12,gene_assignment,True
8001271,ABCC11,gene_assignment,True
8001306,SIAH1,gene_assignment,True
8001317,N4BP1,gene_assignment,True
8001325,,,False
8001327,,,False
8001329,CBLN1,gene_assignment,True
8001337,ZNF423,gene_assignment,True
8001348,,,False
8001350,BRD7,gene_assignment,True
8001371,,,False
8001373,SNX20,gene_assignment,True
8001385,,,False
8001387,SALL1,gene_assignment,True
8001392,,,False
8001394,TOX3,gene_assignment,True
8001402,CHD9,gene_assignment,True
8001410,AKTIP,gene_assignment,True
8001423,RPGRIP1L,gene_assignment,True
8001449,IRX3,gene_assignment,True
8001455,,,False
8001457,CES1,gene_assignment,True
8001464,CES5A,gene_assignment,True
8001477,AMFR,gene_assignment,True
8001496,NUDT21,gene_assignment,True
8001507,BBS2,gene_assignment,True
8001529,,,False
8001531,MT1G,gene_assignment,True
8001537,FAM192A,gene_assignment,True
8001547,PLLP,gene_assignment,True
8001552,CIAPIN1,gene_assignment,True
8001564,DOK4,gene_assignment,True
8001576,CCDC102A,gene_assignment,True
8001587,KIFC3,gene_assignment,True
8001615,CNGB1,gene_assignment,True
8001651,ZNF319,gene_assignment,True
8001656,,,False
8001658,C16ORF80,gene_assignment,True
8001666,CSNK2A2,gene_assignment,True
8001682,PRSS54,gene_assignment,True
8001691,,,False
8001693,CNOT1,gene_assignment,True
8001746,SNORA46,gene_assignment,True
8001748,SNORA50,gene_assignment,True
8001750,SLC38A7,gene_assignment,True
8001764,GOT2,gene_assignment,True
8001776,,,False
8001780,,,False
8001782,RPS27A,gene_assignment,True
8001784,CDH8,gene_assignment,True
8001798,,,False
8001800,CDH11,gene_assignment,True
8001816,AK130753,gene_assignment,True
8001818,TK2,gene_assignment,True
8001830,CMTM4,gene_assignment,True
8001841,DYNC1LI2,gene_assignment,True
8001858,CCDC79,gene_assignment,True
8001876,NAE1,gene_assignment,True
8001898,CDH16,gene_assignment,True
8001918,RRAD,gene_assignment,True
8001924,FAM96B,gene_assignment,True
8001932,B3GNT9,gene_assignment,True
8001938,TRADD,gene_assignment,True
8001946,KIAA0895L,gene_assignment,True
8001953,EXOC3L,gene_assignment,True
8001971,LRRC29,gene_assignment,True
8001981,FHOD1,gene_assignment,True
8002005,KCTD19,gene_assignment,True
8002018,,,False
8002020,TPPP3,gene_assignment,True
8002027,,,False
8002029,ZDHHC1,gene_assignment,True
8002041,ATP6V0D1,gene_assignment,True
8002051,AGRP,gene_assignment,True
8002057,ACD,gene_assignment,True
8002072,BC008284,gene_assignment,True
8002082,GFOD2,gene_assignment,True
8002087,RANBP10,gene_assignment,True
8002102,,,False
8002104,CENPT,gene_assignment,True
8002121,CTRL,gene_assignment,True
8002133,PSMB10,gene_assignment,True
8002143,LCAT,gene_assignment,True
8002152,SLC12A4,gene_assignment,True
8002181,DPEP3,gene_assignment,True
8002194,DPEP2,gene_assignment,True
8002209,,,False
8002211,DDX28,gene_assignment,True
8002216,,,False
8002218,ESRP2,gene_assignment,True
8002237,SLC7A6OS,gene_assignment,True
8002245,,,False
8002247,,,False
8002249,SMPD3,gene_assignment,True
8002260,,,False
8002262,,,False
8002264,,,False
8002266,CHTF8,gene_assignment,True
8002270,,,False
8002272,COG8,gene_assignment,True
8002283,TMED6,gene_assignment,True
8002289,TERF2,gene_assignment,True
8002301,,,False
8002303,NQO1,gene_assignment,True
8002312,NOB1,gene_assignment,True
8002322,PDXDC2P,gene_assignment,True
8002333,SMG1,gene_assignment,True
8002342,,,False
8002344,EXOSC6,gene_assignment,True
8002347,AARS,gene_assignment,True
8002370,ST3GAL2,gene_assignment,True
8002379,,,False
8002381,COG4,gene_assignment,True
8002403,MTSS1L,gene_assignment,True
8002421,VAC14,gene_assignment,True
8002444,AK128439,gene_assignment,True
8002446,HYDIN,gene_assignment,True
8002470,HYDIN,gene_assignment,True
8002481,HYDIN,gene_assignment,True
8002492,HYDIN,gene_assignment,True
8002523,FTSJD1,gene_assignment,True
8002533,ZNF23,gene_assignment,True
8002547,ZNF19,gene_assignment,True
8002556,TAT,gene_assignment,True
8002571,PHLPP2,gene_assignment,True
8002590,SNORA70D,gene_assignment,True
8002592,AP1G1,gene_assignment,True
8002618,ZNF821,gene_assignment,True
8002629,PKD1L3,gene_assignment,True
8002660,TXNL4B,gene_assignment,True
8002667,PMFBP1,gene_assignment,True
8002692,ZFHX3,gene_assignment,True
8002706,AK129695,gene_assignment,True
8002711,,,False
8002713,CLEC18B,gene_assignment,True
8002729,GLG1,gene_assignment,True
8002758,,,False
8002760,ENST00000412576,gene_assignment,True
8002762,RFWD3,gene_assignment,True
8002778,MLKL,gene_assignment,True
8002792,FA2H,gene_assignment,True
8002802,WDR59,gene_assignment,True
8002830,LDHD,gene_assignment,True
8002845,CTRB2,gene_assignment,True
8002854,BCAR1,gene_assignment,True
8002865,CFDP1,gene_assignment,True
8002878,TMEM170A,gene_assignment,True
8002882,CHST6,gene_assignment,True
8002891,CHST5,gene_assignment,True
8002897,TMEM231,gene_assignment,True
8002904,ADAT1,gene_assignment,True
8002919,KARS,gene_assignment,True
8002939,,,False
8002941,ADAMTS18,gene_assignment,True
8002967,,,False
8002969,MAF,gene_assignment,True
8002975,CDYL2,gene_assignment,True
8002987,C16ORF61,gene_assignment,True
8002992,C16ORF46,gene_assignment,True
8002999,GCSH,gene_assignment,True
8003007,PKD1L2,gene_assignment,True
8003056,AF220234,gene_assignment,True
8003060,SDR42E1,gene_assignment,True
8003068,MPHOSPH6,gene_assignment,True
8003077,SLC38A8,gene_assignment,True
8003087,,,False
8003089,MBTPS1,gene_assignment,True
8003116,HSDL1,gene_assignment,True
8003125,TAF1C,gene_assignment,True
8003145,ADAD2,gene_assignment,True
8003149,KCNG4,gene_assignment,True
8003156,,,False
8003158,KIAA1609,gene_assignment,True
8003171,COTL1,gene_assignment,True
8003180,ZDHHC7,gene_assignment,True
8003193,BC093665,gene_assignment,True
8003204,GINS2,gene_assignment,True
8003210,C16ORF74,gene_assignment,True
8003217,COX4NB,gene_assignment,True
8003228,,,False
8003230,LOC732275,gene_assignment,True
8003233,MTHFSD,gene_assignment,True
8003243,LOC100288525,gene_assignment,True
8003249,FBXO31,gene_assignment,True
8003263,ZCCHC14,gene_assignment,True
8003283,KLHDC4,gene_assignment,True
8003298,SLC7A5,gene_assignment,True
8003313,CA5A,gene_assignment,True
8003318,AK127438,gene_assignment,True
8003322,CYBA,gene_assignment,True
8003332,MVD,gene_assignment,True
8003344,SNAI3,gene_assignment,True
8003348,RNF166,gene_assignment,True
8003357,FAM38A,gene_assignment,True
8003401,APRT,gene_assignment,True
8003410,GALNS,gene_assignment,True
8003425,CBFA2T3,gene_assignment,True
8003444,ENST00000333222,gene_assignment,True
8003448,ANKRD11,gene_assignment,True
8003467,CHMP1A,gene_assignment,True
8003478,SPATA2L,gene_assignment,True
8003484,C16ORF7,gene_assignment,True
8003503,FANCA,gene_assignment,True
8003553,CENPBD1,gene_assignment,True
8003560,DBNDD1,gene_assignment,True
8003566,C16ORF3,gene_assignment,True
8003571,PRDM7,gene_assignment,True
8003576,TUBB4Q,gene_assignment,True
8003578,ZG16,gene_assignment,True
8003583,KIF22,gene_assignment,True
8003599,,,False
8003601,C16ORF54,gene_assignment,True
8003605,,,False
8003607,C17ORF97,gene_assignment,True
8003611,FAM57A,gene_assignment,True
8003619,ELP2P,gene_assignment,True
8003621,RNMTL1,gene_assignment,True
8003627,TIMM22,gene_assignment,True
8003633,BHLHA9,gene_assignment,True
8003635,TUSC5,gene_assignment,True
8003639,WDR81,gene_assignment,True
8003656,SERPINF2,gene_assignment,True
8003667,SERPINF1,gene_assignment,True
8003679,RPA1,gene_assignment,True
8003700,DPH1,gene_assignment,True
8003719,HIC1,gene_assignment,True
8003722,SRR,gene_assignment,True
8003733,SGSM2,gene_assignment,True
8003758,PAFAH1B1,gene_assignment,True
8003769,,,False
8003771,,,False
8003773,RAP1GAP2,gene_assignment,True
8003800,,,False
8003802,OR1A2,gene_assignment,True
8003804,OR1A1,gene_assignment,True
8003806,OR1D5,gene_assignment,True
8003808,OR3A4,gene_assignment,True
8003810,,,False
8003812,OR3A3,gene_assignment,True
8003814,ASPA,gene_assignment,True
8003824,CTNS,gene_assignment,True
8003840,TMEM93,gene_assignment,True
8003844,GSG2,gene_assignment,True
8003846,ZZEF1,gene_assignment,True
8003848,,,False
8003850,CYB5D2,gene_assignment,True
8003859,,,False
8003861,SPNS3,gene_assignment,True
8003875,SPNS2,gene_assignment,True
8003892,SMTNL2,gene_assignment,True
8003903,ARRB2,gene_assignment,True
8003922,MED11,gene_assignment,True
8003926,ZMYND15,gene_assignment,True
8003939,TM4SF5,gene_assignment,True
8003948,GLTPD2,gene_assignment,True
8003953,PSMB6,gene_assignment,True
8003962,PLD2,gene_assignment,True
8003991,MINK1,gene_assignment,True
8004024,GP1BA,gene_assignment,True
8004030,RNF167,gene_assignment,True
8004043,ENO3,gene_assignment,True
8004057,KIF1C,gene_assignment,True
8004081,ZFP3,gene_assignment,True
8004086,USP6,gene_assignment,True
8004111,RABEP1,gene_assignment,True
8004133,RPAIN,gene_assignment,True
8004144,MIS12,gene_assignment,True
8004152,WSCD1,gene_assignment,True
8004165,,,False
8004167,FAM64A,gene_assignment,True
8004175,TXNDC17,gene_assignment,True
8004184,XAF1,gene_assignment,True
8004195,FBXO39,gene_assignment,True
8004201,ALOX12P2,gene_assignment,True
8004219,,,False
8004221,ALOX12,gene_assignment,True
8004237,RNASEK,gene_assignment,True
8004241,RNASEK,gene_assignment,True
8004247,C17ORF49,gene_assignment,True
8004255,BCL6B,gene_assignment,True
8004266,SLC16A13,gene_assignment,True
8004271,ACADVL,gene_assignment,True
8004293,C17ORF81,gene_assignment,True
8004309,SLC2A4,gene_assignment,True
8004325,EIF5A,gene_assignment,True
8004331,ACAP1,gene_assignment,True
8004360,KCTD11,gene_assignment,True
8004364,TMEM95,gene_assignment,True
8004372,TNK1,gene_assignment,True
8004385,NLGN2,gene_assignment,True
8004394,SPEM1,gene_assignment,True
8004400,C17ORF74,gene_assignment,True
8004404,TMEM102,gene_assignment,True
8004408,FGF11,gene_assignment,True
8004416,CHRNB1,gene_assignment,True
8004428,AMAC1L3,gene_assignment,True
8004431,POLR2A,gene_assignment,True
8004464,TNFSF12,gene_assignment,True
8004485,SENP3,gene_assignment,True
8004497,EIF4A1,gene_assignment,True
8004506,SNORA48,gene_assignment,True
8004508,SNORA67,gene_assignment,True
8004510,CD68,gene_assignment,True
8004521,MPDU1,gene_assignment,True
8004534,SHBG,gene_assignment,True
8004545,ATP1B2,gene_assignment,True
8004556,WRAP53,gene_assignment,True
8004571,EFNB3,gene_assignment,True
8004580,DNAH2,gene_assignment,True
8004671,KDM6B,gene_assignment,True
8004691,TMEM88,gene_assignment,True
8004694,CYB5D1,gene_assignment,True
8004699,CHD3,gene_assignment,True
8004741,CNTROB,gene_assignment,True
8004763,GUCY2D,gene_assignment,True
8004784,ALOX15B,gene_assignment,True
8004802,C17ORF59,gene_assignment,True
8004804,PFAS,gene_assignment,True
8004832,RANGRF,gene_assignment,True
8004842,ARHGEF15,gene_assignment,True
8004859,,,False
8004861,ODF4,gene_assignment,True
8004867,NDEL1,gene_assignment,True
8004880,NTN1,gene_assignment,True
8004889,WDR16,gene_assignment,True
8004905,USP43,gene_assignment,True
8004922,GLP2R,gene_assignment,True
8004938,,,False
8004940,C17ORF48,gene_assignment,True
8004946,,,False
8004948,SHISA6,gene_assignment,True
8004955,SHISA6,gene_assignment,True
8004957,DNAH9,gene_assignment,True
8005029,MAP2K4,gene_assignment,True
8005043,FLJ34690,gene_assignment,True
8005048,MYOCD,gene_assignment,True
8005064,ARHGAP44,gene_assignment,True
8005089,COX10,gene_assignment,True
8005097,HS3ST3B1,gene_assignment,True
8005102,,,False
8005104,,,False
8005106,X52357,gene_assignment,True
8005110,ZNF286A,gene_assignment,True
8005117,TBC1D26,gene_assignment,True
8005132,MEIS3P1,gene_assignment,True
8005134,ADORA2B,gene_assignment,True
8005141,TTC19,gene_assignment,True
8005155,,,False
8005157,PIGL,gene_assignment,True
8005166,UBB,gene_assignment,True
8005171,TRPV2,gene_assignment,True
8005191,BC027986,gene_assignment,True
8005200,SNORD49B,gene_assignment,True
8005202,SNORD49A,gene_assignment,True
8005204,CCDC144A,gene_assignment,True
8005223,,,False
8005225,LOC162632,gene_assignment,True
8005231,FAM106C,gene_assignment,True
8005233,,,False
8005235,MPRIP,gene_assignment,True
8005243,,,False
8005245,,,False
8005247,NT5M,gene_assignment,True
8005260,MED9,gene_assignment,True
8005265,,,False
8005267,RAI1,gene_assignment,True
8005289,LRRC48,gene_assignment,True
8005305,C17ORF39,gene_assignment,True
8005313,DRG2,gene_assignment,True
8005328,MYO15A,gene_assignment,True
8005397,,,False
8005399,ALKBH5,gene_assignment,True
8005407,LLGL1,gene_assignment,True
8005433,,,False
8005435,SMCR7,gene_assignment,True
8005441,SMCR8,gene_assignment,True
8005444,ENST00000407600,gene_assignment,True
8005446,AK093253,gene_assignment,True
8005449,KRT17,gene_assignment,True
8005458,LGALS9C,gene_assignment,True
8005471,RPS28,gene_assignment,True
8005473,PAIP1,gene_assignment,True
8005475,TRIM16L,gene_assignment,True
8005483,FBXW10,gene_assignment,True
8005501,FAM18B2,gene_assignment,True
8005510,,,False
8005512,PRPSAP2,gene_assignment,True
8005529,SLC5A10,gene_assignment,True
8005547,SNORD3A,gene_assignment,True
8005549,GRAPL,gene_assignment,True
8005553,SNORD3A,gene_assignment,True
8005555,BC026233,gene_assignment,True
8005557,EPN2,gene_assignment,True
8005576,MAPK7,gene_assignment,True
8005586,RNF112,gene_assignment,True
8005603,SLC47A1,gene_assignment,True
8005626,SNORA59A,gene_assignment,True
8005638,ALDH3A2,gene_assignment,True
8005657,,,False
8005659,AY358202,gene_assignment,True
8005661,SPECC1,gene_assignment,True
8005679,CCDC144B,gene_assignment,True
8005685,,,False
8005687,FAM106A,gene_assignment,True
8005689,LOC220594,gene_assignment,True
8005695,MEIS3P1,gene_assignment,True
8005697,,,False
8005699,DHRS7B,gene_assignment,True
8005707,MAP2K3,gene_assignment,True
8005726,KCNJ12,gene_assignment,True
8005733,C20ORF191,gene_assignment,True
8005736,,,False
8005739,FAM27L,gene_assignment,True
8005743,FLJ36000,gene_assignment,True
8005747,,,False
8005765,WSB1,gene_assignment,True
8005777,LOC440419,gene_assignment,True
8005785,KSR1,gene_assignment,True
8005809,LGALS9,gene_assignment,True
8005814,NLK,gene_assignment,True
8005829,,,False
8005833,PYY2,gene_assignment,True
8005836,PPY2,gene_assignment,True
8005839,TMEM97,gene_assignment,True
8005847,TNFAIP1,gene_assignment,True
8005857,TMEM199,gene_assignment,True
8005865,SARM1,gene_assignment,True
8005877,RPS7,gene_assignment,True
8005879,SLC13A2,gene_assignment,True
8005894,FOXN1,gene_assignment,True
8005903,SUPT6H,gene_assignment,True
8005943,RPL23A,gene_assignment,True
8005951,SNORD42B,gene_assignment,True
8005953,SNORD4A,gene_assignment,True
8005955,SNORD42A,gene_assignment,True
8005957,SNORD4B,gene_assignment,True
8005959,NEK8,gene_assignment,True
8005978,TRAF4,gene_assignment,True
8005992,,,False
8005994,ERAL1,gene_assignment,True
8006005,PIPOX,gene_assignment,True
8006019,CRYBA1,gene_assignment,True
8006028,,,False
8006030,TAOK1,gene_assignment,True
8006052,TP53I13,gene_assignment,True
8006063,ANKRD13B,gene_assignment,True
8006083,,,False
8006085,EFCAB5,gene_assignment,True
8006112,CCDC55,gene_assignment,True
8006119,MIR423,gene_assignment,True
8006121,,,False
8006123,CPD,gene_assignment,True
8006148,GOSR1,gene_assignment,True
8006161,TBC1D29,gene_assignment,True
8006170,LRRC37BP1,gene_assignment,True
8006181,,,False
8006183,SUZ12P,gene_assignment,True
8006187,ATAD5,gene_assignment,True
8006214,ADAP2,gene_assignment,True
8006227,,,False
8006229,RNF135,gene_assignment,True
8006237,BC062632,gene_assignment,True
8006239,NF1,gene_assignment,True
8006298,RAB11FIP4,gene_assignment,True
8006317,,,False
8006319,,,False
8006321,MIR193A,gene_assignment,True
8006323,,,False
8006325,SUZ12,gene_assignment,True
8006336,LRRC37B,gene_assignment,True
8006345,RHOT1,gene_assignment,True
8006367,RHBDL3,gene_assignment,True
8006377,ZNF207,gene_assignment,True
8006392,PSMD11,gene_assignment,True
8006409,CDK5R1,gene_assignment,True
8006415,TMEM98,gene_assignment,True
8006423,SPACA3,gene_assignment,True
8006433,CCL2,gene_assignment,True
8006440,CCL7,gene_assignment,True
8006445,CCL11,gene_assignment,True
8006453,CCL8,gene_assignment,True
8006459,CCL13,gene_assignment,True
8006466,TMEM132E,gene_assignment,True
8006477,ZNF830,gene_assignment,True
8006479,LIG3,gene_assignment,True
8006504,FNDC8,gene_assignment,True
8006509,UNC45B,gene_assignment,True
8006531,SLFN5,gene_assignment,True
8006540,SNORD7,gene_assignment,True
8006542,AP2B1,gene_assignment,True
8006562,RASL10B,gene_assignment,True
8006569,C17ORF50,gene_assignment,True
8006573,TAF15,gene_assignment,True
8006592,,,False
8006594,CCL18,gene_assignment,True
8006602,CCL4,gene_assignment,True
8006606,,,False
8006608,CCL4L1,gene_assignment,True
8006621,CCL4L1,gene_assignment,True
8006627,ZNHIT3,gene_assignment,True
8006634,PIGW,gene_assignment,True
8006638,GGNBP2,gene_assignment,True
8006655,DHRS11,gene_assignment,True
8006668,MRM1,gene_assignment,True
8006679,,,False
8006681,LHX1,gene_assignment,True
8006690,AATF,gene_assignment,True
8006706,C17ORF78,gene_assignment,True
8006715,TADA2A,gene_assignment,True
8006736,DUSP14,gene_assignment,True
8006744,,,False
8006746,TBC1D3,gene_assignment,True
8006762,MRPL45,gene_assignment,True
8006768,SOCS7,gene_assignment,True
8006779,ARHGAP23,gene_assignment,True
8006786,ARHGAP23,gene_assignment,True
8006788,MLLT6,gene_assignment,True
8006812,PSMB3,gene_assignment,True
8006820,LASP1,gene_assignment,True
8006834,,,False
8006836,FLJ43826,gene_assignment,True
8006845,RPL19,gene_assignment,True
8006850,CDK12,gene_assignment,True
8006865,PPP1R1B,gene_assignment,True
8006877,STARD3,gene_assignment,True
8006896,TCAP,gene_assignment,True
8006900,PNMT,gene_assignment,True
8006906,ERBB2,gene_assignment,True
8006940,GRB7,gene_assignment,True
8006958,ZPBP2,gene_assignment,True
8006968,GSDMA,gene_assignment,True
8006984,PSMD3,gene_assignment,True
8006999,CSF3,gene_assignment,True
8007008,THRA,gene_assignment,True
8007023,MSL1,gene_assignment,True
8007028,CASC3,gene_assignment,True
8007043,RAPGEFL1,gene_assignment,True
8007058,WIPF2,gene_assignment,True
8007069,RNY4P8,gene_assignment,True
8007071,CDC6,gene_assignment,True
8007084,RARA,gene_assignment,True
8007100,IGFBP4,gene_assignment,True
8007108,TMEM99,gene_assignment,True
8007112,KRTAP4-7,gene_assignment,True
8007115,KRTAP4-9,gene_assignment,True
8007118,KRTAP9-1,gene_assignment,True
8007123,KRTAP9-2,gene_assignment,True
8007127,KRTAP9-3,gene_assignment,True
8007130,KRTAP9-8,gene_assignment,True
8007134,KRTAP9-4,gene_assignment,True
8007139,,,False
8007141,EIF1,gene_assignment,True
8007148,GAST,gene_assignment,True
8007152,,,False
8007154,FKBP10,gene_assignment,True
8007169,KLHL10,gene_assignment,True
8007176,TTC25,gene_assignment,True
8007188,CNP,gene_assignment,True
8007197,NKIRAS2,gene_assignment,True
8007208,HSPB9,gene_assignment,True
8007212,STAT5A,gene_assignment,True
8007228,ATP6V0A1,gene_assignment,True
8007250,NAGLU,gene_assignment,True
8007259,,,False
8007263,HSD17B1,gene_assignment,True
8007272,COASY,gene_assignment,True
8007290,MLX,gene_assignment,True
8007302,TUBG1,gene_assignment,True
8007310,LOC100508670,gene_assignment,True
8007312,TUBG2,gene_assignment,True
8007323,CNTNAP1,gene_assignment,True
8007348,RAMP2,gene_assignment,True
8007355,VPS25,gene_assignment,True
8007363,WNK4,gene_assignment,True
8007388,CNTD1,gene_assignment,True
8007397,PSME3,gene_assignment,True
8007414,AOC2,gene_assignment,True
8007420,AOC3,gene_assignment,True
8007427,AOC3,gene_assignment,True
8007429,G6PC,gene_assignment,True
8007435,RUNDC1,gene_assignment,True
8007441,RPL27,gene_assignment,True
8007446,IFI35,gene_assignment,True
8007454,RND2,gene_assignment,True
8007462,NBR2,gene_assignment,True
8007471,NBR1,gene_assignment,True
8007483,TMEM106A,gene_assignment,True
8007493,ARL4D,gene_assignment,True
8007503,,,False
8007505,DHX8,gene_assignment,True
8007530,AK125817,gene_assignment,True
8007537,CD300LG,gene_assignment,True
8007548,C17ORF88,gene_assignment,True
8007550,NAGS,gene_assignment,True
8007561,G6PC3,gene_assignment,True
8007569,C17ORF53,gene_assignment,True
8007584,ASB16,gene_assignment,True
8007594,TMUB2,gene_assignment,True
8007603,,,False
8007607,RUNDC3A,gene_assignment,True
8007620,GRN,gene_assignment,True
8007637,FZD2,gene_assignment,True
8007641,LOC728675,gene_assignment,True
8007643,C17ORF104,gene_assignment,True
8007651,DBF4B,gene_assignment,True
8007673,DBF4B,gene_assignment,True
8007675,ADAM11,gene_assignment,True
8007701,HIGD1B,gene_assignment,True
8007707,CCDC103,gene_assignment,True
8007715,NMT1,gene_assignment,True
8007730,ACBD4,gene_assignment,True
8007745,HEXIM1,gene_assignment,True
8007750,HEXIM2,gene_assignment,True
8007757,FMNL1,gene_assignment,True
8007790,MAP3K14,gene_assignment,True
8007794,ARL17A,gene_assignment,True
8007797,RPS26,gene_assignment,True
8007799,MGC57346,gene_assignment,True
8007803,C17ORF69,gene_assignment,True
8007808,CRHR1,gene_assignment,True
8007826,IMP5,gene_assignment,True
8007828,MAPT,gene_assignment,True
8007846,STH,gene_assignment,True
8007848,MAPK8IP1,gene_assignment,True
8007850,LRRC37A2,gene_assignment,True
8007865,,,False
8007867,LRRC37A2,gene_assignment,True
8007883,,,False
8007885,NSF,gene_assignment,True
8007895,WNT9B,gene_assignment,True
8007902,,,False
8007904,GOSR2,gene_assignment,True
8007917,,,False
8007919,LRRC37A4,gene_assignment,True
8007921,MYL4,gene_assignment,True
8007931,ITGB3,gene_assignment,True
8007949,C17ORF57,gene_assignment,True
8007976,NPEPPS,gene_assignment,True
8007990,,,False
8007992,KPNB1,gene_assignment,True
8008016,TBKBP1,gene_assignment,True
8008029,TBX21,gene_assignment,True
8008040,LRRC46,gene_assignment,True
8008049,,,False
8008052,SP2,gene_assignment,True
8008064,PNPO,gene_assignment,True
8008074,CDK5RAP3,gene_assignment,True
8008087,NFE2L1,gene_assignment,True
8008096,SNX11,gene_assignment,True
8008110,LOC404266,gene_assignment,True
8008113,CALCOCO2,gene_assignment,True
8008130,,,False
8008132,ATP5G1,gene_assignment,True
8008139,UBE2Z,gene_assignment,True
8008151,IGF2BP1,gene_assignment,True
8008172,B4GALNT2,gene_assignment,True
8008185,ABI3,gene_assignment,True
8008195,FLJ40194,gene_assignment,True
8008201,NGFR,gene_assignment,True
8008208,NXPH3,gene_assignment,True
8008213,MYST2,gene_assignment,True
8008228,DLX4,gene_assignment,True
8008237,ITGA3,gene_assignment,True
8008263,PDK2,gene_assignment,True
8008277,SGCA,gene_assignment,True
8008289,TMEM92,gene_assignment,True
8008297,XYLT2,gene_assignment,True
8008310,EME1,gene_assignment,True
8008321,ACSF2,gene_assignment,True
8008339,RSAD1,gene_assignment,True
8008350,MYCBPAP,gene_assignment,True
8008372,EPN3,gene_assignment,True
8008388,SPATA20,gene_assignment,True
8008409,CACNA1G,gene_assignment,True
8008454,ABCC3,gene_assignment,True
8008491,,,False
8008493,LUC7L3,gene_assignment,True
8008511,WFIKKN2,gene_assignment,True
8008517,NME1,gene_assignment,True
8008530,UTP18,gene_assignment,True
8008540,AK124832,gene_assignment,True
8008544,KIF2B,gene_assignment,True
8008547,TOM1L1,gene_assignment,True
8008564,AB065085,gene_assignment,True
8008566,STXBP4,gene_assignment,True
8008588,HLF,gene_assignment,True
8008596,,,False
8008598,PCTP,gene_assignment,True
8008609,ANKFN1,gene_assignment,True
8008627,NOG,gene_assignment,True
8008629,DGKE,gene_assignment,True
8008644,,,False
8008646,SCPEP1,gene_assignment,True
8008662,RNF126P1,gene_assignment,True
8008664,AKAP1,gene_assignment,True
8008682,MSI2,gene_assignment,True
8008700,AK021772,gene_assignment,True
8008702,,,False
8008704,,,False
8008706,DYNLL2,gene_assignment,True
8008711,OR4D1,gene_assignment,True
8008716,MSX2P1,gene_assignment,True
8008718,OR4D2,gene_assignment,True
8008723,EPX,gene_assignment,True
8008736,LPO,gene_assignment,True
8008754,RAD51C,gene_assignment,True
8008768,PPM1E,gene_assignment,True
8008784,PRR11,gene_assignment,True
8008795,C17ORF71,gene_assignment,True
8008802,GDPD1,gene_assignment,True
8008817,,,False
8008819,YPEL2,gene_assignment,True
8008825,DHX40,gene_assignment,True
8008834,CLTC,gene_assignment,True
8008868,,,False
8008870,TMEM49,gene_assignment,True
8008885,MIR21,gene_assignment,True
8008887,RPS6KB1,gene_assignment,True
8008900,CA4,gene_assignment,True
8008912,,,False
8008914,C17ORF64,gene_assignment,True
8008922,PPM1D,gene_assignment,True
8008933,BCAS3,gene_assignment,True
8008963,,,False
8008967,,,False
8008969,TBX2,gene_assignment,True
8008980,ENST00000335108,gene_assignment,True
8008982,TBX4,gene_assignment,True
8008991,,,False
8008995,EFCAB3,gene_assignment,True
8009008,METTL2A,gene_assignment,True
8009014,TLK2,gene_assignment,True
8009040,MRC2,gene_assignment,True
8009073,,,False
8009075,TANC2,gene_assignment,True
8009094,ENST00000416490,gene_assignment,True
8009096,ACE,gene_assignment,True
8009145,KCNH6,gene_assignment,True
8009164,DCAF7,gene_assignment,True
8009176,TACO1,gene_assignment,True
8009183,MAP3K3,gene_assignment,True
8009205,DDX42,gene_assignment,True
8009227,PSMC5,gene_assignment,True
8009241,SNORD104,gene_assignment,True
8009243,C17ORF60,gene_assignment,True
8009253,LOC100510740,gene_assignment,True
8009255,CCDC45,gene_assignment,True
8009277,RGS9,gene_assignment,True
8009301,PRKCA,gene_assignment,True
8009322,,,False
8009326,CACNG5,gene_assignment,True
8009334,CACNG4,gene_assignment,True
8009343,CACNG1,gene_assignment,True
8009349,,,False
8009351,,,False
8009353,PITPNC1,gene_assignment,True
8009366,NOL11,gene_assignment,True
8009380,SNORA38B,gene_assignment,True
8009382,BPTF,gene_assignment,True
8009417,KPNA2,gene_assignment,True
8009430,LOC440461,gene_assignment,True
8009432,AMZ2,gene_assignment,True
8009443,ARSG,gene_assignment,True
8009457,PRKAR1A,gene_assignment,True
8009474,ABCA10,gene_assignment,True
8009476,MAP2K6,gene_assignment,True
8009491,,,False
8009493,KCNJ16,gene_assignment,True
8009502,KCNJ2,gene_assignment,True
8009513,LOC100508018,gene_assignment,True
8009515,,,False
8009517,SOX9,gene_assignment,True
8009526,SSTR2,gene_assignment,True
8009533,COG1,gene_assignment,True
8009552,C17ORF80,gene_assignment,True
8009561,RPL38,gene_assignment,True
8009568,TTYH2,gene_assignment,True
8009585,DNAI2,gene_assignment,True
8009602,KIF19,gene_assignment,True
8009631,GPR142,gene_assignment,True
8009639,GPRC5C,gene_assignment,True
8009653,CD300A,gene_assignment,True
8009662,C17ORF77,gene_assignment,True
8009666,RAB37,gene_assignment,True
8009685,SLC9A3R1,gene_assignment,True
8009693,TMEM104,gene_assignment,True
8009705,OTOP2,gene_assignment,True
8009713,OTOP3,gene_assignment,True
8009721,CDR2L,gene_assignment,True
8009727,ICT1,gene_assignment,True
8009737,KCTD2,gene_assignment,True
8009746,SLC16A5,gene_assignment,True
8009755,ARMC7,gene_assignment,True
8009761,NUP85,gene_assignment,True
8009784,MRPS7,gene_assignment,True
8009792,,,False
8009794,,,False
8009796,KIAA0195,gene_assignment,True
8009832,TSEN54,gene_assignment,True
8009844,LLGL2,gene_assignment,True
8009873,MYO15B,gene_assignment,True
8009875,MYO15B,gene_assignment,True
8009913,MYO15B,gene_assignment,True
8009929,LOC643008,gene_assignment,True
8009932,SAP30BP,gene_assignment,True
8009951,ITGB4,gene_assignment,True
8009995,UNK,gene_assignment,True
8010012,C17ORF106,gene_assignment,True
8010017,C17ORF106,gene_assignment,True
8010021,CDK3,gene_assignment,True
8010030,GALR2,gene_assignment,True
8010036,ZACN,gene_assignment,True
8010050,FAM100B,gene_assignment,True
8010059,,,False
8010061,SPHK1,gene_assignment,True
8010071,AANAT,gene_assignment,True
8010078,SNORD1C,gene_assignment,True
8010080,SNORD1B,gene_assignment,True
8010082,SNORD1A,gene_assignment,True
8010084,,,False
8010086,ENST00000341249,gene_assignment,True
8010092,MFSD11,gene_assignment,True
8010113,MGAT5B,gene_assignment,True
8010137,SCARNA16,gene_assignment,True
8010139,SEC14L1,gene_assignment,True
8010161,SEPT9,gene_assignment,True
8010184,,,False
8010186,,,False
8010188,TNRC6C,gene_assignment,True
8010210,,,False
8010212,TMC8,gene_assignment,True
8010237,C17ORF99,gene_assignment,True
8010243,SYNGR2,gene_assignment,True
8010248,AFMID,gene_assignment,True
8010260,BIRC5,gene_assignment,True
8010271,PGS1,gene_assignment,True
8010285,,,False
8010287,C1QTNF1,gene_assignment,True
8010295,ENGASE,gene_assignment,True
8010313,ENPP7,gene_assignment,True
8010320,CBX2,gene_assignment,True
8010328,CCDC40,gene_assignment,True
8010354,GAA,gene_assignment,True
8010379,CARD14,gene_assignment,True
8010405,SLC26A11,gene_assignment,True
8010426,RNF213,gene_assignment,True
8010454,RNF213,gene_assignment,True
8010499,FLJ35220,gene_assignment,True
8010512,RPTOR,gene_assignment,True
8010550,CHMP6,gene_assignment,True
8010560,AF258550,gene_assignment,True
8010562,BAIAP2,gene_assignment,True
8010583,LOC388428,gene_assignment,True
8010590,BAHCC1,gene_assignment,True
8010614,FSCN2,gene_assignment,True
8010622,,,False
8010624,TSPAN10,gene_assignment,True
8010629,CCDC137,gene_assignment,True
8010638,HGS,gene_assignment,True
8010664,MRPL12,gene_assignment,True
8010673,SLC25A10,gene_assignment,True
8010686,ANAPC11,gene_assignment,True
8010696,NPB,gene_assignment,True
8010702,ASPSCR1,gene_assignment,True
8010719,LRRC45,gene_assignment,True
8010737,RAC3,gene_assignment,True
8010747,GPS1,gene_assignment,True
8010766,,,False
8010770,SLC16A3,gene_assignment,True
8010778,CSNK1D,gene_assignment,True
8010780,TEX19,gene_assignment,True
8010783,UTS2R,gene_assignment,True
8010785,,,False
8010787,HEXDC,gene_assignment,True
8010804,NARF,gene_assignment,True
8010820,FOXK2,gene_assignment,True
8010832,FN3KRP,gene_assignment,True
8010841,FN3K,gene_assignment,True
8010848,TBCD,gene_assignment,True
8010897,METRNL,gene_assignment,True
8010901,DOC2B,gene_assignment,True
8010903,RPH3AL,gene_assignment,True
8010915,FAM101B,gene_assignment,True
8010918,VPS53,gene_assignment,True
8010924,VPS53,gene_assignment,True
8010946,GEMIN4,gene_assignment,True
8010949,GLOD4,gene_assignment,True
8010963,,,False
8010967,NXN,gene_assignment,True
8010978,AK130278,gene_assignment,True
8010983,ABR,gene_assignment,True
8011011,YWHAE,gene_assignment,True
8011018,CRK,gene_assignment,True
8011027,MYO1C,gene_assignment,True
8011062,INPP5K,gene_assignment,True
8011077,PITPNA,gene_assignment,True
8011093,SLC43A2,gene_assignment,True
8011110,,,False
8011112,,,False
8011114,SCARF1,gene_assignment,True
8011131,RILP,gene_assignment,True
8011141,PRPF8,gene_assignment,True
8011188,TLCD2,gene_assignment,True
8011193,C17ORF91,gene_assignment,True
8011200,SMYD4,gene_assignment,True
8011212,SDHC,gene_assignment,True
8011214,RTN4RL1,gene_assignment,True
8011218,MIR132,gene_assignment,True
8011220,MIR212,gene_assignment,True
8011222,SMG6,gene_assignment,True
8011245,TSR1,gene_assignment,True
8011262,MNT,gene_assignment,True
8011270,ENST00000381977,gene_assignment,True
8011275,METT10D,gene_assignment,True
8011291,,,False
8011293,KIAA0664,gene_assignment,True
8011320,OR1D5,gene_assignment,True
8011322,OR1D2,gene_assignment,True
8011324,OR1G1,gene_assignment,True
8011328,,,False
8011331,OR3A2,gene_assignment,True
8011337,OR3A1,gene_assignment,True
8011339,OR1E1,gene_assignment,True
8011341,OR1E2,gene_assignment,True
8011343,SPATA22,gene_assignment,True
8011354,TRPV3,gene_assignment,True
8011375,TRPV1,gene_assignment,True
8011396,SHPK,gene_assignment,True
8011407,TAX1BP3,gene_assignment,True
8011415,P2RX5,gene_assignment,True
8011430,ITGAE,gene_assignment,True
8011462,C17ORF85,gene_assignment,True
8011480,CAMKK1,gene_assignment,True
8011499,P2RX1,gene_assignment,True
8011516,ATP2A3,gene_assignment,True
8011542,ZZEF1,gene_assignment,True
8011599,ANKFY1,gene_assignment,True
8011626,UBE2G1,gene_assignment,True
8011640,MYBBP1A,gene_assignment,True
8011671,GGT6,gene_assignment,True
8011678,,,False
8011680,ALOX15,gene_assignment,True
8011692,PELP1,gene_assignment,True
8011713,CXCL16,gene_assignment,True
8011724,VMO1,gene_assignment,True
8011732,,,False
8011734,CHRNE,gene_assignment,True
8011747,SLC25A11,gene_assignment,True
8011759,PFN1,gene_assignment,True
8011765,SPAG7,gene_assignment,True
8011774,CAMTA2,gene_assignment,True
8011797,INCA1,gene_assignment,True
8011808,GPR172B,gene_assignment,True
8011817,ZNF232,gene_assignment,True
8011823,ZNF594,gene_assignment,True
8011826,C17ORF87,gene_assignment,True
8011832,NUP88,gene_assignment,True
8011850,C1QBP,gene_assignment,True
8011861,DHX33,gene_assignment,True
8011875,DERL2,gene_assignment,True
8011884,NLRP1,gene_assignment,True
8011912,AIPL1,gene_assignment,True
8011924,PITPNM3,gene_assignment,True
8011945,KIAA0753,gene_assignment,True
8011968,MED31,gene_assignment,True
8011975,SLC13A5,gene_assignment,True
8011990,TEKT1,gene_assignment,True
8012000,BC062705,gene_assignment,True
8012004,MIR195,gene_assignment,True
8012006,SLC16A11,gene_assignment,True
8012013,CLEC10A,gene_assignment,True
8012028,ASGR2,gene_assignment,True
8012043,ASGR1,gene_assignment,True
8012054,DLG4,gene_assignment,True
8012079,DVL2,gene_assignment,True
8012099,PHF23,gene_assignment,True
8012110,GABARAP,gene_assignment,True
8012116,CTDNEP1,gene_assignment,True
8012126,CLDN7,gene_assignment,True
8012138,,,False
8012140,YBX2,gene_assignment,True
8012150,GPS2,gene_assignment,True
8012166,NEURL4,gene_assignment,True
8012197,PLSCR3,gene_assignment,True
8012207,BC030270,gene_assignment,True
8012212,ZBTB4,gene_assignment,True
8012218,,,False
8012220,SOX15,gene_assignment,True
8012226,FXR2,gene_assignment,True
8012247,SAT2,gene_assignment,True
8012257,TP53,gene_assignment,True
8012270,,,False
8012274,LSMD1,gene_assignment,True
8012282,LOC284023,gene_assignment,True
8012285,KCNAB3,gene_assignment,True
8012304,TRAPPC1,gene_assignment,True
8012309,ALOX12B,gene_assignment,True
8012326,ALOXE3,gene_assignment,True
8012344,HES7,gene_assignment,True
8012349,PER1,gene_assignment,True
8012376,VAMP2,gene_assignment,True
8012383,TMEM107,gene_assignment,True
8012397,C17ORF59,gene_assignment,True
8012403,AURKB,gene_assignment,True
8012416,C17ORF44,gene_assignment,True
8012423,C17ORF68,gene_assignment,True
8012450,SLC25A35,gene_assignment,True
8012464,LOC100128288,gene_assignment,True
8012466,KRBA2,gene_assignment,True
8012469,RPL26,gene_assignment,True
8012473,RNF222,gene_assignment,True
8012475,MYH10,gene_assignment,True
8012518,,,False
8012520,CCDC42,gene_assignment,True
8012528,SPDYE4,gene_assignment,True
8012535,MFSD6L,gene_assignment,True
8012539,PIK3R6,gene_assignment,True
8012558,PIK3R5,gene_assignment,True
8012581,STX8,gene_assignment,True
8012591,DHRS7C,gene_assignment,True
8012598,RCVRN,gene_assignment,True
8012605,GAS7,gene_assignment,True
8012625,MYH13,gene_assignment,True
8012663,MYH8,gene_assignment,True
8012696,MYH4,gene_assignment,True
8012726,MYH1,gene_assignment,True
8012753,MYH2,gene_assignment,True
8012787,MYH3,gene_assignment,True
8012823,SCO1,gene_assignment,True
8012830,TMEM220,gene_assignment,True
8012837,PIRT,gene_assignment,True
8012839,,,False
8012843,ZNF18,gene_assignment,True
8012854,,,False
8012856,ELAC2,gene_assignment,True
8012883,HS3ST3A1,gene_assignment,True
8012887,CDRT15,gene_assignment,True
8012891,,,False
8012893,AK127731,gene_assignment,True
8012896,PMP22,gene_assignment,True
8012906,,,False
8012908,TEKT3,gene_assignment,True
8012918,CDRT4,gene_assignment,True
8012924,FAM18B2,gene_assignment,True
8012928,AF337810,gene_assignment,True
8012931,CDRT1,gene_assignment,True
8012949,CDRT1,gene_assignment,True
8012951,CDRT1,gene_assignment,True
8012953,TRIM16,gene_assignment,True
8012958,UBE2S,gene_assignment,True
8012961,NCOR1,gene_assignment,True
8013013,,,False
8013015,CENPV,gene_assignment,True
8013022,C17ORF76,gene_assignment,True
8013026,ZNF287,gene_assignment,True
8013035,ZNF624,gene_assignment,True
8013042,KRT17,gene_assignment,True
8013049,AK024458,gene_assignment,True
8013061,TNFRSF13B,gene_assignment,True
8013068,PLD6,gene_assignment,True
8013071,FLCN,gene_assignment,True
8013089,,,False
8013094,COPS3,gene_assignment,True
8013109,,,False
8013112,RASD1,gene_assignment,True
8013120,PEMT,gene_assignment,True
8013131,SMCR5,gene_assignment,True
8013135,SREBF1,gene_assignment,True
8013157,TOM1L2,gene_assignment,True
8013159,TOM1L2,gene_assignment,True
8013177,,,False
8013179,ATPAF2,gene_assignment,True
8013191,FLII,gene_assignment,True
8013222,TOP3A,gene_assignment,True
8013243,SHMT1,gene_assignment,True
8013259,,,False
8013262,LOC220594,gene_assignment,True
8013268,FAM106A,gene_assignment,True
8013272,CCDC144B,gene_assignment,True
8013292,,,False
8013294,TBC1D28,gene_assignment,True
8013305,ZNF286B,gene_assignment,True
8013307,FOXO3B,gene_assignment,True
8013309,SLC5A10,gene_assignment,True
8013312,FAM83G,gene_assignment,True
8013319,GRAP,gene_assignment,True
8013323,SNORD3A,gene_assignment,True
8013325,SNORD3A,gene_assignment,True
8013327,BC026233,gene_assignment,True
8013329,SNORD3A,gene_assignment,True
8013331,B9D1,gene_assignment,True
8013341,MFAP4,gene_assignment,True
8013348,RPS2,gene_assignment,True
8013364,SLC47A2,gene_assignment,True
8013384,ALDH3A1,gene_assignment,True
8013399,ULK2,gene_assignment,True
8013431,AKAP10,gene_assignment,True
8013448,,,False
8013450,LGALS9B,gene_assignment,True
8013465,KRT16P3,gene_assignment,True
8013473,BC039169,gene_assignment,True
8013479,CCDC144NL,gene_assignment,True
8013486,USP22,gene_assignment,True
8013500,TMEM11,gene_assignment,True
8013507,,,False
8013509,C17ORF103,gene_assignment,True
8013515,C17ORF51,gene_assignment,True
8013533,,,False
8013536,NOS2,gene_assignment,True
8013567,C17ORF108,gene_assignment,True
8013570,,,False
8013574,FLJ40504,gene_assignment,True
8013581,IFT20,gene_assignment,True
8013588,POLDIP2,gene_assignment,True
8013602,SEBOX,gene_assignment,True
8013606,VTN,gene_assignment,True
8013616,SLC46A1,gene_assignment,True
8013622,SGK494,gene_assignment,True
8013633,UNC119,gene_assignment,True
8013641,PIGS,gene_assignment,True
8013660,ALDOC,gene_assignment,True
8013671,SPAG5,gene_assignment,True
8013696,KIAA0100,gene_assignment,True
8013741,SDF2,gene_assignment,True
8013747,PROCA1,gene_assignment,True
8013753,RAB34,gene_assignment,True
8013771,TLCD1,gene_assignment,True
8013776,C17ORF63,gene_assignment,True
8013784,MIR451,gene_assignment,True
8013786,MIR144,gene_assignment,True
8013788,FLOT2,gene_assignment,True
8013804,DHRS13,gene_assignment,True
8013812,PHF12,gene_assignment,True
8013833,SEZ6,gene_assignment,True
8013858,,,False
8013860,MYO18A,gene_assignment,True
8013906,TWF1,gene_assignment,True
8013908,NUFIP2,gene_assignment,True
8013917,,,False
8013919,ABHD15,gene_assignment,True
8013923,GIT1,gene_assignment,True
8013947,CORO6,gene_assignment,True
8013965,SSH2,gene_assignment,True
8013985,,,False
8013987,,,False
8013989,SLC6A4,gene_assignment,True
8014008,BLMH,gene_assignment,True
8014023,,,False
8014025,TMIGD1,gene_assignment,True
8014033,,,False
8014035,,,False
8014037,CRLF3,gene_assignment,True
8014047,C17ORF42,gene_assignment,True
8014057,OMG,gene_assignment,True
8014063,EVI2B,gene_assignment,True
8014066,EVI2A,gene_assignment,True
8014071,,,False
8014073,C17ORF79,gene_assignment,True
8014081,UTP6,gene_assignment,True
8014100,C17ORF75,gene_assignment,True
8014113,,,False
8014115,MYO1D,gene_assignment,True
8014142,,,False
8014144,ACCN1,gene_assignment,True
8014160,CCL1,gene_assignment,True
8014169,C17ORF102,gene_assignment,True
8014172,CCT6B,gene_assignment,True
8014189,RFFL,gene_assignment,True
8014197,,,False
8014199,RAD51L3,gene_assignment,True
8014214,NLE1,gene_assignment,True
8014230,AMAC1,gene_assignment,True
8014233,SLFN11,gene_assignment,True
8014241,SLFN12,gene_assignment,True
8014248,SLFN13,gene_assignment,True
8014257,ENST00000361112,gene_assignment,True
8014259,SLFN14,gene_assignment,True
8014264,PEX12,gene_assignment,True
8014269,GAS2L2,gene_assignment,True
8014282,MMP28,gene_assignment,True
8014298,C17ORF66,gene_assignment,True
8014316,CCL5,gene_assignment,True
8014326,RDM1,gene_assignment,True
8014334,LYZL6,gene_assignment,True
8014342,CCL16,gene_assignment,True
8014349,CCL14-CCL15,gene_assignment,True
8014361,CCL23,gene_assignment,True
8014369,CCL3,gene_assignment,True
8014376,TBC1D3B,gene_assignment,True
8014391,CCL3L1,gene_assignment,True
8014397,TBC1D3C,gene_assignment,True
8014414,CCL3L1,gene_assignment,True
8014420,TBC1D3H,gene_assignment,True
8014435,,,False
8014437,TBC1D3G,gene_assignment,True
8014454,MYO19,gene_assignment,True
8014485,,,False
8014487,ACACA,gene_assignment,True
8014551,SYNRG,gene_assignment,True
8014574,DDX52,gene_assignment,True
8014591,HNF1B,gene_assignment,True
8014603,TBC1D3F,gene_assignment,True
8014633,TBC1D3,gene_assignment,True
8014648,,,False
8014650,NPEPPS,gene_assignment,True
8014664,,,False
8014666,GPR179,gene_assignment,True
8014679,SRCIN1,gene_assignment,True
8014700,C17ORF96,gene_assignment,True
8014702,MLLT6,gene_assignment,True
8014704,,,False
8014706,PCGF2,gene_assignment,True
8014723,PIP4K2B,gene_assignment,True
8014738,CWC25,gene_assignment,True
8014749,RPL23,gene_assignment,True
8014755,SNORA21,gene_assignment,True
8014757,FBXO47,gene_assignment,True
8014768,PLXDC1,gene_assignment,True
8014787,ARL5C,gene_assignment,True
8014794,CACNB1,gene_assignment,True
8014812,STAC2,gene_assignment,True
8014825,FBXL20,gene_assignment,True
8014841,MED1,gene_assignment,True
8014861,,,False
8014863,,,False
8014865,NEUROD2,gene_assignment,True
8014871,PGAP3,gene_assignment,True
8014882,C17ORF37,gene_assignment,True
8014891,IKZF3,gene_assignment,True
8014903,GSDMB,gene_assignment,True
8014916,ORMDL3,gene_assignment,True
8014925,MED24,gene_assignment,True
8014956,NR1D1,gene_assignment,True
8014969,GJD3,gene_assignment,True
8014974,TOP2A,gene_assignment,True
8015014,,,False
8015016,TNS4,gene_assignment,True
8015031,CCR7,gene_assignment,True
8015037,ENST00000348513,gene_assignment,True
8015039,SMARCE1,gene_assignment,True
8015049,KRT222,gene_assignment,True
8015060,KRT24,gene_assignment,True
8015070,KRT25,gene_assignment,True
8015078,KRT26,gene_assignment,True
8015087,KRT27,gene_assignment,True
8015095,KRT28,gene_assignment,True
8015104,KRT10,gene_assignment,True
8015115,KRT12,gene_assignment,True
8015124,KRT20,gene_assignment,True
8015133,KRT23,gene_assignment,True
8015144,KRT39,gene_assignment,True
8015152,KRT40,gene_assignment,True
8015163,KRTAP3-3,gene_assignment,True
8015169,KRTAP3-2,gene_assignment,True
8015173,KRTAP3-1,gene_assignment,True
8015179,KRTAP1-5,gene_assignment,True
8015187,KRTAP1-1,gene_assignment,True
8015189,KRTAP1-3,gene_assignment,True
8015196,KRTAP1-1,gene_assignment,True
8015206,KRTAP2-1,gene_assignment,True
8015208,KRTAP2-1,gene_assignment,True
8015210,KRTAP2-4,gene_assignment,True
8015214,KRTAP2-4,gene_assignment,True
8015218,KRTAP4-7,gene_assignment,True
8015221,KRTAP4-11,gene_assignment,True
8015223,KRTAP4-12,gene_assignment,True
8015230,KRTAP4-12,gene_assignment,True
8015232,KRTAP4-5,gene_assignment,True
8015236,KRTAP4-4,gene_assignment,True
8015240,KRTAP4-3,gene_assignment,True
8015242,KRTAP4-2,gene_assignment,True
8015247,KRTAP4-1,gene_assignment,True
8015252,KRTAP17-1,gene_assignment,True
8015257,KRT33A,gene_assignment,True
8015262,KRT33B,gene_assignment,True
8015268,KRT34,gene_assignment,True
8015273,KRT31,gene_assignment,True
8015280,KRT37,gene_assignment,True
8015287,KRT38,gene_assignment,True
8015293,KRT32,gene_assignment,True
8015301,KRT35,gene_assignment,True
8015312,KRT36,gene_assignment,True
8015323,KRT13,gene_assignment,True
8015337,KRT15,gene_assignment,True
8015349,KRT19,gene_assignment,True
8015357,KRT9,gene_assignment,True
8015366,KRT14,gene_assignment,True
8015376,KRT16,gene_assignment,True
8015387,KRT17,gene_assignment,True
8015396,HAP1,gene_assignment,True
8015412,JUP,gene_assignment,True
8015432,LEPREL4,gene_assignment,True
8015445,NT5C3L,gene_assignment,True
8015456,KLHL11,gene_assignment,True
8015460,ACLY,gene_assignment,True
8015490,DNAJC7,gene_assignment,True
8015503,BC080613,gene_assignment,True
8015511,DHX58,gene_assignment,True
8015526,KAT2A,gene_assignment,True
8015545,RAB5C,gene_assignment,True
8015554,KCNH4,gene_assignment,True
8015572,HCRT,gene_assignment,True
8015575,GHDC,gene_assignment,True
8015590,STAT5B,gene_assignment,True
8015607,STAT3,gene_assignment,True
8015635,PTRF,gene_assignment,True
8015642,PSMC3IP,gene_assignment,True
8015655,FAM134C,gene_assignment,True
8015665,PLEKHH3,gene_assignment,True
8015681,CCR10,gene_assignment,True
8015685,EZH1,gene_assignment,True
8015706,LOC100190938,gene_assignment,True
8015712,CCDC56,gene_assignment,True
8015715,BECN1,gene_assignment,True
8015730,LOC388387,gene_assignment,True
8015737,,,False
8015739,,,False
8015741,AARSD1,gene_assignment,True
8015757,,,False
8015759,VAT1,gene_assignment,True
8015769,BRCA1,gene_assignment,True
8015798,LOC100130581,gene_assignment,True
8015802,AK127427,gene_assignment,True
8015806,ETV4,gene_assignment,True
8015821,MEOX1,gene_assignment,True
8015827,SOST,gene_assignment,True
8015835,DUSP3,gene_assignment,True
8015846,MPP3,gene_assignment,True
8015868,MPP2,gene_assignment,True
8015884,PPY,gene_assignment,True
8015890,PYY,gene_assignment,True
8015900,TMEM101,gene_assignment,True
8015906,,,False
8015908,LSM12,gene_assignment,True
8015914,HDAC5,gene_assignment,True
8015944,,,False
8015946,C17ORF65,gene_assignment,True
8015955,ATXN7L3,gene_assignment,True
8015969,UBTF,gene_assignment,True
8015991,SLC4A1,gene_assignment,True
8016016,,,False
8016018,SLC25A39,gene_assignment,True
8016033,FAM171A2,gene_assignment,True
8016042,,,False
8016044,ITGA2B,gene_assignment,True
8016077,GPATCH8,gene_assignment,True
8016086,,,False
8016088,CCDC43,gene_assignment,True
8016094,GJC1,gene_assignment,True
8016099,EFTUD2,gene_assignment,True
8016128,GFAP,gene_assignment,True
8016139,KIF18B,gene_assignment,True
8016147,KIF18B,gene_assignment,True
8016155,C1QL1,gene_assignment,True
8016159,DCAKD,gene_assignment,True
8016168,PLCD3,gene_assignment,True
8016187,C17ORF46,gene_assignment,True
8016194,MAP3K14,gene_assignment,True
8016213,,,False
8016215,ARHGAP27,gene_assignment,True
8016232,SH3D20,gene_assignment,True
8016239,PLEKHM1,gene_assignment,True
8016245,LRRC37A4,gene_assignment,True
8016257,,,False
8016259,LRRC37A2,gene_assignment,True
8016261,MAPK8IP1,gene_assignment,True
8016263,MAPT,gene_assignment,True
8016266,KIAA1267,gene_assignment,True
8016283,,,False
8016285,ARL17A,gene_assignment,True
8016300,ARL17A,gene_assignment,True
8016311,WNT3,gene_assignment,True
8016320,RPRML,gene_assignment,True
8016324,CDC27,gene_assignment,True
8016336,OSBPL7,gene_assignment,True
8016366,MRPL10,gene_assignment,True
8016371,SCRN2,gene_assignment,True
8016382,SP6,gene_assignment,True
8016387,PRR15L,gene_assignment,True
8016390,COPZ2,gene_assignment,True
8016400,MIR152,gene_assignment,True
8016402,CBX1,gene_assignment,True
8016412,,,False
8016414,SKAP1,gene_assignment,True
8016429,,,False
8016431,,,False
8016433,HOXB1,gene_assignment,True
8016438,HOXB2,gene_assignment,True
8016444,HOXB3,gene_assignment,True
8016452,HOXB4,gene_assignment,True
8016455,MIR10A,gene_assignment,True
8016457,HOXB5,gene_assignment,True
8016463,HOXB6,gene_assignment,True
8016468,HOXB7,gene_assignment,True
8016473,HOXB8,gene_assignment,True
8016476,HOXB9,gene_assignment,True
8016482,MIR196A1,gene_assignment,True
8016484,PRAC,gene_assignment,True
8016487,HOXB13,gene_assignment,True
8016494,TTLL6,gene_assignment,True
8016504,,,False
8016508,SNF8,gene_assignment,True
8016519,,,False
8016521,,,False
8016523,GIP,gene_assignment,True
8016532,GNGT2,gene_assignment,True
8016540,PHOSPHO1,gene_assignment,True
8016546,ZNF652,gene_assignment,True
8016552,PHB,gene_assignment,True
8016562,SPOP,gene_assignment,True
8016578,SLC35B1,gene_assignment,True
8016590,FAM117A,gene_assignment,True
8016600,TAC4,gene_assignment,True
8016607,,,False
8016609,DLX3,gene_assignment,True
8016615,SAMD14,gene_assignment,True
8016628,PPP1R9B,gene_assignment,True
8016640,HILS1,gene_assignment,True
8016646,COL1A1,gene_assignment,True
8016699,MRPL27,gene_assignment,True
8016708,LRRC59,gene_assignment,True
8016718,CHAD,gene_assignment,True
8016725,ANKRD40,gene_assignment,True
8016733,,,False
8016735,C17ORF73,gene_assignment,True
8016739,TOB1,gene_assignment,True
8016745,SPAG9,gene_assignment,True
8016787,,,False
8016789,MBTD1,gene_assignment,True
8016806,,,False
8016808,CA10,gene_assignment,True
8016825,COX11,gene_assignment,True
8016832,MMD,gene_assignment,True
8016841,TMEM100,gene_assignment,True
8016847,TRIM25,gene_assignment,True
8016858,COIL,gene_assignment,True
8016866,,,False
8016870,MRPS23,gene_assignment,True
8016878,CUEDC1,gene_assignment,True
8016891,VEZF1,gene_assignment,True
8016898,SRSF1,gene_assignment,True
8016909,MKS1,gene_assignment,True
8016932,MPO,gene_assignment,True
8016947,BZRAP1,gene_assignment,True
8016980,MIR142,gene_assignment,True
8016982,SUPT4H1,gene_assignment,True
8016994,RNF43,gene_assignment,True
8017010,HSF5,gene_assignment,True
8017019,MTMR4,gene_assignment,True
8017039,SEPT4,gene_assignment,True
8017057,BC022189,gene_assignment,True
8017061,TEX14,gene_assignment,True
8017096,,,False
8017098,,,False
8017100,,,False
8017102,,,False
8017104,,,False
8017106,TRIM37,gene_assignment,True
8017133,SKA2,gene_assignment,True
8017139,MIR301A,gene_assignment,True
8017141,,,False
8017143,PTRH2,gene_assignment,True
8017148,,,False
8017150,TUBD1,gene_assignment,True
8017162,RNFT1,gene_assignment,True
8017173,TBC1D3P2,gene_assignment,True
8017186,HEATR6,gene_assignment,True
8017210,AP1S2,gene_assignment,True
8017212,USP32,gene_assignment,True
8017235,APPBP2,gene_assignment,True
8017251,,,False
8017253,,,False
8017257,,,False
8017259,NACA2,gene_assignment,True
8017262,BRIP1,gene_assignment,True
8017283,INTS2,gene_assignment,True
8017310,,,False
8017312,MED13,gene_assignment,True
8017344,AK123839,gene_assignment,True
8017346,TBC1D3P2,gene_assignment,True
8017361,,,False
8017363,,,False
8017365,MARCH10,gene_assignment,True
8017378,CYB561,gene_assignment,True
8017391,,,False
8017393,LIMD2,gene_assignment,True
8017402,STRADA,gene_assignment,True
8017421,CCDC47,gene_assignment,True
8017437,FTSJ3,gene_assignment,True
8017460,SMARCD2,gene_assignment,True
8017476,CSH2,gene_assignment,True
8017480,GH2,gene_assignment,True
8017488,CSH1,gene_assignment,True
8017499,CSHL1,gene_assignment,True
8017505,GH1,gene_assignment,True
8017511,CD79B,gene_assignment,True
8017521,SCN4A,gene_assignment,True
8017547,ICAM2,gene_assignment,True
8017555,ERN1,gene_assignment,True
8017582,TEX2,gene_assignment,True
8017597,,,False
8017599,PECAM1,gene_assignment,True
8017619,,,False
8017621,POLG2,gene_assignment,True
8017634,DDX5,gene_assignment,True
8017651,SMURF2,gene_assignment,True
8017671,LOC146880,gene_assignment,True
8017675,PLEKHM1P,gene_assignment,True
8017688,LRRC37A3,gene_assignment,True
8017702,,,False
8017704,AMZ2P1,gene_assignment,True
8017711,GNA13,gene_assignment,True
8017718,AXIN2,gene_assignment,True
8017736,CCDC46,gene_assignment,True
8017766,APOH,gene_assignment,True
8017776,HELZ,gene_assignment,True
8017810,PSMD12,gene_assignment,True
8017825,,,False
8017827,,,False
8017831,C17ORF58,gene_assignment,True
8017840,BC036760,gene_assignment,True
8017843,SLC16A6,gene_assignment,True
8017850,WIPI1,gene_assignment,True
8017867,FAM20A,gene_assignment,True
8017885,ABCA8,gene_assignment,True
8017927,ABCA9,gene_assignment,True
8017964,ABCA6,gene_assignment,True
8018006,ABCA10,gene_assignment,True
8018038,ABCA5,gene_assignment,True
8018082,SLC39A11,gene_assignment,True
8018093,,,False
8018095,,,False
8018097,FAM104A,gene_assignment,True
8018102,CPSF4L,gene_assignment,True
8018107,CDC42EP4,gene_assignment,True
8018114,SDK2,gene_assignment,True
8018156,AK097638,gene_assignment,True
8018164,BC093631,gene_assignment,True
8018169,CD300LB,gene_assignment,True
8018177,CD300C,gene_assignment,True
8018184,CD300LD,gene_assignment,True
8018189,CD300E,gene_assignment,True
8018196,CD300LF,gene_assignment,True
8018209,NAT9,gene_assignment,True
8018220,GRIN2C,gene_assignment,True
8018236,FDXR,gene_assignment,True
8018251,FADS6,gene_assignment,True
8018258,USH1G,gene_assignment,True
8018264,C17ORF28,gene_assignment,True
8018288,ATP5H,gene_assignment,True
8018295,,,False
8018297,NT5C,gene_assignment,True
8018305,HN1,gene_assignment,True
8018315,SUMO2,gene_assignment,True
8018324,GGA3,gene_assignment,True
8018343,MIF4GD,gene_assignment,True
8018352,SLC25A19,gene_assignment,True
8018364,GRB2,gene_assignment,True
8018377,,,False
8018379,CASKIN2,gene_assignment,True
8018400,RECQL5,gene_assignment,True
8018428,GALK1,gene_assignment,True
8018439,H3F3B,gene_assignment,True
8018445,UNK,gene_assignment,True
8018449,UNC13D,gene_assignment,True
8018482,WBP2,gene_assignment,True
8018494,TRIM47,gene_assignment,True
8018502,TRIM65,gene_assignment,True
8018511,MRPL38,gene_assignment,True
8018522,FBF1,gene_assignment,True
8018558,ACOX1,gene_assignment,True
8018579,EVPL,gene_assignment,True
8018600,SRP68,gene_assignment,True
8018620,EXOC7,gene_assignment,True
8018646,FOXJ1,gene_assignment,True
8018652,RNF157,gene_assignment,True
8018673,QRICH2,gene_assignment,True
8018694,PRPSAP1,gene_assignment,True
8018708,UBE2O,gene_assignment,True
8018731,RHBDF2,gene_assignment,True
8018754,CYGB,gene_assignment,True
8018761,ST6GALNAC2,gene_assignment,True
8018774,ST6GALNAC1,gene_assignment,True
8018786,MXRA7,gene_assignment,True
8018791,,,False
8018793,JMJD6,gene_assignment,True
8018803,SRSF2,gene_assignment,True
8018814,,,False
8018818,FLJ45079,gene_assignment,True
8018823,TMC6,gene_assignment,True
8018849,TK1,gene_assignment,True
8018860,BIRC5,gene_assignment,True
8018864,SOCS3,gene_assignment,True
8018872,DNAH17,gene_assignment,True
8018902,DNAH17,gene_assignment,True
8018906,,,False
8018908,DNAH17,gene_assignment,True
8018922,CYTH1,gene_assignment,True
8018937,USP36,gene_assignment,True
8018966,TIMP2,gene_assignment,True
8018972,AK057217,gene_assignment,True
8018975,LGALS3BP,gene_assignment,True
8018982,CANT1,gene_assignment,True
8018993,RBFOX3,gene_assignment,True
8019005,RBFOX3,gene_assignment,True
8019010,CBX8,gene_assignment,True
8019018,CBX4,gene_assignment,True
8019031,TBC1D16,gene_assignment,True
8019046,EIF4A3,gene_assignment,True
8019061,SGSH,gene_assignment,True
8019071,RNF213,gene_assignment,True
8019074,NPTX1,gene_assignment,True
8019081,,,False
8019083,FLJ90757,gene_assignment,True
8019088,AK096606,gene_assignment,True
8019090,AATK,gene_assignment,True
8019108,AZI1,gene_assignment,True
8019136,C17ORF56,gene_assignment,True
8019149,SLC38A10,gene_assignment,True
8019170,BC108932,gene_assignment,True
8019177,TMEM105,gene_assignment,True
8019181,AL162045,gene_assignment,True
8019183,ACTG1,gene_assignment,True
8019194,C17ORF70,gene_assignment,True
8019211,NPLOC4,gene_assignment,True
8019231,PDE6G,gene_assignment,True
8019238,BC090923,gene_assignment,True
8019243,DYSFIP1,gene_assignment,True
8019250,P4HB,gene_assignment,True
8019263,ARHGDIA,gene_assignment,True
8019273,THOC4,gene_assignment,True
8019280,PCYT2,gene_assignment,True
8019296,SIRT7,gene_assignment,True
8019308,MAFG,gene_assignment,True
8019316,PYCR1,gene_assignment,True
8019331,MYADML2,gene_assignment,True
8019334,NOTUM,gene_assignment,True
8019347,,,False
8019350,STRA13,gene_assignment,True
8019357,DCXR,gene_assignment,True
8019367,RFNG,gene_assignment,True
8019376,DUS1L,gene_assignment,True
8019392,FASN,gene_assignment,True
8019437,CCDC57,gene_assignment,True
8019463,CSNK1D,gene_assignment,True
8019478,CD7,gene_assignment,True
8019486,SECTM1,gene_assignment,True
8019494,C17ORF101,gene_assignment,True
8019507,C17ORF62,gene_assignment,True
8019517,,,False
8019521,FOXK2,gene_assignment,True
8019523,WDR45L,gene_assignment,True
8019532,RAB40B,gene_assignment,True
8019541,ZNF750,gene_assignment,True
8019545,B3GNTL1,gene_assignment,True
8019559,AK126018,gene_assignment,True
8019561,,,False
8019563,MGC70870,gene_assignment,True
8019565,KRTAP4-12,gene_assignment,True
8019570,KRTAP4-11,gene_assignment,True
8019574,KRTAP2-4,gene_assignment,True
8019576,KRTAP2-4,gene_assignment,True
8019578,KRTAP1-1,gene_assignment,True
8019585,KRTAP1-3,gene_assignment,True
8019588,KRTAP1-5,gene_assignment,True
8019593,KRTAP3-1,gene_assignment,True
8019597,KRTAP3-2,gene_assignment,True
8019599,KRTAP3-3,gene_assignment,True
8019604,KRT40,gene_assignment,True
8019614,KRT39,gene_assignment,True
8019622,TMEM106A,gene_assignment,True
8019631,RNU2-1,gene_assignment,True
8019633,RNU2-1,gene_assignment,True
8019635,RNU2-1,gene_assignment,True
8019637,RNU2-1,gene_assignment,True
8019639,RNU2-1,gene_assignment,True
8019641,RNU2-1,gene_assignment,True
8019647,,,False
8019649,,,False
8019651,CCL4L1,gene_assignment,True
8019655,TBC1D3B,gene_assignment,True
8019669,GCGR,gene_assignment,True
8019687,ANAPC11,gene_assignment,True
8019693,NPB,gene_assignment,True
8019699,KRTAP4-11,gene_assignment,True
8019703,RNU2-1,gene_assignment,True
8019705,RNU2-1,gene_assignment,True
8019707,RNU2-1,gene_assignment,True
8019709,RNU2-1,gene_assignment,True
8019711,SCGB1C1,gene_assignment,True
8019716,TBC1D3G,gene_assignment,True
8019731,CCL3L1,gene_assignment,True
8019737,KPNA2,gene_assignment,True
8019751,AK126788,gene_assignment,True
8019754,FAM195B,gene_assignment,True
8019762,P4HB,gene_assignment,True
8019765,ARHGDIA,gene_assignment,True
8019772,THOC4,gene_assignment,True
8019778,PCYT2,gene_assignment,True
8019796,MAFG,gene_assignment,True
8019798,MAFG,gene_assignment,True
8019802,RNU2-1,gene_assignment,True
8019804,ROCK1P1,gene_assignment,True
8019807,USP14,gene_assignment,True
8019828,CETN1,gene_assignment,True
8019831,CLUL1,gene_assignment,True
8019842,TYMS,gene_assignment,True
8019851,ADCYAP1,gene_assignment,True
8019857,NDC80,gene_assignment,True
8019875,,,False
8019877,SMCHD1,gene_assignment,True
8019885,SMCHD1,gene_assignment,True
8019908,,,False
8019910,,,False
8019912,EMILIN2,gene_assignment,True
8019924,MYL12A,gene_assignment,True
8019930,MYL12B,gene_assignment,True
8019937,,,False
8019939,TGIF1,gene_assignment,True
8019954,FLJ35776,gene_assignment,True
8019958,,,False
8019960,,,False
8019962,,,False
8019964,ARHGAP28,gene_assignment,True
8019988,PTPRM,gene_assignment,True
8020025,,,False
8020027,,,False
8020029,RAB12,gene_assignment,True
8020037,BC040542,gene_assignment,True
8020058,NDUFV2,gene_assignment,True
8020068,ANKRD12,gene_assignment,True
8020086,,,False
8020088,,,False
8020090,TWSG1,gene_assignment,True
8020100,RALBP1,gene_assignment,True
8020110,RAB31,gene_assignment,True
8020123,TXNDC2,gene_assignment,True
8020129,VAPA,gene_assignment,True
8020139,,,False
8020141,APCDD1,gene_assignment,True
8020149,NAPG,gene_assignment,True
8020162,AMAC1L2,gene_assignment,True
8020164,GNAL,gene_assignment,True
8020179,CHMP1B,gene_assignment,True
8020183,IMPA2,gene_assignment,True
8020197,ENST00000314074,gene_assignment,True
8020209,,,False
8020211,CIDEA,gene_assignment,True
8020220,TUBB6,gene_assignment,True
8020226,SLMO1,gene_assignment,True
8020241,PSMG2,gene_assignment,True
8020252,,,False
8020254,SEH1L,gene_assignment,True
8020267,CEP192,gene_assignment,True
8020308,C18ORF1,gene_assignment,True
8020321,,,False
8020323,RNMT,gene_assignment,True
8020339,MC5R,gene_assignment,True
8020343,BC127726,gene_assignment,True
8020347,,,False
8020349,,,False
8020354,OR4K15,gene_assignment,True
8020357,ANKRD30B,gene_assignment,True
8020375,,,False
8020377,LOC729863,gene_assignment,True
8020382,,,False
8020384,GREB1L,gene_assignment,True
8020411,SNRPD1,gene_assignment,True
8020419,MIR320C1,gene_assignment,True
8020421,,,False
8020423,MIB1,gene_assignment,True
8020451,,,False
8020455,GATA6,gene_assignment,True
8020464,,,False
8020466,,,False
8020468,RBBP8,gene_assignment,True
8020493,,,False
8020495,CABLES1,gene_assignment,True
8020508,RIOK3,gene_assignment,True
8020527,C18ORF8,gene_assignment,True
8020551,LAMA3,gene_assignment,True
8020630,TTC39C,gene_assignment,True
8020647,TTC39C,gene_assignment,True
8020650,,,False
8020653,CABYR,gene_assignment,True
8020664,,,False
8020668,IMPACT,gene_assignment,True
8020682,,,False
8020684,HRH4,gene_assignment,True
8020691,PSMA8,gene_assignment,True
8020702,TAF4B,gene_assignment,True
8020717,AK055069,gene_assignment,True
8020724,DSG1,gene_assignment,True
8020740,DSG4,gene_assignment,True
8020760,,,False
8020762,DSG3,gene_assignment,True
8020779,DSG2,gene_assignment,True
8020795,TTR,gene_assignment,True
8020802,,,False
8020804,,,False
8020806,RNF125,gene_assignment,True
8020814,RNF138,gene_assignment,True
8020825,,,False
8020827,MEP1B,gene_assignment,True
8020842,WBP11P1,gene_assignment,True
8020844,ASXL3,gene_assignment,True
8020847,DTNA,gene_assignment,True
8020878,MAPRE2,gene_assignment,True
8020889,ZNF397,gene_assignment,True
8020898,ZNF271,gene_assignment,True
8020903,GALNT1,gene_assignment,True
8020919,C18ORF21,gene_assignment,True
8020930,ELP2,gene_assignment,True
8020955,MOCOS,gene_assignment,True
8020971,,,False
8020973,FHOD3,gene_assignment,True
8021001,KIAA1328,gene_assignment,True
8021015,PIK3C3,gene_assignment,True
8021045,,,False
8021047,SETBP1,gene_assignment,True
8021058,SLC14A2,gene_assignment,True
8021081,SLC14A1,gene_assignment,True
8021091,SIGLEC15,gene_assignment,True
8021101,HAUS1,gene_assignment,True
8021113,C18ORF25,gene_assignment,True
8021120,RNF165,gene_assignment,True
8021129,BC093850,gene_assignment,True
8021131,KATNAL2,gene_assignment,True
8021147,IER3IP1,gene_assignment,True
8021150,BC010888,gene_assignment,True
8021152,AB027121,gene_assignment,True
8021154,KIAA0427,gene_assignment,True
8021169,LIPG,gene_assignment,True
8021181,SCARNA17,gene_assignment,True
8021183,SCARNA17,gene_assignment,True
8021187,SKA1,gene_assignment,True
8021199,MAPK4,gene_assignment,True
8021208,ME2,gene_assignment,True
8021222,ELAC1,gene_assignment,True
8021228,SMAD4,gene_assignment,True
8021243,,,False
8021245,DCC,gene_assignment,True
8021275,POLI,gene_assignment,True
8021286,C18ORF54,gene_assignment,True
8021297,C18ORF26,gene_assignment,True
8021301,RAB27B,gene_assignment,True
8021312,WDR7,gene_assignment,True
8021342,,,False
8021344,BOD1P,gene_assignment,True
8021349,ST8SIA3,gene_assignment,True
8021357,ONECUT2,gene_assignment,True
8021365,ATP8B1,gene_assignment,True
8021372,,,False
8021374,,,False
8021376,NEDD4L,gene_assignment,True
8021416,MIR122,gene_assignment,True
8021418,MALT1,gene_assignment,True
8021438,,,False
8021440,,,False
8021442,ZNF532,gene_assignment,True
8021453,SEC11C,gene_assignment,True
8021461,GRP,gene_assignment,True
8021468,,,False
8021470,PMAIP1,gene_assignment,True
8021478,,,False
8021482,,,False
8021484,CDH20,gene_assignment,True
8021496,KIAA1468,gene_assignment,True
8021528,TNFRSF11A,gene_assignment,True
8021540,,,False
8021542,ZCCHC2,gene_assignment,True
8021546,ZCCHC2,gene_assignment,True
8021563,,,False
8021565,PHLPP1,gene_assignment,True
8021584,SERPINB5,gene_assignment,True
8021594,SERPINB12,gene_assignment,True
8021603,SERPINB13,gene_assignment,True
8021614,SERPINB11,gene_assignment,True
8021623,SERPINB7,gene_assignment,True
8021635,SERPINB2,gene_assignment,True
8021645,SERPINB10,gene_assignment,True
8021653,SERPINB8,gene_assignment,True
8021666,,,False
8021668,CDH7,gene_assignment,True
8021683,,,False
8021685,CCDC102B,gene_assignment,True
8021695,DOK6,gene_assignment,True
8021707,SOCS6,gene_assignment,True
8021712,,,False
8021714,,,False
8021716,C18ORF55,gene_assignment,True
8021725,,,False
8021727,CNDP2,gene_assignment,True
8021741,CNDP1,gene_assignment,True
8021756,ZNF407,gene_assignment,True
8021768,TSHZ1,gene_assignment,True
8021774,ENST00000405150,gene_assignment,True
8021777,BC119776,gene_assignment,True
8021783,ZNF236,gene_assignment,True
8021818,GALR1,gene_assignment,True
8021824,,,False
8021826,SALL3,gene_assignment,True
8021832,ATP9B,gene_assignment,True
8021866,NFATC1,gene_assignment,True
8021884,CTDP1,gene_assignment,True
8021900,KCNG2,gene_assignment,True
8021905,RBFA,gene_assignment,True
8021914,ADNP2,gene_assignment,True
8021919,TUBB8,gene_assignment,True
8021924,THOC1,gene_assignment,True
8021946,COLEC12,gene_assignment,True
8021961,,,False
8021963,C18ORF56,gene_assignment,True
8021966,ENOSF1,gene_assignment,True
8021984,YES1,gene_assignment,True
8021993,,,False
8021995,C18ORF2,gene_assignment,True
8022007,,,False
8022009,METTL4,gene_assignment,True
8022020,,,False
8022022,LPIN2,gene_assignment,True
8022045,MYOM1,gene_assignment,True
8022085,DLGAP1,gene_assignment,True
8022100,,,False
8022102,,,False
8022104,,,False
8022106,C18ORF18,gene_assignment,True
8022110,ZFP161,gene_assignment,True
8022118,EPB41L3,gene_assignment,True
8022145,L3MBTL4,gene_assignment,True
8022168,,,False
8022170,RPL6,gene_assignment,True
8022176,LAMA1,gene_assignment,True
8022243,,,False
8022247,,,False
8022251,PPP4R1,gene_assignment,True
8022275,,,False
8022277,,,False
8022281,,,False
8022283,FAM38B,gene_assignment,True
8022295,FAM38B,gene_assignment,True
8022310,FAM38B,gene_assignment,True
8022320,LOC613037,gene_assignment,True
8022326,MPPE1,gene_assignment,True
8022338,GPR125,gene_assignment,True
8022340,,,False
8022342,AFG3L2,gene_assignment,True
8022356,SPIRE1,gene_assignment,True
8022378,,,False
8022380,CEP76,gene_assignment,True
8022393,PTPN2,gene_assignment,True
8022404,C18ORF19,gene_assignment,True
8022410,,,False
8022412,MC2R,gene_assignment,True
8022418,,,False
8022420,ZNF519,gene_assignment,True
8022424,NF1,gene_assignment,True
8022426,ENST00000342224,gene_assignment,True
8022428,POTEC,gene_assignment,True
8022434,,,False
8022436,C21ORF94,gene_assignment,True
8022439,,,False
8022441,ROCK1,gene_assignment,True
8022473,ESCO1,gene_assignment,True
8022488,ABHD3,gene_assignment,True
8022498,MIR133A1,gene_assignment,True
8022500,MIR1-2,gene_assignment,True
8022502,,,False
8022504,,,False
8022506,,,False
8022508,CTAGE1,gene_assignment,True
8022514,C18ORF45,gene_assignment,True
8022531,NPC1,gene_assignment,True
8022557,,,False
8022559,ANKRD29,gene_assignment,True
8022570,,,False
8022572,OSBPL1A,gene_assignment,True
8022606,,,False
8022610,,,False
8022612,ZNF521,gene_assignment,True
8022623,,,False
8022625,SS18,gene_assignment,True
8022640,DHFR,gene_assignment,True
8022644,,,False
8022646,KCTD1,gene_assignment,True
8022653,LOC728606,gene_assignment,True
8022655,AQP4,gene_assignment,True
8022666,CHST9,gene_assignment,True
8022674,CDH2,gene_assignment,True
8022692,DSC3,gene_assignment,True
8022711,DSC2,gene_assignment,True
8022728,DSC1,gene_assignment,True
8022745,,,False
8022747,B4GALT6,gene_assignment,True
8022763,MCART2,gene_assignment,True
8022767,TRAPPC8,gene_assignment,True
8022799,,,False
8022801,,,False
8022803,FAM59A,gene_assignment,True
8022814,HNRNPA1,gene_assignment,True
8022817,KLHL14,gene_assignment,True
8022831,C18ORF34,gene_assignment,True
8022856,NOL4,gene_assignment,True
8022870,,,False
8022872,ZSCAN30,gene_assignment,True
8022882,ZNF24,gene_assignment,True
8022892,ZNF396,gene_assignment,True
8022902,INO80C,gene_assignment,True
8022912,MIR187,gene_assignment,True
8022914,RPRD1A,gene_assignment,True
8022927,SLC39A6,gene_assignment,True
8022941,C18ORF10,gene_assignment,True
8022952,CELF4,gene_assignment,True
8022970,,,False
8022972,RPL7A,gene_assignment,True
8022974,,,False
8022976,RIT2,gene_assignment,True
8022986,SYT4,gene_assignment,True
8022994,,,False
8022996,KIAA1632,gene_assignment,True
8023043,PSTPIP2,gene_assignment,True
8023059,,,False
8023063,ATP5A1,gene_assignment,True
8023080,LOXHD1,gene_assignment,True
8023121,ST8SIA5,gene_assignment,True
8023133,PIAS2,gene_assignment,True
8023152,TCEB3CL,gene_assignment,True
8023154,TCEB3CL,gene_assignment,True
8023156,TCEB3C,gene_assignment,True
8023159,TCEB3B,gene_assignment,True
8023165,HDHD2,gene_assignment,True
8023175,IER3IP1,gene_assignment,True
8023184,AY669508,gene_assignment,True
8023187,,,False
8023191,SMAD2,gene_assignment,True
8023195,SMAD2,gene_assignment,True
8023212,ZBTB7C,gene_assignment,True
8023216,,,False
8023218,,,False
8023220,SMAD7,gene_assignment,True
8023228,DYM,gene_assignment,True
8023246,BC093004,gene_assignment,True
8023252,RPL17,gene_assignment,True
8023259,SNORD58A,gene_assignment,True
8023261,ACAA2,gene_assignment,True
8023267,MYO5B,gene_assignment,True
8023308,,,False
8023310,,,False
8023314,CCDC11,gene_assignment,True
8023323,MBD1,gene_assignment,True
8023344,CXXC1,gene_assignment,True
8023361,MRO,gene_assignment,True
8023373,,,False
8023375,,,False
8023377,MEX3C,gene_assignment,True
8023380,,,False
8023382,MBD2,gene_assignment,True
8023392,SNORA37,gene_assignment,True
8023394,STARD6,gene_assignment,True
8023401,CCDC68,gene_assignment,True
8023415,TCF4,gene_assignment,True
8023437,ENST00000382897,gene_assignment,True
8023448,,,False
8023450,TXNL1,gene_assignment,True
8023462,,,False
8023466,FECH,gene_assignment,True
8023481,NARS,gene_assignment,True
8023497,ATP8B1,gene_assignment,True
8023526,ENST00000446244,gene_assignment,True
8023528,ALPK2,gene_assignment,True
8023545,,,False
8023549,RAX,gene_assignment,True
8023554,CPLX4,gene_assignment,True
8023561,LMAN1,gene_assignment,True
8023575,CCBE1,gene_assignment,True
8023591,,,False
8023593,MC4R,gene_assignment,True
8023596,,,False
8023598,RNF152,gene_assignment,True
8023605,PIGN,gene_assignment,True
8023640,,,False
8023642,,,False
8023644,,,False
8023646,BCL2,gene_assignment,True
8023656,KDSR,gene_assignment,True
8023672,VPS4B,gene_assignment,True
8023688,SERPINB4,gene_assignment,True
8023696,SERPINB3,gene_assignment,True
8023703,BC029565,gene_assignment,True
8023710,CDH19,gene_assignment,True
8023727,DSEL,gene_assignment,True
8023735,TMX3,gene_assignment,True
8023757,CD226,gene_assignment,True
8023766,RTTN,gene_assignment,True
8023816,AY262164,gene_assignment,True
8023822,CBLN2,gene_assignment,True
8023828,NETO1,gene_assignment,True
8023843,FBXO15,gene_assignment,True
8023855,CYB5A,gene_assignment,True
8023862,,,False
8023864,FAM69C,gene_assignment,True
8023868,LOC400657,gene_assignment,True
8023871,ZADH2,gene_assignment,True
8023876,ENST00000382638,gene_assignment,True
8023882,ZNF516,gene_assignment,True
8023889,MBP,gene_assignment,True
8023906,,,False
8023908,,,False
8023910,ENST00000317008,gene_assignment,True
8023914,PQLC1,gene_assignment,True
8023920,TXNL4A,gene_assignment,True
8023926,PARD6G,gene_assignment,True
8023933,,,False
8023935,,,False
8023937,OR4F17,gene_assignment,True
8023941,MADCAM1,gene_assignment,True
8023948,C19ORF20,gene_assignment,True
8023955,BSG,gene_assignment,True
8023968,CDC34,gene_assignment,True
8023977,GZMM,gene_assignment,True
8023984,HCN2,gene_assignment,True
8023990,FGF22,gene_assignment,True
8023995,FSTL3,gene_assignment,True
8024001,,,False
8024003,PALM,gene_assignment,True
8024013,BC052236,gene_assignment,True
8024019,PTBP1,gene_assignment,True
8024038,AZU1,gene_assignment,True
8024048,PRTN3,gene_assignment,True
8024056,ELANE,gene_assignment,True
8024062,CFD,gene_assignment,True
8024070,KISS1R,gene_assignment,True
8024078,ARID3A,gene_assignment,True
8024089,WDR18,gene_assignment,True
8024100,GRIN3B,gene_assignment,True
8024111,CNN2,gene_assignment,True
8024120,ABCA7,gene_assignment,True
8024170,HMHA1,gene_assignment,True
8024194,GPX4,gene_assignment,True
8024204,STK11,gene_assignment,True
8024219,ATP5D,gene_assignment,True
8024228,MIDN,gene_assignment,True
8024238,CIRBP,gene_assignment,True
8024246,C19ORF24,gene_assignment,True
8024250,EFNA2,gene_assignment,True
8024255,MUM1,gene_assignment,True
8024273,NDUFS7,gene_assignment,True
8024282,DAZAP1,gene_assignment,True
8024299,RPS15,gene_assignment,True
8024304,,,False
8024306,APC2,gene_assignment,True
8024323,REEP6,gene_assignment,True
8024331,PLK5P,gene_assignment,True
8024347,SCAMP4,gene_assignment,True
8024356,ADAT3,gene_assignment,True
8024358,CSNK1G2,gene_assignment,True
8024373,IZUMO4,gene_assignment,True
8024391,DOT1L,gene_assignment,True
8024420,SF3A2,gene_assignment,True
8024429,AMH,gene_assignment,True
8024436,OAZ1,gene_assignment,True
8024444,AY358234,gene_assignment,True
8024446,SPPL2B,gene_assignment,True
8024467,TMPRSS9,gene_assignment,True
8024485,GADD45B,gene_assignment,True
8024494,ENST00000222301,gene_assignment,True
8024497,THOP1,gene_assignment,True
8024511,ZNF554,gene_assignment,True
8024518,ZNF555,gene_assignment,True
8024527,ZNF556,gene_assignment,True
8024532,ZNF57,gene_assignment,True
8024537,TLE6,gene_assignment,True
8024557,GNA11,gene_assignment,True
8024566,,,False
8024572,GNA15,gene_assignment,True
8024582,S1PR4,gene_assignment,True
8024584,NCLN,gene_assignment,True
8024605,CELF5,gene_assignment,True
8024623,NFIC,gene_assignment,True
8024637,FZR1,gene_assignment,True
8024655,C19ORF71,gene_assignment,True
8024660,HMG20B,gene_assignment,True
8024676,GIPC3,gene_assignment,True
8024682,C19ORF29,gene_assignment,True
8024687,TJP3,gene_assignment,True
8024708,MRPL54,gene_assignment,True
8024712,ATCAY,gene_assignment,True
8024728,ITGB1BP3,gene_assignment,True
8024740,PIAS4,gene_assignment,True
8024754,CREB3L3,gene_assignment,True
8024768,ANKRD24,gene_assignment,True
8024792,EBI3,gene_assignment,True
8024798,CCDC94,gene_assignment,True
8024808,SHD,gene_assignment,True
8024816,FSD1,gene_assignment,True
8024829,MPND,gene_assignment,True
8024843,CHAF1A,gene_assignment,True
8024864,HDGFRP2,gene_assignment,True
8024882,,,False
8024885,TNFAIP8L1,gene_assignment,True
8024888,C19ORF30,gene_assignment,True
8024896,MIR7-3,gene_assignment,True
8024898,FEM1A,gene_assignment,True
8024900,UHRF1,gene_assignment,True
8024909,KDM4B,gene_assignment,True
8024934,ZNRF4,gene_assignment,True
8024936,SAFB,gene_assignment,True
8024956,HSD11B1L,gene_assignment,True
8024966,RPL36,gene_assignment,True
8024971,TMEM146,gene_assignment,True
8024995,NRTN,gene_assignment,True
8025000,VMAC,gene_assignment,True
8025004,CAPS,gene_assignment,True
8025011,ACSBG2,gene_assignment,True
8025028,CLPP,gene_assignment,True
8025035,ALKBH7,gene_assignment,True
8025041,CRB3,gene_assignment,True
8025051,TUBB4,gene_assignment,True
8025053,TNFSF9,gene_assignment,True
8025058,TRIP10,gene_assignment,True
8025076,VAV1,gene_assignment,True
8025103,EMR1,gene_assignment,True
8025124,FLJ25758,gene_assignment,True
8025126,MBD3L5,gene_assignment,True
8025129,MBD3L2,gene_assignment,True
8025132,ZNF557,gene_assignment,True
8025142,ARHGEF18,gene_assignment,True
8025169,C19ORF45,gene_assignment,True
8025179,ZNF358,gene_assignment,True
8025183,MCOLN1,gene_assignment,True
8025199,PNPLA6,gene_assignment,True
8025237,KIAA1543,gene_assignment,True
8025255,STXBP2,gene_assignment,True
8025278,RETN,gene_assignment,True
8025285,C19ORF59,gene_assignment,True
8025296,TRAPPC5,gene_assignment,True
8025301,CD209,gene_assignment,True
8025303,CLEC4M,gene_assignment,True
8025321,CLEC4GP1,gene_assignment,True
8025328,EVI5L,gene_assignment,True
8025347,LRRC8E,gene_assignment,True
8025351,MAP2K7,gene_assignment,True
8025368,SNAPC2,gene_assignment,True
8025375,CCL25,gene_assignment,True
8025382,LASS4,gene_assignment,True
8025395,RPS28,gene_assignment,True
8025402,ANGPTL4,gene_assignment,True
8025414,RAB11B,gene_assignment,True
8025421,MARCH2,gene_assignment,True
8025429,HNRNPM,gene_assignment,True
8025450,OR2Z1,gene_assignment,True
8025452,MBD3L1,gene_assignment,True
8025456,OR1M1,gene_assignment,True
8025458,ZNF317,gene_assignment,True
8025470,OR7D2,gene_assignment,True
8025474,,,False
8025476,OR7E24,gene_assignment,True
8025478,ZNF559,gene_assignment,True
8025488,ZNF177,gene_assignment,True
8025498,SNORA70,gene_assignment,True
8025500,UBL5,gene_assignment,True
8025506,PIN1,gene_assignment,True
8025515,RDH8,gene_assignment,True
8025522,C3P1,gene_assignment,True
8025551,C19ORF66,gene_assignment,True
8025563,PPAN-P2RY11,gene_assignment,True
8025584,SNORD105,gene_assignment,True
8025586,MRPL4,gene_assignment,True
8025601,ICAM1,gene_assignment,True
8025612,ICAM4,gene_assignment,True
8025621,ICAM5,gene_assignment,True
8025633,PDE4A,gene_assignment,True
8025659,ATG4D,gene_assignment,True
8025672,SLC44A2,gene_assignment,True
8025697,ILF3,gene_assignment,True
8025728,QTRT1,gene_assignment,True
8025741,DNM2,gene_assignment,True
8025766,CARM1,gene_assignment,True
8025783,BC011833,gene_assignment,True
8025788,SMARCA4,gene_assignment,True
8025826,,,False
8025828,LDLR,gene_assignment,True
8025850,DOCK6,gene_assignment,True
8025858,TSPAN16,gene_assignment,True
8025868,CCDC159,gene_assignment,True
8025877,LPPR2,gene_assignment,True
8025888,C19ORF39,gene_assignment,True
8025893,,,False
8025895,PRKCSH,gene_assignment,True
8025918,CNN1,gene_assignment,True
8025927,ZNF627,gene_assignment,True
8025933,ZNF833P,gene_assignment,True
8025945,ZNF441,gene_assignment,True
8025951,ZNF491,gene_assignment,True
8025958,ZNF440,gene_assignment,True
8025964,ZNF439,gene_assignment,True
8025968,ZNF69,gene_assignment,True
8025973,ZNF700,gene_assignment,True
8025978,ZNF763,gene_assignment,True
8025984,ZNF844,gene_assignment,True
8025992,ZNF788,gene_assignment,True
8025996,,,False
8025998,ZNF136,gene_assignment,True
8026005,,,False
8026007,ZNF791,gene_assignment,True
8026013,WDR83,gene_assignment,True
8026024,ASNA1,gene_assignment,True
8026035,BEST2,gene_assignment,True
8026047,JUNB,gene_assignment,True
8026051,RNASEH2A,gene_assignment,True
8026063,MAST1,gene_assignment,True
8026090,GCDH,gene_assignment,True
8026106,CALR,gene_assignment,True
8026122,RAD23A,gene_assignment,True
8026133,DAND5,gene_assignment,True
8026139,NFIX,gene_assignment,True
8026155,NACC1,gene_assignment,True
8026163,IER2,gene_assignment,True
8026170,CCDC130,gene_assignment,True
8026182,MRI1,gene_assignment,True
8026193,C19ORF53,gene_assignment,True
8026198,ZSWIM4,gene_assignment,True
8026212,MIR181C,gene_assignment,True
8026214,NANOS3,gene_assignment,True
8026217,CC2D1A,gene_assignment,True
8026250,DCAF15,gene_assignment,True
8026265,RLN3,gene_assignment,True
8026272,IL27RA,gene_assignment,True
8026292,AF265242,gene_assignment,True
8026294,LOC113230,gene_assignment,True
8026298,,,False
8026300,CD97,gene_assignment,True
8026315,PKN1,gene_assignment,True
8026339,SNRPG,gene_assignment,True
8026341,TECR,gene_assignment,True
8026350,CLEC17A,gene_assignment,True
8026361,,,False
8026365,ZNF333,gene_assignment,True
8026381,,,False
8026383,,,False
8026385,,,False
8026388,OR7C2,gene_assignment,True
8026390,CCDC105,gene_assignment,True
8026398,CASP14,gene_assignment,True
8026405,OR1I1,gene_assignment,True
8026407,SYDE1,gene_assignment,True
8026424,CYP4F22,gene_assignment,True
8026440,RPL23A,gene_assignment,True
8026442,CYP4F8,gene_assignment,True
8026456,CYP4F3,gene_assignment,True
8026468,CYP4F12,gene_assignment,True
8026483,OR10H2,gene_assignment,True
8026486,OR10H3,gene_assignment,True
8026488,OR10H5,gene_assignment,True
8026490,UCA1,gene_assignment,True
8026494,OR10H4,gene_assignment,True
8026496,LOC126536,gene_assignment,True
8026503,FLJ25328,gene_assignment,True
8026513,TPM4,gene_assignment,True
8026520,RAB8A,gene_assignment,True
8026533,HSH2D,gene_assignment,True
8026541,AF151902,gene_assignment,True
8026548,AP1M1,gene_assignment,True
8026564,KLF2,gene_assignment,True
8026568,C19ORF44,gene_assignment,True
8026579,TMEM38A,gene_assignment,True
8026587,NWD1,gene_assignment,True
8026610,SIN3B,gene_assignment,True
8026631,F2RL3,gene_assignment,True
8026638,MYO9B,gene_assignment,True
8026679,USE1,gene_assignment,True
8026687,OCEL1,gene_assignment,True
8026698,C19ORF62,gene_assignment,True
8026712,ANKLE1,gene_assignment,True
8026724,MRPL34,gene_assignment,True
8026729,DDA1,gene_assignment,True
8026735,GTPBP3,gene_assignment,True
8026751,FAM125A,gene_assignment,True
8026763,SLC27A1,gene_assignment,True
8026780,PGLS,gene_assignment,True
8026787,FAM129C,gene_assignment,True
8026806,GLT25D1,gene_assignment,True
8026821,MAP1S,gene_assignment,True
8026830,FCHO1,gene_assignment,True
8026861,B3GNT3,gene_assignment,True
8026868,RPL18A,gene_assignment,True
8026875,SNORA68,gene_assignment,True
8026877,SLC5A5,gene_assignment,True
8026895,CCDC124,gene_assignment,True
8026900,KCNN1,gene_assignment,True
8026915,ARRDC2,gene_assignment,True
8026926,MAST3,gene_assignment,True
8026954,PIK3R2,gene_assignment,True
8026971,IFI30,gene_assignment,True
8026982,MPV17L2,gene_assignment,True
8026989,,,False
8026991,PGPEP1,gene_assignment,True
8027002,GDF15,gene_assignment,True
8027006,SSBP4,gene_assignment,True
8027018,C19ORF50,gene_assignment,True
8027024,UBA52,gene_assignment,True
8027032,C19ORF60,gene_assignment,True
8027040,TMEM59L,gene_assignment,True
8027049,KLHL26,gene_assignment,True
8027053,CRTC1,gene_assignment,True
8027074,UPF1,gene_assignment,True
8027100,DDX49,gene_assignment,True
8027117,ARMC6,gene_assignment,True
8027128,SLC25A42,gene_assignment,True
8027139,RFXANK,gene_assignment,True
8027152,NCAN,gene_assignment,True
8027169,GATAD2A,gene_assignment,True
8027184,MAU2,gene_assignment,True
8027205,NDUFA13,gene_assignment,True
8027213,YJEFN3,gene_assignment,True
8027222,CILP2,gene_assignment,True
8027233,ZNF101,gene_assignment,True
8027239,ENST00000341262,gene_assignment,True
8027241,ZNF253,gene_assignment,True
8027247,ZNF93,gene_assignment,True
8027254,ZNF90,gene_assignment,True
8027258,AK298173,gene_assignment,True
8027260,ZNF486,gene_assignment,True
8027268,ENST00000425625,gene_assignment,True
8027272,ZNF85,gene_assignment,True
8027279,ZNF430,gene_assignment,True
8027285,ZNF714,gene_assignment,True
8027292,ZNF431,gene_assignment,True
8027297,ZNF738,gene_assignment,True
8027304,ZNF493,gene_assignment,True
8027312,ZNF429,gene_assignment,True
8027320,LOC641367,gene_assignment,True
8027323,ZNF257,gene_assignment,True
8027330,PCGF6,gene_assignment,True
8027332,ENST00000357491,gene_assignment,True
8027341,,,False
8027343,LOC440518,gene_assignment,True
8027345,ZNF492,gene_assignment,True
8027348,ENST00000327867,gene_assignment,True
8027354,RPSAP58,gene_assignment,True
8027363,ZNF726,gene_assignment,True
8027368,ZNF254,gene_assignment,True
8027377,,,False
8027381,,,False
8027385,VSTM2B,gene_assignment,True
8027390,POP4,gene_assignment,True
8027398,PLEKHF1,gene_assignment,True
8027402,CCNE1,gene_assignment,True
8027414,,,False
8027416,C19ORF2,gene_assignment,True
8027431,ZNF536,gene_assignment,True
8027439,ZNF507,gene_assignment,True
8027448,DPY19L3,gene_assignment,True
8027473,PDCD5,gene_assignment,True
8027480,RGS9BP,gene_assignment,True
8027482,TDRD12,gene_assignment,True
8027510,C19ORF40,gene_assignment,True
8027521,GPATCH1,gene_assignment,True
8027543,WDR88,gene_assignment,True
8027556,LRP3,gene_assignment,True
8027564,LOC80054,gene_assignment,True
8027566,CEBPG,gene_assignment,True
8027574,CHST8,gene_assignment,True
8027584,KCTD15,gene_assignment,True
8027592,LSM14A,gene_assignment,True
8027604,KIAA0355,gene_assignment,True
8027621,GPI,gene_assignment,True
8027642,PDCD2L,gene_assignment,True
8027650,UBA2,gene_assignment,True
8027665,WTIP,gene_assignment,True
8027674,ZNF302,gene_assignment,True
8027685,ZNF181,gene_assignment,True
8027692,ZNF30,gene_assignment,True
8027701,GRAMD1A,gene_assignment,True
8027719,SCN1B,gene_assignment,True
8027728,HPN,gene_assignment,True
8027744,,,False
8027746,,,False
8027748,FXYD3,gene_assignment,True
8027760,FXYD1,gene_assignment,True
8027770,FXYD7,gene_assignment,True
8027778,FXYD5,gene_assignment,True
8027793,LSR,gene_assignment,True
8027805,USF2,gene_assignment,True
8027819,HAMP,gene_assignment,True
8027824,MAG,gene_assignment,True
8027837,CD22,gene_assignment,True
8027854,FFAR1,gene_assignment,True
8027856,FFAR3,gene_assignment,True
8027860,FFAR3,gene_assignment,True
8027862,FFAR2,gene_assignment,True
8027864,GAPDHS,gene_assignment,True
8027876,TMEM147,gene_assignment,True
8027884,,,False
8027886,HAUS5,gene_assignment,True
8027908,RBM42,gene_assignment,True
8027920,ETV2,gene_assignment,True
8027932,COX6B1,gene_assignment,True
8027938,UPK1A,gene_assignment,True
8027947,ZBTB32,gene_assignment,True
8027956,MLL4,gene_assignment,True
8027996,PSENEN,gene_assignment,True
8028004,LIN37,gene_assignment,True
8028016,C19ORF55,gene_assignment,True
8028030,ARHGAP33,gene_assignment,True
8028058,KIRREL2,gene_assignment,True
8028084,APLP1,gene_assignment,True
8028104,HCST,gene_assignment,True
8028112,LRFN3,gene_assignment,True
8028117,,,False
8028119,WDR62,gene_assignment,True
8028158,ENST00000262637,gene_assignment,True
8028162,TBCB,gene_assignment,True
8028172,CAPNS1,gene_assignment,True
8028186,ZNF146,gene_assignment,True
8028190,LOC284412,gene_assignment,True
8028192,,,False
8028194,ZNF382,gene_assignment,True
8028200,ZNF567,gene_assignment,True
8028206,ZNF345,gene_assignment,True
8028213,ZNF568,gene_assignment,True
8028219,ZNF420,gene_assignment,True
8028227,ZNF383,gene_assignment,True
8028233,HKR1,gene_assignment,True
8028241,ZNF527,gene_assignment,True
8028248,ZNF570,gene_assignment,True
8028254,ZNF793,gene_assignment,True
8028266,ZNF540,gene_assignment,True
8028283,,,False
8028286,SIPA1L3,gene_assignment,True
8028309,,,False
8028311,SPINT2,gene_assignment,True
8028323,,,False
8028325,C19ORF33,gene_assignment,True
8028332,KCNK6,gene_assignment,True
8028341,CATSPERG,gene_assignment,True
8028380,PSMD8,gene_assignment,True
8028389,SPRED3,gene_assignment,True
8028397,FAM98C,gene_assignment,True
8028407,RYR1,gene_assignment,True
8028514,EIF3K,gene_assignment,True
8028524,ACTN4,gene_assignment,True
8028546,LGALS7,gene_assignment,True
8028552,NFKBIB,gene_assignment,True
8028563,MRPS12,gene_assignment,True
8028570,PAPL,gene_assignment,True
8028583,PAK4,gene_assignment,True
8028600,NCCRP1,gene_assignment,True
8028607,IL28A,gene_assignment,True
8028613,IL29,gene_assignment,True
8028624,SAMD4B,gene_assignment,True
8028643,,,False
8028645,MED29,gene_assignment,True
8028652,ZFP36,gene_assignment,True
8028656,PLEKHG2,gene_assignment,True
8028674,SUPT5H,gene_assignment,True
8028705,TIMM50,gene_assignment,True
8028719,DLL3,gene_assignment,True
8028730,SELV,gene_assignment,True
8028737,LGALS13,gene_assignment,True
8028742,LGALS16,gene_assignment,True
8028744,LGALS17A,gene_assignment,True
8028750,LGALS14,gene_assignment,True
8028756,PSMC4,gene_assignment,True
8028770,ZNF546,gene_assignment,True
8028778,MAP3K10,gene_assignment,True
8028789,,,False
8028791,PLD3,gene_assignment,True
8028806,SPTBN4,gene_assignment,True
8028851,SHKBP1,gene_assignment,True
8028872,LTBP4,gene_assignment,True
8028908,ITPKC,gene_assignment,True
8028916,SNRPA,gene_assignment,True
8028924,MIA,gene_assignment,True
8028930,RAB4B,gene_assignment,True
8028940,EGLN2,gene_assignment,True
8028950,ENST00000252909,gene_assignment,True
8028955,CYP2B7P1,gene_assignment,True
8028963,CYP2B6,gene_assignment,True
8028973,CYP2A13,gene_assignment,True
8028984,CYP2F1,gene_assignment,True
8028991,CYP2S1,gene_assignment,True
8029006,AXL,gene_assignment,True
8029029,HNRNPUL1,gene_assignment,True
8029050,CCDC97,gene_assignment,True
8029056,TMEM91,gene_assignment,True
8029065,BCKDHA,gene_assignment,True
8029076,CEACAM21,gene_assignment,True
8029086,CEACAM5,gene_assignment,True
8029098,CEACAM6,gene_assignment,True
8029107,CEACAM3,gene_assignment,True
8029117,DMRTC2,gene_assignment,True
8029129,RPS19,gene_assignment,True
8029136,CD79A,gene_assignment,True
8029147,ARHGEF1,gene_assignment,True
8029182,ZNF574,gene_assignment,True
8029188,ZNF526,gene_assignment,True
8029193,CIC,gene_assignment,True
8029214,PRR19,gene_assignment,True
8029219,TMEM145,gene_assignment,True
8029236,MEGF8,gene_assignment,True
8029273,MEGF8,gene_assignment,True
8029280,CD177,gene_assignment,True
8029289,TEX101,gene_assignment,True
8029301,ZNF575,gene_assignment,True
8029306,LOC390940,gene_assignment,True
8029311,ZNF576,gene_assignment,True
8029318,IRGC,gene_assignment,True
8029321,ZNF283,gene_assignment,True
8029331,ZNF221,gene_assignment,True
8029340,ZNF155,gene_assignment,True
8029347,ZNF230,gene_assignment,True
8029353,ZNF222,gene_assignment,True
8029360,ZNF223,gene_assignment,True
8029368,ZNF284,gene_assignment,True
8029375,,,False
8029377,ZNF224,gene_assignment,True
8029385,ZNF225,gene_assignment,True
8029392,ZNF234,gene_assignment,True
8029399,ZNF226,gene_assignment,True
8029413,ZNF227,gene_assignment,True
8029423,ZNF233,gene_assignment,True
8029435,,,False
8029437,PVR,gene_assignment,True
8029446,CEACAM19,gene_assignment,True
8029458,CEACAM16,gene_assignment,True
8029465,BCL3,gene_assignment,True
8029476,CBLC,gene_assignment,True
8029489,BCAM,gene_assignment,True
8029507,PVRL2,gene_assignment,True
8029521,TOMM40,gene_assignment,True
8029530,APOE,gene_assignment,True
8029536,APOC1,gene_assignment,True
8029541,APOC4,gene_assignment,True
8029547,APOC4,gene_assignment,True
8029551,APOC2,gene_assignment,True
8029560,CLPTM1,gene_assignment,True
8029580,RELB,gene_assignment,True
8029592,CLASRP,gene_assignment,True
8029615,,,False
8029617,GEMIN7,gene_assignment,True
8029624,ENST00000421905,gene_assignment,True
8029640,BLOC1S3,gene_assignment,True
8029642,MARK4,gene_assignment,True
8029669,,,False
8029671,KLC3,gene_assignment,True
8029688,CD3EAP,gene_assignment,True
8029693,FOSB,gene_assignment,True
8029701,PPM1N,gene_assignment,True
8029710,VASP,gene_assignment,True
8029726,,,False
8029728,GIPR,gene_assignment,True
8029744,QPCTL,gene_assignment,True
8029754,FOXA3,gene_assignment,True
8029759,CCDC61,gene_assignment,True
8029773,IGFL2,gene_assignment,True
8029779,IGFL1,gene_assignment,True
8029784,HIF3A,gene_assignment,True
8029814,PPP5C,gene_assignment,True
8029829,AK124070,gene_assignment,True
8029831,CALM3,gene_assignment,True
8029845,,,False
8029847,FKRP,gene_assignment,True
8029854,SLC1A5,gene_assignment,True
8029856,GRLF1,gene_assignment,True
8029870,NPAS1,gene_assignment,True
8029884,SAE1,gene_assignment,True
8029894,CCDC9,gene_assignment,True
8029907,C5AR1,gene_assignment,True
8029914,GPR77,gene_assignment,True
8029918,DHX34,gene_assignment,True
8029937,,,False
8029939,GLTSCR1,gene_assignment,True
8029950,EHD2,gene_assignment,True
8029958,GLTSCR2,gene_assignment,True
8029969,SEPW1,gene_assignment,True
8029978,CRX,gene_assignment,True
8029988,ELSPBP1,gene_assignment,True
8029996,BC043386,gene_assignment,True
8030002,ZNF114,gene_assignment,True
8030007,EMP3,gene_assignment,True
8030015,SYNGR4,gene_assignment,True
8030022,GRIN2D,gene_assignment,True
8030035,GRWD1,gene_assignment,True
8030044,KCNJ14,gene_assignment,True
8030049,CYTH2,gene_assignment,True
8030064,CYTH2,gene_assignment,True
8030067,SULT2B1,gene_assignment,True
8030076,SPACA4,gene_assignment,True
8030078,SPHK2,gene_assignment,True
8030092,SEC1,gene_assignment,True
8030094,FUT2,gene_assignment,True
8030105,FGF21,gene_assignment,True
8030113,RUVBL2,gene_assignment,True
8030128,PPP1R15A,gene_assignment,True
8030133,NUCB1,gene_assignment,True
8030148,DHDH,gene_assignment,True
8030158,BAX,gene_assignment,True
8030171,FTL,gene_assignment,True
8030181,CGB2,gene_assignment,True
8030187,CGB5,gene_assignment,True
8030197,,,False
8030199,SNRNP70,gene_assignment,True
8030212,LIN7B,gene_assignment,True
8030220,PPFIA3,gene_assignment,True
8030251,TRPM4,gene_assignment,True
8030277,CD37,gene_assignment,True
8030292,DKKL1,gene_assignment,True
8030299,CCDC155,gene_assignment,True
8030321,ALDH16A1,gene_assignment,True
8030339,FLT3LG,gene_assignment,True
8030351,RPL13A,gene_assignment,True
8030360,SNORD32A,gene_assignment,True
8030362,SNORD33,gene_assignment,True
8030364,SNORD34,gene_assignment,True
8030366,SNORD35A,gene_assignment,True
8030368,RPS11,gene_assignment,True
8030374,FCGRT,gene_assignment,True
8030383,RCN3,gene_assignment,True
8030391,,,False
8030393,PRRG2,gene_assignment,True
8030403,PRR12,gene_assignment,True
8030416,SCAF1,gene_assignment,True
8030429,BCL2L12,gene_assignment,True
8030437,PRMT1,gene_assignment,True
8030448,CPT1C,gene_assignment,True
8030470,AP2A1,gene_assignment,True
8030498,MED25,gene_assignment,True
8030525,PTOV1,gene_assignment,True
8030539,TBC1D17,gene_assignment,True
8030557,ATF5,gene_assignment,True
8030563,SIGLEC16,gene_assignment,True
8030569,ZNF473,gene_assignment,True
8030578,ENST00000377006,gene_assignment,True
8030582,MYH14,gene_assignment,True
8030630,NR1H2,gene_assignment,True
8030641,POLD1,gene_assignment,True
8030671,SPIB,gene_assignment,True
8030677,MYBPC2,gene_assignment,True
8030706,C19ORF63,gene_assignment,True
8030721,CLEC11A,gene_assignment,True
8030731,GPR32,gene_assignment,True
8030733,GPR32,gene_assignment,True
8030736,ACPT,gene_assignment,True
8030749,ENST00000326989,gene_assignment,True
8030753,KLK3,gene_assignment,True
8030768,KLK2,gene_assignment,True
8030782,SIGLEC9,gene_assignment,True
8030789,SIGLEC7,gene_assignment,True
8030796,SIGLECP3,gene_assignment,True
8030804,CD33,gene_assignment,True
8030813,AK097554,gene_assignment,True
8030823,IGLON5,gene_assignment,True
8030826,,,False
8030831,ZNF175,gene_assignment,True
8030838,FLJ30403,gene_assignment,True
8030840,,,False
8030842,MIR99B,gene_assignment,True
8030844,MIRLET7E,gene_assignment,True
8030846,MIR125A,gene_assignment,True
8030848,NCRNA00085,gene_assignment,True
8030860,FPR2,gene_assignment,True
8030866,FPR3,gene_assignment,True
8030871,ZNF613,gene_assignment,True
8030879,,,False
8030881,PPP2R1A,gene_assignment,True
8030899,ZNF766,gene_assignment,True
8030908,ZNF480,gene_assignment,True
8030914,ZNF610,gene_assignment,True
8030925,ZNF880,gene_assignment,True
8030931,ZNF528,gene_assignment,True
8030939,ZNF534,gene_assignment,True
8030944,ZNF578,gene_assignment,True
8030946,ZNF808,gene_assignment,True
8030950,ZNF701,gene_assignment,True
8030954,ZNF137P,gene_assignment,True
8030964,AK127846,gene_assignment,True
8030969,ENST00000344759,gene_assignment,True
8030972,VN1R2,gene_assignment,True
8030974,LOC646508,gene_assignment,True
8030978,ZNF845,gene_assignment,True
8030980,ZNF525,gene_assignment,True
8030982,ZNF765,gene_assignment,True
8030991,LOC147804,gene_assignment,True
8030993,ZNF761,gene_assignment,True
8030997,ZNF813,gene_assignment,True
8030999,ZNF331,gene_assignment,True
8031013,DPRX,gene_assignment,True
8031027,MIR519A2,gene_assignment,True
8031029,MIR520C,gene_assignment,True
8031031,MIR516B2,gene_assignment,True
8031035,MIR516B1,gene_assignment,True
8031037,MIR517C,gene_assignment,True
8031039,MIR519A2,gene_assignment,True
8031045,MIR519A2,gene_assignment,True
8031047,MYADM,gene_assignment,True
8031057,PRKCG,gene_assignment,True
8031076,CACNG7,gene_assignment,True
8031084,CACNG8,gene_assignment,True
8031090,CACNG6,gene_assignment,True
8031097,NDUFA3,gene_assignment,True
8031102,PRPF31,gene_assignment,True
8031122,CNOT3,gene_assignment,True
8031145,TSEN34,gene_assignment,True
8031152,RPS9,gene_assignment,True
8031157,TTYH1,gene_assignment,True
8031176,LENG8,gene_assignment,True
8031196,LAIR2,gene_assignment,True
8031200,KIR3DX1,gene_assignment,True
8031207,LILRA2,gene_assignment,True
8031213,LILRA1,gene_assignment,True
8031223,LILRB1,gene_assignment,True
8031238,LILRB4,gene_assignment,True
8031253,LILRP2,gene_assignment,True
8031260,KIR3DL3,gene_assignment,True
8031277,KIR2DL3,gene_assignment,True
8031293,KIR2DL3,gene_assignment,True
8031297,KIR2DL1,gene_assignment,True
8031311,KIR3DL1,gene_assignment,True
8031328,KIR3DL2,gene_assignment,True
8031344,ENST00000391728,gene_assignment,True
8031346,KIR2DL4,gene_assignment,True
8031358,KIR2DS4,gene_assignment,True
8031374,FCAR,gene_assignment,True
8031387,NCR1,gene_assignment,True
8031398,NLRP2,gene_assignment,True
8031414,EPS8L1,gene_assignment,True
8031439,,,False
8031441,BRSK1,gene_assignment,True
8031466,SUV420H2,gene_assignment,True
8031475,TMEM190,gene_assignment,True
8031483,RPL28,gene_assignment,True
8031489,ZNF628,gene_assignment,True
8031495,NAT14,gene_assignment,True
8031499,SSC5D,gene_assignment,True
8031511,ZNF524,gene_assignment,True
8031514,ZNF865,gene_assignment,True
8031516,ZNF580,gene_assignment,True
8031522,ZNF581,gene_assignment,True
8031526,CCDC106,gene_assignment,True
8031536,U2AF2,gene_assignment,True
8031550,EPN1,gene_assignment,True
8031566,ENST00000413847,gene_assignment,True
8031568,,,False
8031570,RFPL4A,gene_assignment,True
8031573,RFPL4A,gene_assignment,True
8031576,NLRP4,gene_assignment,True
8031586,NLRP8,gene_assignment,True
8031600,NLRP5,gene_assignment,True
8031615,,,False
8031617,ZNF444,gene_assignment,True
8031622,GALP,gene_assignment,True
8031629,ENST00000376267,gene_assignment,True
8031632,ZNF542,gene_assignment,True
8031640,ZNF583,gene_assignment,True
8031646,LOC100128252,gene_assignment,True
8031650,ZNF471,gene_assignment,True
8031659,ZFP28,gene_assignment,True
8031669,ZNF470,gene_assignment,True
8031675,ZNF71,gene_assignment,True
8031686,USP29,gene_assignment,True
8031690,ZNF264,gene_assignment,True
8031700,AURKC,gene_assignment,True
8031712,ZNF805,gene_assignment,True
8031714,ZNF460,gene_assignment,True
8031720,ZNF543,gene_assignment,True
8031726,ZNF304,gene_assignment,True
8031732,ZNF547,gene_assignment,True
8031737,ZNF548,gene_assignment,True
8031744,ZNF17,gene_assignment,True
8031748,ZNF749,gene_assignment,True
8031750,ZNF419,gene_assignment,True
8031759,ZNF773,gene_assignment,True
8031762,ZNF549,gene_assignment,True
8031768,ZIK1,gene_assignment,True
8031778,ZNF530,gene_assignment,True
8031784,ZNF134,gene_assignment,True
8031792,ZNF211,gene_assignment,True
8031799,ZSCAN4,gene_assignment,True
8031807,ZNF551,gene_assignment,True
8031815,ZNF776,gene_assignment,True
8031821,ZNF586,gene_assignment,True
8031825,ZNF552,gene_assignment,True
8031827,ZNF587,gene_assignment,True
8031837,AF294842,gene_assignment,True
8031840,AF210651,gene_assignment,True
8031843,ZNF606,gene_assignment,True
8031847,ZSCAN1,gene_assignment,True
8031857,ZNF135,gene_assignment,True
8031871,ZNF274,gene_assignment,True
8031884,ZNF544,gene_assignment,True
8031893,ZNF8,gene_assignment,True
8031899,,,False
8031906,,,False
8031908,ZSCAN22,gene_assignment,True
8031913,TRIM28,gene_assignment,True
8031933,RPS5,gene_assignment,True
8031939,ZNF584,gene_assignment,True
8031949,ZNF324B,gene_assignment,True
8031956,ZNF324,gene_assignment,True
8031962,ZNF446,gene_assignment,True
8031973,MGC2752,gene_assignment,True
8031981,WASH3P,gene_assignment,True
8031984,FAM138A,gene_assignment,True
8031990,ENST00000388975,gene_assignment,True
8031992,FLJ45340,gene_assignment,True
8031997,,,False
8031999,PPAP2C,gene_assignment,True
8032009,MIER2,gene_assignment,True
8032023,THEG,gene_assignment,True
8032034,C2CD4C,gene_assignment,True
8032037,SHC2,gene_assignment,True
8032051,ODF3L2,gene_assignment,True
8032057,POLRMT,gene_assignment,True
8032070,ENST00000358041,gene_assignment,True
8032076,RNF126,gene_assignment,True
8032088,PRSSL1,gene_assignment,True
8032094,LPPR3,gene_assignment,True
8032106,MED16,gene_assignment,True
8032127,C19ORF22,gene_assignment,True
8032137,C19ORF6,gene_assignment,True
8032149,POLR2E,gene_assignment,True
8032157,SBNO2,gene_assignment,True
8032197,C19ORF26,gene_assignment,True
8032208,C19ORF23,gene_assignment,True
8032212,AK127759,gene_assignment,True
8032214,GAMT,gene_assignment,True
8032224,C19ORF25,gene_assignment,True
8032232,PCSK4,gene_assignment,True
8032249,ADAMTSL5,gene_assignment,True
8032265,MEX3D,gene_assignment,True
8032273,,,False
8032275,MBD3,gene_assignment,True
8032284,UQCR11,gene_assignment,True
8032290,TCF3,gene_assignment,True
8032312,ATP8B3,gene_assignment,True
8032347,REXO1,gene_assignment,True
8032365,KLF16,gene_assignment,True
8032371,FAM108A1,gene_assignment,True
8032375,C19ORF34,gene_assignment,True
8032380,BTBD2,gene_assignment,True
8032392,MKNK2,gene_assignment,True
8032410,MOBKL2A,gene_assignment,True
8032418,AP3D1,gene_assignment,True
8032455,PLEKHJ1,gene_assignment,True
8032465,JSRP1,gene_assignment,True
8032473,C19ORF35,gene_assignment,True
8032478,LINGO3,gene_assignment,True
8032480,LSM7,gene_assignment,True
8032484,TIMM13,gene_assignment,True
8032491,LMNB2,gene_assignment,True
8032509,GNG7,gene_assignment,True
8032518,DIRAS1,gene_assignment,True
8032525,SLC39A3,gene_assignment,True
8032530,SGTA,gene_assignment,True
8032544,ZNF77,gene_assignment,True
8032553,TLE2,gene_assignment,True
8032576,AES,gene_assignment,True
8032588,C19ORF77,gene_assignment,True
8032595,DOHH,gene_assignment,True
8032601,RAX2,gene_assignment,True
8032608,C19ORF28,gene_assignment,True
8032623,TBXA2R,gene_assignment,True
8032637,C19ORF29,gene_assignment,True
8032650,PIP5K1C,gene_assignment,True
8032670,APBA3,gene_assignment,True
8032682,MATK,gene_assignment,True
8032699,ZFR2,gene_assignment,True
8032718,DAPK3,gene_assignment,True
8032730,EEF2,gene_assignment,True
8032749,SNORD37,gene_assignment,True
8032751,,,False
8032755,ZBTB7A,gene_assignment,True
8032761,MAP2K2,gene_assignment,True
8032770,SIRT6,gene_assignment,True
8032782,TMIGD2,gene_assignment,True
8032789,STAP2,gene_assignment,True
8032804,SH3GL1,gene_assignment,True
8032815,UBXN6,gene_assignment,True
8032829,PLIN4,gene_assignment,True
8032834,LRG1,gene_assignment,True
8032839,SEMA6B,gene_assignment,True
8032863,C19ORF10,gene_assignment,True
8032871,DPP9,gene_assignment,True
8032899,TICAM1,gene_assignment,True
8032909,PLIN3,gene_assignment,True
8032922,,,False
8032926,PTPRS,gene_assignment,True
8032965,BC036545,gene_assignment,True
8032972,,,False
8032974,SAFB2,gene_assignment,True
8032996,C19ORF70,gene_assignment,True
8033002,LONP1,gene_assignment,True
8033023,PRR22,gene_assignment,True
8033025,DUS3L,gene_assignment,True
8033043,FUT6,gene_assignment,True
8033054,FUT3,gene_assignment,True
8033064,FUT5,gene_assignment,True
8033069,NDUFA11,gene_assignment,True
8033075,RANBP3,gene_assignment,True
8033097,RFX2,gene_assignment,True
8033118,MLLT1,gene_assignment,True
8033135,GTF2F1,gene_assignment,True
8033151,ACER1,gene_assignment,True
8033159,PSPN,gene_assignment,True
8033162,KHSRP,gene_assignment,True
8033179,SLC25A41,gene_assignment,True
8033190,SLC25A23,gene_assignment,True
8033207,DENND1C,gene_assignment,True
8033233,TUBB4,gene_assignment,True
8033241,CD70,gene_assignment,True
8033248,TNFSF14,gene_assignment,True
8033257,C3,gene_assignment,True
8033300,GPR108,gene_assignment,True
8033319,SH2D3A,gene_assignment,True
8033332,EMR4P,gene_assignment,True
8033349,FLJ25758,gene_assignment,True
8033352,MBD3L2,gene_assignment,True
8033356,MBD3L3,gene_assignment,True
8033359,MBD3L3,gene_assignment,True
8033362,INSR,gene_assignment,True
8033385,PEX11G,gene_assignment,True
8033392,XAB2,gene_assignment,True
8033414,PCP2,gene_assignment,True
8033420,FCER2,gene_assignment,True
8033433,CLEC4G,gene_assignment,True
8033445,CD209,gene_assignment,True
8033455,FLJ22184,gene_assignment,True
8033458,LYPLA2,gene_assignment,True
8033460,,,False
8033462,CTXN1,gene_assignment,True
8033465,TIMM44,gene_assignment,True
8033479,ELAVL1,gene_assignment,True
8033487,FBN3,gene_assignment,True
8033554,CD320,gene_assignment,True
8033564,NDUFA7,gene_assignment,True
8033571,KANK3,gene_assignment,True
8033587,PRAM1,gene_assignment,True
8033598,ZNF414,gene_assignment,True
8033605,MYO1F,gene_assignment,True
8033635,ADAMTS10,gene_assignment,True
8033662,ACTL9,gene_assignment,True
8033667,ZNF558,gene_assignment,True
8033674,MUC16,gene_assignment,True
8033734,OR7G2,gene_assignment,True
8033736,OR7G1,gene_assignment,True
8033738,OR7G3,gene_assignment,True
8033740,OR7D4,gene_assignment,True
8033742,BC137147,gene_assignment,True
8033744,X89668,gene_assignment,True
8033746,ZNF699,gene_assignment,True
8033754,ZNF266,gene_assignment,True
8033767,ZNF560,gene_assignment,True
8033780,ZNF426,gene_assignment,True
8033789,ZNF121,gene_assignment,True
8033795,ZNF561,gene_assignment,True
8033801,ZNF562,gene_assignment,True
8033809,ZNF846,gene_assignment,True
8033813,FBXL12,gene_assignment,True
8033818,OLFM2,gene_assignment,True
8033825,COL5A3,gene_assignment,True
8033892,ANGPTL6,gene_assignment,True
8033899,EIF3G,gene_assignment,True
8033912,DNMT1,gene_assignment,True
8033956,S1PR2,gene_assignment,True
8033960,FDX1L,gene_assignment,True
8033969,RAVER1,gene_assignment,True
8033987,ICAM3,gene_assignment,True
8033996,TYK2,gene_assignment,True
8034021,CDC37,gene_assignment,True
8034034,KEAP1,gene_assignment,True
8034043,S1PR5,gene_assignment,True
8034055,KRI1,gene_assignment,True
8034075,CDKN2D,gene_assignment,True
8034084,AP1M2,gene_assignment,True
8034097,LOC147727,gene_assignment,True
8034099,MIR199A1,gene_assignment,True
8034101,TMED1,gene_assignment,True
8034108,YIPF2,gene_assignment,True
8034122,SPC24,gene_assignment,True
8034130,KANK2,gene_assignment,True
8034151,DOCK6,gene_assignment,True
8034199,TSPAN16,gene_assignment,True
8034202,RAB3D,gene_assignment,True
8034210,TMEM205,gene_assignment,True
8034217,EPOR,gene_assignment,True
8034227,RGL3,gene_assignment,True
8034249,CCDC151,gene_assignment,True
8034263,ELAVL3,gene_assignment,True
8034276,ZNF653,gene_assignment,True
8034286,ECSIT,gene_assignment,True
8034299,ELOF1,gene_assignment,True
8034304,ACP5,gene_assignment,True
8034313,HNRNPA1P10,gene_assignment,True
8034315,ZNF823,gene_assignment,True
8034320,ZNF433,gene_assignment,True
8034326,,,False
8034334,ZNF20,gene_assignment,True
8034342,AK292455,gene_assignment,True
8034344,ZNF625,gene_assignment,True
8034349,ZNF44,gene_assignment,True
8034370,ZNF563,gene_assignment,True
8034379,ZNF442,gene_assignment,True
8034390,ZNF799,gene_assignment,True
8034393,ZNF443,gene_assignment,True
8034395,ZNF709,gene_assignment,True
8034401,ZNF564,gene_assignment,True
8034408,ZNF490,gene_assignment,True
8034416,RPL10,gene_assignment,True
8034420,MAN2B1,gene_assignment,True
8034448,C19ORF56,gene_assignment,True
8034454,DHPS,gene_assignment,True
8034469,FBXW9,gene_assignment,True
8034482,TNPO2,gene_assignment,True
8034512,SNORD41,gene_assignment,True
8034514,BC000216,gene_assignment,True
8034521,HOOK2,gene_assignment,True
8034544,PRDX2,gene_assignment,True
8034555,RTBDN,gene_assignment,True
8034565,DNASE2,gene_assignment,True
8034578,KLF1,gene_assignment,True
8034583,SYCE2,gene_assignment,True
8034589,FARSA,gene_assignment,True
8034605,GADD45GIP1,gene_assignment,True
8034608,LYL1,gene_assignment,True
8034615,TRMT1,gene_assignment,True
8034631,STX10,gene_assignment,True
8034643,CACNA1A,gene_assignment,True
8034694,MIR24-2,gene_assignment,True
8034696,MIR27A,gene_assignment,True
8034698,MIR23A,gene_assignment,True
8034700,BC119719,gene_assignment,True
8034712,PODNL1,gene_assignment,True
8034722,RFX1,gene_assignment,True
8034744,PALM3,gene_assignment,True
8034747,ENST00000343945,gene_assignment,True
8034754,SAMD1,gene_assignment,True
8034762,PRKACA,gene_assignment,True
8034772,ASF1B,gene_assignment,True
8034783,LPHN1,gene_assignment,True
8034806,DDX39,gene_assignment,True
8034821,PTGER1,gene_assignment,True
8034827,GIPC1,gene_assignment,True
8034837,DNAJB1,gene_assignment,True
8034843,NDUFB7,gene_assignment,True
8034851,EMR3,gene_assignment,True
8034873,EMR2,gene_assignment,True
8034890,OR7C1,gene_assignment,True
8034892,OR7A5,gene_assignment,True
8034897,OR7A10,gene_assignment,True
8034899,ENST00000304105,gene_assignment,True
8034901,OR7A17,gene_assignment,True
8034905,,,False
8034907,SLC1A6,gene_assignment,True
8034920,ILVBL,gene_assignment,True
8034940,NOTCH3,gene_assignment,True
8034974,EPHX3,gene_assignment,True
8034983,BRD4,gene_assignment,True
8035007,AKAP8,gene_assignment,True
8035023,AKAP8L,gene_assignment,True
8035040,WIZ,gene_assignment,True
8035050,RASAL3,gene_assignment,True
8035069,PGLYRP2,gene_assignment,True
8035078,OR10H1,gene_assignment,True
8035080,ENST00000292633,gene_assignment,True
8035083,CYP4F2,gene_assignment,True
8035095,CYP4F11,gene_assignment,True
8035110,CIB3,gene_assignment,True
8035120,EPS15L1,gene_assignment,True
8035144,,,False
8035146,CALR3,gene_assignment,True
8035156,CHERP,gene_assignment,True
8035175,,,False
8035177,SLC35E1,gene_assignment,True
8035187,MED26,gene_assignment,True
8035193,C19ORF42,gene_assignment,True
8035201,CPAMD8,gene_assignment,True
8035234,,,False
8035236,HAUS8,gene_assignment,True
8035249,NR2F6,gene_assignment,True
8035254,USHBP1,gene_assignment,True
8035271,ABHD8,gene_assignment,True
8035278,ANO8,gene_assignment,True
8035297,PLVAP,gene_assignment,True
8035304,BST2,gene_assignment,True
8035311,TMEM221,gene_assignment,True
8035315,NXNL1,gene_assignment,True
8035318,UNC13A,gene_assignment,True
8035345,INSL3,gene_assignment,True
8035351,JAK3,gene_assignment,True
8035380,IL12RB1,gene_assignment,True
8035398,RAB3A,gene_assignment,True
8035408,PDE4C,gene_assignment,True
8035435,KIAA1683,gene_assignment,True
8035445,JUND,gene_assignment,True
8035449,LSM4,gene_assignment,True
8035456,LRRC25,gene_assignment,True
8035465,ISYNA1,gene_assignment,True
8035477,ELL,gene_assignment,True
8035494,FKBP8,gene_assignment,True
8035506,CRLF1,gene_assignment,True
8035517,COMP,gene_assignment,True
8035539,GDF1,gene_assignment,True
8035551,BC004943,gene_assignment,True
8035553,COPE,gene_assignment,True
8035566,HOMER3,gene_assignment,True
8035579,,,False
8035581,SUGP2,gene_assignment,True
8035600,TMEM161A,gene_assignment,True
8035612,MEF2B,gene_assignment,True
8035628,NR2C2AP,gene_assignment,True
8035639,HAPLN4,gene_assignment,True
8035646,HAPLN4,gene_assignment,True
8035648,TM6SF2,gene_assignment,True
8035666,SUGP1,gene_assignment,True
8035682,,,False
8035684,TSSK6,gene_assignment,True
8035694,PBX4,gene_assignment,True
8035703,LPAR2,gene_assignment,True
8035714,GMIP,gene_assignment,True
8035737,ATP13A1,gene_assignment,True
8035765,ZNF14,gene_assignment,True
8035773,ZNF506,gene_assignment,True
8035779,ZNF253,gene_assignment,True
8035782,ZNF682,gene_assignment,True
8035789,ZNF826P,gene_assignment,True
8035793,ZNF737,gene_assignment,True
8035795,ZNF626,gene_assignment,True
8035801,,,False
8035803,ZNF708,gene_assignment,True
8035808,ZNF100,gene_assignment,True
8035813,ZNF43,gene_assignment,True
8035819,ZNF208,gene_assignment,True
8035825,ZNF676,gene_assignment,True
8035829,RPL34,gene_assignment,True
8035831,ZNF98,gene_assignment,True
8035836,BC021822,gene_assignment,True
8035838,AK301230,gene_assignment,True
8035842,ZNF91,gene_assignment,True
8035847,ZNF675,gene_assignment,True
8035855,ZNF681,gene_assignment,True
8035863,,,False
8035865,,,False
8035868,,,False
8035880,UQCRFS1,gene_assignment,True
8035884,,,False
8035886,C19ORF12,gene_assignment,True
8035896,TSHZ3,gene_assignment,True
8035901,,,False
8035903,,,False
8035905,ANKRD27,gene_assignment,True
8035935,,,False
8035939,,,False
8035941,SLC7A9,gene_assignment,True
8035956,,,False
8035958,CCDC123,gene_assignment,True
8035980,RHPN2,gene_assignment,True
8035993,SLC7A10,gene_assignment,True
8036004,CEBPA,gene_assignment,True
8036010,PEPD,gene_assignment,True
8036025,,,False
8036027,,,False
8036029,ENST00000334591,gene_assignment,True
8036031,,,False
8036033,SCGBL,gene_assignment,True
8036038,ZNF599,gene_assignment,True
8036045,ZNF792,gene_assignment,True
8036055,LGI4,gene_assignment,True
8036069,FAM187B,gene_assignment,True
8036072,KRTDAP,gene_assignment,True
8036079,DMKN,gene_assignment,True
8036103,SBSN,gene_assignment,True
8036110,ATP4A,gene_assignment,True
8036133,UPK1A,gene_assignment,True
8036136,TMEM149,gene_assignment,True
8036143,U2AF1L4,gene_assignment,True
8036151,HSPB6,gene_assignment,True
8036155,PRODH2,gene_assignment,True
8036170,,,False
8036172,,,False
8036176,NPHS1,gene_assignment,True
8036207,NFKBID,gene_assignment,True
8036224,TYROBP,gene_assignment,True
8036232,C19ORF46,gene_assignment,True
8036242,ALKBH6,gene_assignment,True
8036252,CLIP3,gene_assignment,True
8036270,THAP8,gene_assignment,True
8036276,POLR2I,gene_assignment,True
8036284,COX7A1,gene_assignment,True
8036291,ZNF565,gene_assignment,True
8036300,,,False
8036302,AK090827,gene_assignment,True
8036304,ZFP14,gene_assignment,True
8036309,ZFP82,gene_assignment,True
8036318,ZNF566,gene_assignment,True
8036324,ZNF260,gene_assignment,True
8036333,ZNF529,gene_assignment,True
8036341,ZNF461,gene_assignment,True
8036351,ZNF850,gene_assignment,True
8036357,ZNF790,gene_assignment,True
8036363,,,False
8036365,ZNF829,gene_assignment,True
8036373,ZNF585A,gene_assignment,True
8036389,ZNF585B,gene_assignment,True
8036395,ZNF569,gene_assignment,True
8036403,ENST00000436972,gene_assignment,True
8036406,ZNF571,gene_assignment,True
8036420,ZFP30,gene_assignment,True
8036430,ZNF781,gene_assignment,True
8036436,ZNF607,gene_assignment,True
8036444,ZNF573,gene_assignment,True
8036451,WDR87,gene_assignment,True
8036460,DPF1,gene_assignment,True
8036473,PPP1R14A,gene_assignment,True
8036479,YIF1B,gene_assignment,True
8036483,YIF1B,gene_assignment,True
8036494,GGN,gene_assignment,True
8036503,RASGRP4,gene_assignment,True
8036525,MAP4K1,gene_assignment,True
8036563,CAPN12,gene_assignment,True
8036584,LGALS7,gene_assignment,True
8036589,,,False
8036591,LGALS4,gene_assignment,True
8036602,ECH1,gene_assignment,True
8036613,HNRNPL,gene_assignment,True
8036622,RINL,gene_assignment,True
8036636,SIRT2,gene_assignment,True
8036656,SARS2,gene_assignment,True
8036676,FBXO17,gene_assignment,True
8036686,AK021860,gene_assignment,True
8036689,FBXO27,gene_assignment,True
8036699,SYCN,gene_assignment,True
8036702,IL28B,gene_assignment,True
8036707,LRFN1,gene_assignment,True
8036710,GMFG,gene_assignment,True
8036720,PAF1,gene_assignment,True
8036737,RPS16,gene_assignment,True
8036744,EID2B,gene_assignment,True
8036749,EID2,gene_assignment,True
8036755,CLC,gene_assignment,True
8036763,DYRK1B,gene_assignment,True
8036777,FBL,gene_assignment,True
8036787,FCGBP,gene_assignment,True
8036808,PRR13,gene_assignment,True
8036813,ZNF780B,gene_assignment,True
8036820,ZNF780A,gene_assignment,True
8036830,TTC9B,gene_assignment,True
8036835,CNTD2,gene_assignment,True
8036840,AKT2,gene_assignment,True
8036862,AY358191,gene_assignment,True
8036865,,,False
8036867,BC027935,gene_assignment,True
8036881,,,False
8036883,HIPK4,gene_assignment,True
8036890,PRX,gene_assignment,True
8036902,SERTAD1,gene_assignment,True
8036908,SERTAD3,gene_assignment,True
8036913,BLVRB,gene_assignment,True
8036923,NUMBL,gene_assignment,True
8036936,AK096566,gene_assignment,True
8036938,ADCK4,gene_assignment,True
8036954,,,False
8036956,C19ORF54,gene_assignment,True
8036969,CYP2A6,gene_assignment,True
8036981,CYP2A7,gene_assignment,True
8036989,,,False
8036993,,,False
8037003,,,False
8037005,TGFB1,gene_assignment,True
8037018,B9D2,gene_assignment,True
8037023,EXOSC5,gene_assignment,True
8037032,B3GNT8,gene_assignment,True
8037037,ATP5SL,gene_assignment,True
8037043,,,False
8037045,CEACAM4,gene_assignment,True
8037053,CEACAM7,gene_assignment,True
8037061,LYPD4,gene_assignment,True
8037071,RABAC1,gene_assignment,True
8037079,ATP1A3,gene_assignment,True
8037103,GRIK5,gene_assignment,True
8037123,POU2F2,gene_assignment,True
8037144,DEDD2,gene_assignment,True
8037152,GSK3A,gene_assignment,True
8037166,ERF,gene_assignment,True
8037170,PAFAH1B3,gene_assignment,True
8037179,CNFN,gene_assignment,True
8037186,LIPE,gene_assignment,True
8037197,CXCL17,gene_assignment,True
8037205,CEACAM1,gene_assignment,True
8037222,CEACAM8,gene_assignment,True
8037231,PSG3,gene_assignment,True
8037236,PSG8,gene_assignment,True
8037240,PSG1,gene_assignment,True
8037246,PSG6,gene_assignment,True
8037251,PSG7,gene_assignment,True
8037259,PSG11,gene_assignment,True
8037267,PSG2,gene_assignment,True
8037272,PSG5,gene_assignment,True
8037283,PSG4,gene_assignment,True
8037290,PSG9,gene_assignment,True
8037298,CD177,gene_assignment,True
8037301,LYPD3,gene_assignment,True
8037309,PHLDB3,gene_assignment,True
8037315,PHLDB3,gene_assignment,True
8037322,ETHE1,gene_assignment,True
8037331,XRCC1,gene_assignment,True
8037352,IRGQ,gene_assignment,True
8037355,ZNF428,gene_assignment,True
8037363,CADM4,gene_assignment,True
8037374,PLAUR,gene_assignment,True
8037387,,,False
8037389,C19ORF61,gene_assignment,True
8037408,KCNN4,gene_assignment,True
8037422,LYPD5,gene_assignment,True
8037430,ZNF404,gene_assignment,True
8037433,ZNF45,gene_assignment,True
8037444,ZNF235,gene_assignment,True
8037453,ZFP112,gene_assignment,True
8037459,ZNF285,gene_assignment,True
8037467,ZNF229,gene_assignment,True
8037474,ZNF180,gene_assignment,True
8037482,CEACAM20,gene_assignment,True
8037495,ZNF296,gene_assignment,True
8037502,NKPD1,gene_assignment,True
8037505,TRAPPC6A,gene_assignment,True
8037513,EXOC3L2,gene_assignment,True
8037525,CKM,gene_assignment,True
8037535,,,False
8037537,ERCC2,gene_assignment,True
8037563,PPP1R13L,gene_assignment,True
8037579,ERCC1,gene_assignment,True
8037594,RTN2,gene_assignment,True
8037608,OPA3,gene_assignment,True
8037614,GPR4,gene_assignment,True
8037621,EML2,gene_assignment,True
8037640,MIR330,gene_assignment,True
8037642,SNRPD2,gene_assignment,True
8037647,FBXO46,gene_assignment,True
8037651,SIX5,gene_assignment,True
8037657,DMPK,gene_assignment,True
8037679,DMWD,gene_assignment,True
8037688,RSPH6A,gene_assignment,True
8037695,SYMPK,gene_assignment,True
8037723,IRF2BP1,gene_assignment,True
8037728,MYPOP,gene_assignment,True
8037732,NANOS2,gene_assignment,True
8037737,NOVA2,gene_assignment,True
8037742,PGLYRP1,gene_assignment,True
8037750,IGFL4,gene_assignment,True
8037755,IGFL3,gene_assignment,True
8037760,,,False
8037762,CCDC8,gene_assignment,True
8037767,PNMAL1,gene_assignment,True
8037775,PTGIR,gene_assignment,True
8037785,GNG8,gene_assignment,True
8037788,DACT3,gene_assignment,True
8037794,PRKD2,gene_assignment,True
8037814,,,False
8037816,STRN4,gene_assignment,True
8037835,SLC1A5,gene_assignment,True
8037847,AP2S1,gene_assignment,True
8037853,TMEM160,gene_assignment,True
8037856,ZC3H4,gene_assignment,True
8037872,BBC3,gene_assignment,True
8037878,MEIS3,gene_assignment,True
8037888,SLC8A2,gene_assignment,True
8037898,KPTN,gene_assignment,True
8037913,NAPA,gene_assignment,True
8037931,ZNF541,gene_assignment,True
8037947,TPRX1,gene_assignment,True
8037949,SULT2A1,gene_assignment,True
8037959,BSPH1,gene_assignment,True
8037962,CABP5,gene_assignment,True
8037970,PLA2G4C,gene_assignment,True
8037991,LIG1,gene_assignment,True
8038023,,,False
8038029,CARD8,gene_assignment,True
8038048,CCDC114,gene_assignment,True
8038069,TMEM143,gene_assignment,True
8038078,KDELR1,gene_assignment,True
8038086,RPL18,gene_assignment,True
8038093,LMTK3,gene_assignment,True
8038109,FAM83E,gene_assignment,True
8038117,DBP,gene_assignment,True
8038126,CA11,gene_assignment,True
8038137,,,False
8038139,NTN5,gene_assignment,True
8038150,MAMSTR,gene_assignment,True
8038163,RASIP1,gene_assignment,True
8038177,IZUMO1,gene_assignment,True
8038192,FUT1,gene_assignment,True
8038200,,,False
8038202,BCAT2,gene_assignment,True
8038213,HSD17B14,gene_assignment,True
8038225,PLEKHA4,gene_assignment,True
8038246,TULP2,gene_assignment,True
8038261,GYS1,gene_assignment,True
8038278,LHB,gene_assignment,True
8038280,CGB,gene_assignment,True
8038288,CGB1,gene_assignment,True
8038292,CGB5,gene_assignment,True
8038299,CGB7,gene_assignment,True
8038305,NTF4,gene_assignment,True
8038309,KCNA7,gene_assignment,True
8038314,C19ORF73,gene_assignment,True
8038319,HRC,gene_assignment,True
8038326,SLC6A16,gene_assignment,True
8038343,,,False
8038347,TEAD2,gene_assignment,True
8038362,PTH2,gene_assignment,True
8038367,SLC17A7,gene_assignment,True
8038382,PIH1D1,gene_assignment,True
8038393,MIR150,gene_assignment,True
8038395,NOSIP,gene_assignment,True
8038407,RRAS,gene_assignment,True
8038416,IRF3,gene_assignment,True
8038427,TSKS,gene_assignment,True
8038441,,,False
8038443,FUZ,gene_assignment,True
8038458,PNKP,gene_assignment,True
8038477,AKT1S1,gene_assignment,True
8038487,IL4I1,gene_assignment,True
8038505,SIGLEC11,gene_assignment,True
8038515,VRK3,gene_assignment,True
8038532,IZUMO2,gene_assignment,True
8038540,KCNC3,gene_assignment,True
8038547,NAPSB,gene_assignment,True
8038556,NAPSA,gene_assignment,True
8038565,C19ORF63,gene_assignment,True
8038571,JOSD2,gene_assignment,True
8038577,ASPDH,gene_assignment,True
8038584,LRRC4B,gene_assignment,True
8038587,SYT3,gene_assignment,True
8038598,SHANK1,gene_assignment,True
8038624,C19ORF48,gene_assignment,True
8038633,KLK1,gene_assignment,True
8038643,KLK15,gene_assignment,True
8038653,KLKP1,gene_assignment,True
8038655,KLK4,gene_assignment,True
8038668,,,False
8038670,KLK5,gene_assignment,True
8038683,KLK6,gene_assignment,True
8038695,KLK7,gene_assignment,True
8038707,KLK8,gene_assignment,True
8038716,KLK9,gene_assignment,True
8038725,KLK10,gene_assignment,True
8038735,KLK11,gene_assignment,True
8038747,KLK12,gene_assignment,True
8038760,KLK13,gene_assignment,True
8038770,KLK14,gene_assignment,True
8038782,CTU1,gene_assignment,True
8038785,VSIG10L,gene_assignment,True
8038792,ETFB,gene_assignment,True
8038804,CLDND2,gene_assignment,True
8038809,NKG7,gene_assignment,True
8038815,LIM2,gene_assignment,True
8038824,SIGLEC10,gene_assignment,True
8038839,SIGLEC8,gene_assignment,True
8038852,SIGLEC12,gene_assignment,True
8038861,SIGLEC6,gene_assignment,True
8038874,FLJ30403,gene_assignment,True
8038877,SIGLEC5,gene_assignment,True
8038885,SIGLEC14,gene_assignment,True
8038890,HAS1,gene_assignment,True
8038899,FPR1,gene_assignment,True
8038904,ZNF577,gene_assignment,True
8038913,ZNF649,gene_assignment,True
8038919,ZNF350,gene_assignment,True
8038925,ZNF615,gene_assignment,True
8038933,ZNF614,gene_assignment,True
8038942,ZNF432,gene_assignment,True
8038949,ZNF841,gene_assignment,True
8038952,BC032805,gene_assignment,True
8038954,ZNF616,gene_assignment,True
8038960,,,False
8038962,ZNF836,gene_assignment,True
8038967,ZNF83,gene_assignment,True
8038981,ZNF611,gene_assignment,True
8038989,ZNF600,gene_assignment,True
8038993,ZNF28,gene_assignment,True
8038998,ZNF468,gene_assignment,True
8039006,ZNF320,gene_assignment,True
8039010,ZNF765,gene_assignment,True
8039013,ZNF321,gene_assignment,True
8039017,ZNF816,gene_assignment,True
8039025,ZNF702P,gene_assignment,True
8039034,ZNF160,gene_assignment,True
8039044,ZNF415,gene_assignment,True
8039054,ZNF347,gene_assignment,True
8039062,ZNF665,gene_assignment,True
8039068,NDUFV2,gene_assignment,True
8039070,ZNF677,gene_assignment,True
8039075,VN1R4,gene_assignment,True
8039078,BIRC8,gene_assignment,True
8039086,LOC284379,gene_assignment,True
8039096,NLRP12,gene_assignment,True
8039109,VSTM1,gene_assignment,True
8039120,OSCAR,gene_assignment,True
8039131,TFPT,gene_assignment,True
8039139,LENG1,gene_assignment,True
8039144,TMC4,gene_assignment,True
8039166,MBOAT7,gene_assignment,True
8039180,LILRB5,gene_assignment,True
8039196,LILRB3,gene_assignment,True
8039210,,,False
8039212,LILRB2,gene_assignment,True
8039226,LILRA3,gene_assignment,True
8039236,LILRA5,gene_assignment,True
8039246,LILRA4,gene_assignment,True
8039257,LAIR1,gene_assignment,True
8039269,LENG9,gene_assignment,True
8039273,CDC42EP5,gene_assignment,True
8039280,NLRP7,gene_assignment,True
8039294,GP6,gene_assignment,True
8039306,RDH13,gene_assignment,True
8039316,PPP1R12C,gene_assignment,True
8039340,TNNT1,gene_assignment,True
8039353,TNNI3,gene_assignment,True
8039362,C19ORF51,gene_assignment,True
8039378,SYT5,gene_assignment,True
8039389,PTPRH,gene_assignment,True
8039409,TMEM86B,gene_assignment,True
8039413,PPP6R1,gene_assignment,True
8039440,HSPBP1,gene_assignment,True
8039453,TMEM150B,gene_assignment,True
8039462,COX6B2,gene_assignment,True
8039474,FAM71E2,gene_assignment,True
8039477,BC031875,gene_assignment,True
8039484,IL11,gene_assignment,True
8039491,UBE2S,gene_assignment,True
8039498,SHISA7,gene_assignment,True
8039504,SHISA7,gene_assignment,True
8039511,ISOC2,gene_assignment,True
8039520,SBK2,gene_assignment,True
8039524,ZNF579,gene_assignment,True
8039526,FIZ1,gene_assignment,True
8039530,ZNF784,gene_assignment,True
8039533,NLRP9,gene_assignment,True
8039545,NLRP11,gene_assignment,True
8039557,NLRP13,gene_assignment,True
8039569,ZNF787,gene_assignment,True
8039574,ZSCAN5B,gene_assignment,True
8039577,ZSCAN5A,gene_assignment,True
8039584,,,False
8039586,ZNF582,gene_assignment,True
8039593,ZNF667,gene_assignment,True
8039605,ZNF835,gene_assignment,True
8039607,PEG3,gene_assignment,True
8039625,ZIM3,gene_assignment,True
8039635,DUXA,gene_assignment,True
8039642,VN1R1,gene_assignment,True
8039645,ZNF772,gene_assignment,True
8039655,ZNF550,gene_assignment,True
8039664,ZNF416,gene_assignment,True
8039672,,,False
8039674,ZNF154,gene_assignment,True
8039680,ZNF671,gene_assignment,True
8039687,ZNF552,gene_assignment,True
8039692,ZNF814,gene_assignment,True
8039695,ZNF417,gene_assignment,True
8039698,ZNF418,gene_assignment,True
8039706,ZNF256,gene_assignment,True
8039713,BC033933,gene_assignment,True
8039719,ZNF606,gene_assignment,True
8039730,ZSCAN18,gene_assignment,True
8039740,ZNF329,gene_assignment,True
8039748,A1BG,gene_assignment,True
8039759,ZNF497,gene_assignment,True
8039766,ZNF837,gene_assignment,True
8039769,,,False
8039771,ZNF132,gene_assignment,True
8039779,SLC27A5,gene_assignment,True
8039791,ZBTB45,gene_assignment,True
8039796,CHMP2A,gene_assignment,True
8039805,UBE2M,gene_assignment,True
8039809,MZF1,gene_assignment,True
8039820,KIR3DL3,gene_assignment,True
8039829,KIR2DL2,gene_assignment,True
8039842,KIR2DS2,gene_assignment,True
8039859,KIR2DL4,gene_assignment,True
8039871,KIR3DS1,gene_assignment,True
8039884,KIR2DL5A,gene_assignment,True
8039892,KIR2DS5,gene_assignment,True
8039896,KIR2DS1,gene_assignment,True
8039905,TMEM167B,gene_assignment,True
8039909,CCNL2,gene_assignment,True
8039923,AURKAIP1,gene_assignment,True
8039928,AB096683,gene_assignment,True
8039933,PNRC2,gene_assignment,True
8039937,GLTPD1,gene_assignment,True
8039939,MRPL20,gene_assignment,True
8039945,,,False
8039947,SRSF10,gene_assignment,True
8039961,ACP1,gene_assignment,True
8039975,AF274944,gene_assignment,True
8039977,SNTG2,gene_assignment,True
8039996,TPO,gene_assignment,True
8040018,TTC15,gene_assignment,True
8040036,RPS7,gene_assignment,True
8040045,COLEC11,gene_assignment,True
8040053,ALLC,gene_assignment,True
8040068,,,False
8040070,SOX11,gene_assignment,True
8040073,LOC150622,gene_assignment,True
8040077,LOC400940,gene_assignment,True
8040080,RSAD2,gene_assignment,True
8040090,RNF144A,gene_assignment,True
8040101,,,False
8040103,ID2,gene_assignment,True
8040111,,,False
8040113,ASAP2,gene_assignment,True
8040142,CPSF3,gene_assignment,True
8040163,IAH1,gene_assignment,True
8040171,,,False
8040173,TAF1B,gene_assignment,True
8040190,GRHL1,gene_assignment,True
8040211,KLF11,gene_assignment,True
8040221,AF504647,gene_assignment,True
8040223,RRM2,gene_assignment,True
8040231,BC093999,gene_assignment,True
8040238,HPCAL1,gene_assignment,True
8040247,,,False
8040249,PDIA6,gene_assignment,True
8040265,KCNF1,gene_assignment,True
8040270,C2ORF50,gene_assignment,True
8040278,PQLC3,gene_assignment,True
8040286,,,False
8040288,LOC650157,gene_assignment,True
8040290,,,False
8040292,GREB1,gene_assignment,True
8040338,RN7SL1,gene_assignment,True
8040340,LPIN1,gene_assignment,True
8040362,,,False
8040365,TRIB2,gene_assignment,True
8040374,FAM84A,gene_assignment,True
8040386,DDX1,gene_assignment,True
8040413,,,False
8040415,,,False
8040417,,,False
8040419,MYCN,gene_assignment,True
8040428,,,False
8040430,VSNL1,gene_assignment,True
8040440,GEN1,gene_assignment,True
8040456,MSGN1,gene_assignment,True
8040458,KCNS3,gene_assignment,True
8040463,,,False
8040465,,,False
8040467,,,False
8040469,AY189285,gene_assignment,True
8040473,RHOB,gene_assignment,True
8040477,,,False
8040479,GDF7,gene_assignment,True
8040483,ENST00000450853,gene_assignment,True
8040486,,,False
8040488,,,False
8040490,KLHL29,gene_assignment,True
8040503,UBXN2A,gene_assignment,True
8040516,MFSD2B,gene_assignment,True
8040522,MFSD2B,gene_assignment,True
8040528,,,False
8040530,FKBP1B,gene_assignment,True
8040541,BC050462,gene_assignment,True
8040547,LOC646049,gene_assignment,True
8040552,NCOA1,gene_assignment,True
8040576,,,False
8040578,CENPO,gene_assignment,True
8040587,EFR3B,gene_assignment,True
8040614,,,False
8040616,,,False
8040618,RAB10,gene_assignment,True
8040630,,,False
8040632,FAM59B,gene_assignment,True
8040639,HADHB,gene_assignment,True
8040655,EPT1,gene_assignment,True
8040672,C2ORF39,gene_assignment,True
8040690,C2ORF70,gene_assignment,True
8040695,KCNK3,gene_assignment,True
8040698,C2ORF18,gene_assignment,True
8040712,CENPA,gene_assignment,True
8040725,DPYSL5,gene_assignment,True
8040742,MAPRE3,gene_assignment,True
8040753,TMEM214,gene_assignment,True
8040774,AGBL5,gene_assignment,True
8040792,EMILIN1,gene_assignment,True
8040802,KHK,gene_assignment,True
8040815,ABHD1,gene_assignment,True
8040827,TCF23,gene_assignment,True
8040831,C2ORF28,gene_assignment,True
8040843,CAD,gene_assignment,True
8040889,DNAJC5G,gene_assignment,True
8040898,TRIM54,gene_assignment,True
8040908,SNX17,gene_assignment,True
8040927,NRBP1,gene_assignment,True
8040949,KRTCAP3,gene_assignment,True
8040960,GCKR,gene_assignment,True
8040980,C2ORF16,gene_assignment,True
8040985,ZNF512,gene_assignment,True
8041000,GPN1,gene_assignment,True
8041015,SLC4A1AP,gene_assignment,True
8041027,MRPL33,gene_assignment,True
8041031,BRE,gene_assignment,True
8041048,FOSL2,gene_assignment,True
8041061,PLB1,gene_assignment,True
8041122,PPP1CB,gene_assignment,True
8041138,SPDYA,gene_assignment,True
8041149,WDR43,gene_assignment,True
8041168,SNORD53,gene_assignment,True
8041170,,,False
8041172,FAM179A,gene_assignment,True
8041179,CLIP4,gene_assignment,True
8041197,YPEL5,gene_assignment,True
8041204,SNORA10,gene_assignment,True
8041206,LBH,gene_assignment,True
8041212,LCLAT1,gene_assignment,True
8041223,,,False
8041225,EHD3,gene_assignment,True
8041236,SPAST,gene_assignment,True
8041257,SLC30A6,gene_assignment,True
8041273,YIPF4,gene_assignment,True
8041283,BIRC6,gene_assignment,True
8041360,TTC27,gene_assignment,True
8041383,LTBP1,gene_assignment,True
8041422,RASGRP3,gene_assignment,True
8041445,,,False
8041447,CRIM1,gene_assignment,True
8041467,VIT,gene_assignment,True
8041487,CCDC75,gene_assignment,True
8041495,C2ORF56,gene_assignment,True
8041508,QPCT,gene_assignment,True
8041519,FAM82A1,gene_assignment,True
8041536,C2ORF58,gene_assignment,True
8041540,,,False
8041542,GALM,gene_assignment,True
8041553,GEMIN6,gene_assignment,True
8041561,MORN2,gene_assignment,True
8041568,,,False
8041570,TMEM178,gene_assignment,True
8041582,PKDCC,gene_assignment,True
8041592,EML4,gene_assignment,True
8041617,MTA3,gene_assignment,True
8041638,,,False
8041640,LOC100129726,gene_assignment,True
8041644,PLEKHH2,gene_assignment,True
8041676,DYNC2LI1,gene_assignment,True
8041696,ABCG8,gene_assignment,True
8041711,,,False
8041713,PPM1B,gene_assignment,True
8041727,SLC3A1,gene_assignment,True
8041745,C2ORF34,gene_assignment,True
8041759,SIX3,gene_assignment,True
8041763,PRKCE,gene_assignment,True
8041781,EPAS1,gene_assignment,True
8041804,LOC388946,gene_assignment,True
8041808,RHOQ,gene_assignment,True
8041813,CRIPT,gene_assignment,True
8041820,SOCS5,gene_assignment,True
8041826,TTC7A,gene_assignment,True
8041853,EPCAM,gene_assignment,True
8041867,MSH2,gene_assignment,True
8041886,,,False
8041888,MSH6,gene_assignment,True
8041900,,,False
8041902,FOXN2,gene_assignment,True
8041913,KLRAQ1,gene_assignment,True
8041937,STON1,gene_assignment,True
8041940,STON1-GTF2A1L,gene_assignment,True
8041957,,,False
8041961,CHAC2,gene_assignment,True
8041967,ERLEC1,gene_assignment,True
8041982,ACYP2,gene_assignment,True
8041987,C2ORF73,gene_assignment,True
8041995,SPTBN1,gene_assignment,True
8042038,RPL23AP32,gene_assignment,True
8042040,EML6,gene_assignment,True
8042052,RPS27A,gene_assignment,True
8042059,PRORSD1P,gene_assignment,True
8042062,,,False
8042066,CCDC104,gene_assignment,True
8042079,CCDC85A,gene_assignment,True
8042086,VRK2,gene_assignment,True
8042107,,,False
8042109,,,False
8042113,,,False
8042115,,,False
8042119,PAPOLG,gene_assignment,True
8042144,REL,gene_assignment,True
8042157,,,False
8042159,,,False
8042161,PEX13,gene_assignment,True
8042168,KIAA1841,gene_assignment,True
8042195,AHSA2,gene_assignment,True
8042207,COMMD1,gene_assignment,True
8042211,B3GNT2,gene_assignment,True
8042219,,,False
8042221,,,False
8042223,EHBP1,gene_assignment,True
8042251,OTX1,gene_assignment,True
8042259,MDH1,gene_assignment,True
8042270,UGP2,gene_assignment,True
8042283,HSPC159,gene_assignment,True
8042291,AFTPH,gene_assignment,True
8042308,,,False
8042310,SLC1A4,gene_assignment,True
8042326,CEP68,gene_assignment,True
8042333,,,False
8042335,VDAC2,gene_assignment,True
8042337,ACTR2,gene_assignment,True
8042346,BC033059,gene_assignment,True
8042356,MEIS1,gene_assignment,True
8042373,ETAA1,gene_assignment,True
8042381,PNO1,gene_assignment,True
8042391,PLEK,gene_assignment,True
8042402,APLF,gene_assignment,True
8042413,PROKR1,gene_assignment,True
8042416,ARHGAP25,gene_assignment,True
8042431,GKN1,gene_assignment,True
8042439,ANTXR1,gene_assignment,True
8042460,,,False
8042464,,,False
8042466,,,False
8042468,ANXA4,gene_assignment,True
8042487,GMCL1,gene_assignment,True
8042495,SNRNP27,gene_assignment,True
8042501,,,False
8042503,MXD1,gene_assignment,True
8042513,,,False
8042515,PCBP1,gene_assignment,True
8042519,PCYOX1,gene_assignment,True
8042530,,,False
8042532,VAX2,gene_assignment,True
8042537,ATP6V1B1,gene_assignment,True
8042558,ANKRD53,gene_assignment,True
8042566,TEX261,gene_assignment,True
8042568,OR7E91P,gene_assignment,True
8042574,MGC72080,gene_assignment,True
8042576,NAGK,gene_assignment,True
8042588,MPHOSPH10,gene_assignment,True
8042601,ZNF638,gene_assignment,True
8042637,DYSF,gene_assignment,True
8042694,,,False
8042696,SPR,gene_assignment,True
8042701,EMX1,gene_assignment,True
8042705,SMYD5,gene_assignment,True
8042720,CCT7,gene_assignment,True
8042737,ALMS1,gene_assignment,True
8042761,ALMS1P,gene_assignment,True
8042769,C2ORF78,gene_assignment,True
8042772,STAMBP,gene_assignment,True
8042788,ACTG2,gene_assignment,True
8042801,DGUOK,gene_assignment,True
8042811,TET3,gene_assignment,True
8042825,,,False
8042827,,,False
8042830,MTHFD2,gene_assignment,True
8042843,WDR54,gene_assignment,True
8042859,INO80B,gene_assignment,True
8042867,WBP1,gene_assignment,True
8042874,TTC31,gene_assignment,True
8042896,TLX2,gene_assignment,True
8042905,HTRA2,gene_assignment,True
8042917,DOK1,gene_assignment,True
8042925,SEMA4F,gene_assignment,True
8042942,HK2,gene_assignment,True
8042953,POLE4,gene_assignment,True
8042958,,,False
8042960,,,False
8042962,MRPL19,gene_assignment,True
8042970,,,False
8042974,,,False
8042976,,,False
8042978,REG3G,gene_assignment,True
8042986,REG1A,gene_assignment,True
8042993,CTNNA2,gene_assignment,True
8043018,,,False
8043020,,,False
8043036,LOC1720,gene_assignment,True
8043038,,,False
8043040,FUNDC2P2,gene_assignment,True
8043043,DNAH6,gene_assignment,True
8043055,DNAH6,gene_assignment,True
8043059,DNAH6,gene_assignment,True
8043071,DNAH6,gene_assignment,True
8043100,TMSB10,gene_assignment,True
8043105,KCMF1,gene_assignment,True
8043114,TCF7L1,gene_assignment,True
8043129,,,False
8043131,ELMOD3,gene_assignment,True
8043155,,,False
8043157,SH2D6,gene_assignment,True
8043185,,,False
8043187,MAT2A,gene_assignment,True
8043197,VAMP8,gene_assignment,True
8043203,VAMP5,gene_assignment,True
8043209,RNF181,gene_assignment,True
8043218,USP39,gene_assignment,True
8043236,GNLY,gene_assignment,True
8043244,ATOH8,gene_assignment,True
8043251,PTCD3,gene_assignment,True
8043276,SNORD94,gene_assignment,True
8043278,MRPL35,gene_assignment,True
8043283,KDM3A,gene_assignment,True
8043310,RMND5A,gene_assignment,True
8043320,AK098018,gene_assignment,True
8043322,ANAPC1,gene_assignment,True
8043324,RGPD1,gene_assignment,True
8043349,ANAPC1,gene_assignment,True
8043360,BC030813,gene_assignment,True
8043363,NCRNA00152,gene_assignment,True
8043367,PLGLB2,gene_assignment,True
8043375,,,False
8043377,WBP1,gene_assignment,True
8043381,SMYD1,gene_assignment,True
8043393,THNSL2,gene_assignment,True
8043405,,,False
8043407,C2ORF51,gene_assignment,True
8043413,RPIA,gene_assignment,True
8043423,ENST00000390243,gene_assignment,True
8043426,,,False
8043429,,,False
8043431,AF113887,gene_assignment,True
8043433,BC110394,gene_assignment,True
8043436,BC073772,gene_assignment,True
8043438,ENST00000453166,gene_assignment,True
8043441,,,False
8043443,,,False
8043446,,,False
8043449,BC030813,gene_assignment,True
8043456,,,False
8043459,BC073763,gene_assignment,True
8043465,BC029444,gene_assignment,True
8043468,,,False
8043470,ENST00000483158,gene_assignment,True
8043474,,,False
8043476,ENST00000493819,gene_assignment,True
8043478,ENST00000471857,gene_assignment,True
8043480,,,False
8043482,,,False
8043484,,,False
8043487,ACTR3BP2,gene_assignment,True
8043489,,,False
8043491,TEKT4,gene_assignment,True
8043504,MAL,gene_assignment,True
8043512,ZNF2,gene_assignment,True
8043522,PROM2,gene_assignment,True
8043552,KCNIP3,gene_assignment,True
8043564,FAHD2A,gene_assignment,True
8043570,,,False
8043572,,,False
8043574,TRIM43,gene_assignment,True
8043581,UBTFL1,gene_assignment,True
8043583,AK057419,gene_assignment,True
8043585,CIAO1,gene_assignment,True
8043597,ITPRIPL1,gene_assignment,True
8043602,NCAPH,gene_assignment,True
8043621,ARID5A,gene_assignment,True
8043630,AY358167,gene_assignment,True
8043632,FER1L5,gene_assignment,True
8043639,FER1L5,gene_assignment,True
8043657,CNNM4,gene_assignment,True
8043666,CNNM3,gene_assignment,True
8043682,,,False
8043687,ANKRD36,gene_assignment,True
8043697,ANKRD36B,gene_assignment,True
8043718,COX5B,gene_assignment,True
8043725,ZAP70,gene_assignment,True
8043743,,,False
8043745,,,False
8043747,VWA3B,gene_assignment,True
8043782,CNGA3,gene_assignment,True
8043791,INPP4A,gene_assignment,True
8043820,UNC50,gene_assignment,True
8043833,,,False
8043835,BC021264,gene_assignment,True
8043840,LIPT1,gene_assignment,True
8043848,MRPL30,gene_assignment,True
8043861,EIF5B,gene_assignment,True
8043890,NMS,gene_assignment,True
8043900,,,False
8043902,PDCL3,gene_assignment,True
8043909,NPAS2,gene_assignment,True
8043932,RPL31,gene_assignment,True
8043937,C2ORF29,gene_assignment,True
8043945,MAP4K4,gene_assignment,True
8043981,IL1R2,gene_assignment,True
8043993,AY358263,gene_assignment,True
8043995,IL1R1,gene_assignment,True
8044008,IL1RL2,gene_assignment,True
8044021,IL1RL1,gene_assignment,True
8044035,IL18R1,gene_assignment,True
8044049,IL18RAP,gene_assignment,True
8044067,SLC9A4,gene_assignment,True
8044080,SLC9A2,gene_assignment,True
8044094,TMEM182,gene_assignment,True
8044105,,,False
8044107,,,False
8044109,POU3F3,gene_assignment,True
8044111,MRPS9,gene_assignment,True
8044124,GPR45,gene_assignment,True
8044127,C2ORF49,gene_assignment,True
8044133,NCK2,gene_assignment,True
8044143,C2ORF40,gene_assignment,True
8044149,PLGLA,gene_assignment,True
8044154,CD8B,gene_assignment,True
8044161,RGPD4,gene_assignment,True
8044189,,,False
8044191,SLC5A7,gene_assignment,True
8044204,SULT1C3,gene_assignment,True
8044212,SULT1C2,gene_assignment,True
8044225,SULT1C4,gene_assignment,True
8044236,GCC2,gene_assignment,True
8044258,LIMS1,gene_assignment,True
8044263,RANBP2,gene_assignment,True
8044278,CCDC138,gene_assignment,True
8044295,SH3RF3,gene_assignment,True
8044301,ANKRD57,gene_assignment,True
8044304,RGPD6,gene_assignment,True
8044333,LIMS3,gene_assignment,True
8044346,LOC151009,gene_assignment,True
8044351,CR590757,gene_assignment,True
8044353,ACOXL,gene_assignment,True
8044375,BCL2L11,gene_assignment,True
8044391,MERTK,gene_assignment,True
8044417,TMEM87B,gene_assignment,True
8044440,FBLN7,gene_assignment,True
8044450,ZC3H6,gene_assignment,True
8044462,TTL,gene_assignment,True
8044473,POLR1B,gene_assignment,True
8044491,CHCHD5,gene_assignment,True
8044499,SLC20A1,gene_assignment,True
8044512,BC041437,gene_assignment,True
8044530,,,False
8044532,IL1F7,gene_assignment,True
8044541,IL1F9,gene_assignment,True
8044548,IL1F6,gene_assignment,True
8044552,IL1F5,gene_assignment,True
8044563,IL1F10,gene_assignment,True
8044572,,,False
8044574,IL1RN,gene_assignment,True
8044584,PSD4,gene_assignment,True
8044605,LOC654433,gene_assignment,True
8044611,,,False
8044613,CBWD1,gene_assignment,True
8044634,FOXD4L1,gene_assignment,True
8044640,PGM5,gene_assignment,True
8044643,FAM138B,gene_assignment,True
8044649,WASH2P,gene_assignment,True
8044669,RABL2A,gene_assignment,True
8044682,,,False
8044684,,,False
8044686,ACTR3,gene_assignment,True
8044698,,,False
8044700,DPP10,gene_assignment,True
8044731,,,False
8044733,,,False
8044745,DDX18,gene_assignment,True
8044760,,,False
8044764,,,False
8044766,INSIG2,gene_assignment,True
8044773,MARCO,gene_assignment,True
8044791,,,False
8044793,STEAP3,gene_assignment,True
8044804,DBI,gene_assignment,True
8044813,TMEM37,gene_assignment,True
8044818,PCDP1,gene_assignment,True
8044844,TMEM177,gene_assignment,True
8044849,PTPN4,gene_assignment,True
8044880,,,False
8044882,EPB41L5,gene_assignment,True
8044909,,,False
8044919,RALB,gene_assignment,True
8044927,INHBB,gene_assignment,True
8044931,,,False
8044933,GLI2,gene_assignment,True
8044961,RNU4ATAC,gene_assignment,True
8044965,TSN,gene_assignment,True
8044976,CNTNAP5,gene_assignment,True
8045005,,,False
8045007,,,False
8045009,GYPC,gene_assignment,True
8045018,PROC,gene_assignment,True
8045028,,,False
8045030,MYO7B,gene_assignment,True
8045075,GPR17,gene_assignment,True
8045083,SFT2D3,gene_assignment,True
8045086,,,False
8045088,,,False
8045090,UGGT1,gene_assignment,True
8045134,,,False
8045136,RAB6C,gene_assignment,True
8045142,MZT2B,gene_assignment,True
8045146,AK024408,gene_assignment,True
8045148,ENST00000427024,gene_assignment,True
8045171,IMP4,gene_assignment,True
8045182,PTPN18,gene_assignment,True
8045198,CFC1B,gene_assignment,True
8045205,LOC150527,gene_assignment,True
8045208,POTEE,gene_assignment,True
8045210,C2ORF14,gene_assignment,True
8045216,GPR148,gene_assignment,True
8045224,FAM123C,gene_assignment,True
8045229,ARHGEF4,gene_assignment,True
8045247,PLEKHB2,gene_assignment,True
8045257,POTEE,gene_assignment,True
8045275,,,False
8045289,RHOQ,gene_assignment,True
8045291,TUBA3D,gene_assignment,True
8045301,SMPD4,gene_assignment,True
8045309,CCDC74A,gene_assignment,True
8045319,,,False
8045321,POTEKP,gene_assignment,True
8045323,C2ORF27A,gene_assignment,True
8045330,LOC441666,gene_assignment,True
8045332,FAM201B,gene_assignment,True
8045334,,,False
8045336,GPR39,gene_assignment,True
8045339,,,False
8045341,,,False
8045345,,,False
8045347,,,False
8045349,MGAT5,gene_assignment,True
8045368,ACMSD,gene_assignment,True
8045381,CCNT2,gene_assignment,True
8045398,RAB3GAP1,gene_assignment,True
8045423,SNORA40,gene_assignment,True
8045425,R3HDM1,gene_assignment,True
8045453,MIR128-1,gene_assignment,True
8045455,UBXN4,gene_assignment,True
8045470,THSD7B,gene_assignment,True
8045497,,,False
8045499,HNMT,gene_assignment,True
8045514,SPOPL,gene_assignment,True
8045525,,,False
8045537,,,False
8045539,KYNU,gene_assignment,True
8045563,ARHGAP15,gene_assignment,True
8045577,,,False
8045581,PABPC1P2,gene_assignment,True
8045583,,,False
8045585,,,False
8045587,ACVR2A,gene_assignment,True
8045602,,,False
8045604,MBD5,gene_assignment,True
8045619,EPC2,gene_assignment,True
8045637,KIF5C,gene_assignment,True
8045664,LYPD6B,gene_assignment,True
8045674,LYPD6,gene_assignment,True
8045688,TNFAIP6,gene_assignment,True
8045697,RIF1,gene_assignment,True
8045736,FMNL2,gene_assignment,True
8045768,ARL6IP6,gene_assignment,True
8045776,GALNT13,gene_assignment,True
8045793,,,False
8045795,KCNJ3,gene_assignment,True
8045812,,,False
8045814,,,False
8045816,GPD2,gene_assignment,True
8045835,GALNT5,gene_assignment,True
8045846,,,False
8045848,UPP2,gene_assignment,True
8045857,,,False
8045860,PKP4,gene_assignment,True
8045882,DAPL1,gene_assignment,True
8045887,MGC72080,gene_assignment,True
8045889,TANC1,gene_assignment,True
8045919,MARCH7,gene_assignment,True
8045931,,,False
8045933,TANK,gene_assignment,True
8045946,PSMD14,gene_assignment,True
8045962,TBR1,gene_assignment,True
8045972,,,False
8045974,SLC4A10,gene_assignment,True
8046003,GCA,gene_assignment,True
8046012,,,False
8046014,,,False
8046016,,,False
8046018,,,False
8046020,SCN2A,gene_assignment,True
8046048,CSRNP3,gene_assignment,True
8046060,,,False
8046062,XIRP2,gene_assignment,True
8046078,B3GALT1,gene_assignment,True
8046084,,,False
8046086,LASS6,gene_assignment,True
8046099,NOSTRIN,gene_assignment,True
8046116,G6PC2,gene_assignment,True
8046124,DHRS9,gene_assignment,True
8046147,BBS5,gene_assignment,True
8046160,KBTBD10,gene_assignment,True
8046169,PPIG,gene_assignment,True
8046186,KLHL23,gene_assignment,True
8046199,,,False
8046201,SSB,gene_assignment,True
8046213,UBR3,gene_assignment,True
8046238,MYO3B,gene_assignment,True
8046276,SP5,gene_assignment,True
8046279,,,False
8046281,,,False
8046283,GAD1,gene_assignment,True
8046306,GORASP2,gene_assignment,True
8046318,DCAF17,gene_assignment,True
8046333,CYBRD1,gene_assignment,True
8046340,DYNC1I2,gene_assignment,True
8046346,HAT1,gene_assignment,True
8046360,METAP1D,gene_assignment,True
8046373,DLX1,gene_assignment,True
8046380,ITGA6,gene_assignment,True
8046408,PDK1,gene_assignment,True
8046426,,,False
8046428,RAPGEF4,gene_assignment,True
8046461,ZAK,gene_assignment,True
8046488,CDCA7,gene_assignment,True
8046500,,,False
8046502,SCRN3,gene_assignment,True
8046512,,,False
8046515,H3F3A,gene_assignment,True
8046518,,,False
8046520,,,False
8046522,,,False
8046524,HOXD13,gene_assignment,True
8046527,HOXD12,gene_assignment,True
8046530,HOXD11,gene_assignment,True
8046536,HOXD10,gene_assignment,True
8046542,HOXD9,gene_assignment,True
8046546,HOXD8,gene_assignment,True
8046553,MIR10B,gene_assignment,True
8046555,HOXD4,gene_assignment,True
8046560,HOXD3,gene_assignment,True
8046564,HOXD1,gene_assignment,True
8046573,MTX2,gene_assignment,True
8046588,,,False
8046590,HNRNPA3,gene_assignment,True
8046604,AGPS,gene_assignment,True
8046626,,,False
8046628,RBM45,gene_assignment,True
8046644,,,False
8046646,OSBPL6,gene_assignment,True
8046680,PLEKHA3,gene_assignment,True
8046685,UBE2E3,gene_assignment,True
8046695,ITGA4,gene_assignment,True
8046726,SSFA2,gene_assignment,True
8046746,PPP1R1C,gene_assignment,True
8046755,,,False
8046759,DNAJC10,gene_assignment,True
8046788,,,False
8046790,,,False
8046792,DUSP19,gene_assignment,True
8046804,NUP35,gene_assignment,True
8046815,ZNF804A,gene_assignment,True
8046822,,,False
8046824,FSIP2,gene_assignment,True
8046833,FSIP2,gene_assignment,True
8046836,FSIP2,gene_assignment,True
8046848,ZC3H15,gene_assignment,True
8046861,ITGAV,gene_assignment,True
8046895,FAM171B,gene_assignment,True
8046906,GULP1,gene_assignment,True
8046922,COL3A1,gene_assignment,True
8046975,WDR75,gene_assignment,True
8046997,ASNSD1,gene_assignment,True
8047006,ANKAR,gene_assignment,True
8047036,,,False
8047038,PMS1,gene_assignment,True
8047059,HNRNPC,gene_assignment,True
8047062,C2ORF88,gene_assignment,True
8047069,INPP1,gene_assignment,True
8047078,MFSD6,gene_assignment,True
8047086,NAB1,gene_assignment,True
8047097,GLS,gene_assignment,True
8047125,,,False
8047127,MYO1B,gene_assignment,True
8047161,OBFC2A,gene_assignment,True
8047172,,,False
8047174,SLC39A10,gene_assignment,True
8047185,,,False
8047187,CCDC150,gene_assignment,True
8047213,,,False
8047215,,,False
8047217,COQ10B,gene_assignment,True
8047223,HSPE1,gene_assignment,True
8047228,MOBKL3,gene_assignment,True
8047243,MARS2,gene_assignment,True
8047248,PLCL1,gene_assignment,True
8047257,FLJ32063,gene_assignment,True
8047262,C2ORF69,gene_assignment,True
8047265,C2ORF47,gene_assignment,True
8047272,SPATS2L,gene_assignment,True
8047286,,,False
8047288,SGOL2,gene_assignment,True
8047300,AOX1,gene_assignment,True
8047337,,,False
8047339,BZW1,gene_assignment,True
8047356,NIF3L1,gene_assignment,True
8047370,,,False
8047372,NDUFB3,gene_assignment,True
8047381,CFLAR,gene_assignment,True
8047401,,,False
8047403,CASP10,gene_assignment,True
8047419,CASP8,gene_assignment,True
8047441,,,False
8047443,STRADB,gene_assignment,True
8047465,,,False
8047467,CDK15,gene_assignment,True
8047485,,,False
8047487,FZD7,gene_assignment,True
8047492,AK297413,gene_assignment,True
8047503,,,False
8047505,BC118982,gene_assignment,True
8047518,NOP58,gene_assignment,True
8047536,,,False
8047538,BMPR2,gene_assignment,True
8047565,FAM117B,gene_assignment,True
8047577,ALS2CR8,gene_assignment,True
8047596,NBEAL1,gene_assignment,True
8047606,NBEAL1,gene_assignment,True
8047635,RPL12,gene_assignment,True
8047641,CYP20A1,gene_assignment,True
8047659,ABI2,gene_assignment,True
8047677,CD28,gene_assignment,True
8047690,,,False
8047692,CTLA4,gene_assignment,True
8047702,ICOS,gene_assignment,True
8047709,PARD3B,gene_assignment,True
8047738,NRP2,gene_assignment,True
8047763,,,False
8047765,,,False
8047767,,,False
8047769,,,False
8047771,EEF1B2,gene_assignment,True
8047778,SNORD51,gene_assignment,True
8047780,SNORA41,gene_assignment,True
8047782,,,False
8047784,ZDBF2,gene_assignment,True
8047788,ADAM23,gene_assignment,True
8047815,FASTKD2,gene_assignment,True
8047829,CPO,gene_assignment,True
8047839,CREB1,gene_assignment,True
8047852,,,False
8047854,CCNYL1,gene_assignment,True
8047865,PIKFYVE,gene_assignment,True
8047910,PTH2R,gene_assignment,True
8047926,MAP2,gene_assignment,True
8047952,UNC80,gene_assignment,True
8047963,,,False
8047965,UNC80,gene_assignment,True
8048014,RPE,gene_assignment,True
8048022,,,False
8048024,,,False
8048026,CPS1,gene_assignment,True
8048071,CPS1-IT,gene_assignment,True
8048075,,,False
8048081,SPAG16,gene_assignment,True
8048112,VWC2L,gene_assignment,True
8048114,,,False
8048116,,,False
8048118,,,False
8048120,ATIC,gene_assignment,True
8048139,FN1,gene_assignment,True
8048141,TMEM169,gene_assignment,True
8048146,XRCC5,gene_assignment,True
8048171,AK125369,gene_assignment,True
8048173,,,False
8048175,SMARCAL1,gene_assignment,True
8048195,RPL37A,gene_assignment,True
8048205,IGFBP2,gene_assignment,True
8048211,RUFY4,gene_assignment,True
8048227,CXCR2,gene_assignment,True
8048234,ARPC2,gene_assignment,True
8048249,GPBAR1,gene_assignment,True
8048257,PNKD,gene_assignment,True
8048272,BC052750,gene_assignment,True
8048283,SLC11A1,gene_assignment,True
8048304,CTDSP1,gene_assignment,True
8048317,MIR26B,gene_assignment,True
8048319,VIL1,gene_assignment,True
8048340,RQCD1,gene_assignment,True
8048350,PLCD4,gene_assignment,True
8048368,,,False
8048370,BCS1L,gene_assignment,True
8048381,STK36,gene_assignment,True
8048411,TTLL4,gene_assignment,True
8048432,CYP27A1,gene_assignment,True
8048445,WNT6,gene_assignment,True
8048452,WNT10A,gene_assignment,True
8048460,CDK5R2,gene_assignment,True
8048466,,,False
8048468,FAM134A,gene_assignment,True
8048478,ZFAND2B,gene_assignment,True
8048489,ANKZF1,gene_assignment,True
8048505,STK16,gene_assignment,True
8048518,TUBA4B,gene_assignment,True
8048523,DNAJB2,gene_assignment,True
8048541,DES,gene_assignment,True
8048551,SPEG,gene_assignment,True
8048595,GMPPA,gene_assignment,True
8048611,ACCN4,gene_assignment,True
8048628,TMEM198,gene_assignment,True
8048639,INHA,gene_assignment,True
8048647,STK11IP,gene_assignment,True
8048673,SLC4A3,gene_assignment,True
8048699,,,False
8048701,,,False
8048703,LLPH,gene_assignment,True
8048707,CCDC140,gene_assignment,True
8048712,,,False
8048715,,,False
8048717,SGPP2,gene_assignment,True
8048723,,,False
8048725,MOGAT1,gene_assignment,True
8048733,ACSL3,gene_assignment,True
8048749,KCNE4,gene_assignment,True
8048752,MRPL44,gene_assignment,True
8048763,KIAA1486,gene_assignment,True
8048772,RHBDD1,gene_assignment,True
8048782,COL4A3,gene_assignment,True
8048835,MFF,gene_assignment,True
8048847,AGFG1,gene_assignment,True
8048864,CCL20,gene_assignment,True
8048870,WDR69,gene_assignment,True
8048885,,,False
8048887,,,False
8048889,FBXO36,gene_assignment,True
8048896,,,False
8048898,SP140,gene_assignment,True
8048926,SP140L,gene_assignment,True
8048940,SP100,gene_assignment,True
8048976,,,False
8048978,,,False
8048980,CAB39,gene_assignment,True
8048993,,,False
8048995,ITM2C,gene_assignment,True
8049007,SPATA3,gene_assignment,True
8049016,PSMD1,gene_assignment,True
8049042,,,False
8049044,ARMC9,gene_assignment,True
8049075,B3GNT7,gene_assignment,True
8049079,C2ORF57,gene_assignment,True
8049083,PTMA,gene_assignment,True
8049088,COPS7B,gene_assignment,True
8049097,DIS3L2,gene_assignment,True
8049123,ALPP,gene_assignment,True
8049128,ALPPL2,gene_assignment,True
8049137,ALPI,gene_assignment,True
8049152,CHRND,gene_assignment,True
8049166,CHRNG,gene_assignment,True
8049180,EIF4E2,gene_assignment,True
8049187,EFHD1,gene_assignment,True
8049197,,,False
8049199,GIGYF2,gene_assignment,True
8049237,,,False
8049239,AY358535,gene_assignment,True
8049243,NEU2,gene_assignment,True
8049246,INPP5D,gene_assignment,True
8049271,ATG16L1,gene_assignment,True
8049297,SCARNA5,gene_assignment,True
8049299,SCARNA6,gene_assignment,True
8049301,SAG,gene_assignment,True
8049317,DGKD,gene_assignment,True
8049349,UGT1A1,gene_assignment,True
8049375,ENST00000396517,gene_assignment,True
8049394,TRPM8,gene_assignment,True
8049425,SPP2,gene_assignment,True
8049435,SH3BP4,gene_assignment,True
8049448,AGAP1,gene_assignment,True
8049471,CXCR7,gene_assignment,True
8049478,COPS8,gene_assignment,True
8049487,MLPH,gene_assignment,True
8049509,PRLH,gene_assignment,True
8049512,LRRFIP1,gene_assignment,True
8049528,LRRFIP1,gene_assignment,True
8049530,LRRFIP1,gene_assignment,True
8049532,LRRFIP1,gene_assignment,True
8049534,LRRFIP1,gene_assignment,True
8049536,LRRFIP1,gene_assignment,True
8049538,LRRFIP1,gene_assignment,True
8049540,LRRFIP1,gene_assignment,True
8049542,LRRFIP1,gene_assignment,True
8049544,LRRFIP1,gene_assignment,True
8049552,RBM44,gene_assignment,True
8049567,RAMP1,gene_assignment,True
8049574,UBE2F,gene_assignment,True
8049582,SCLY,gene_assignment,True
8049598,ESPNL,gene_assignment,True
8049610,KLHL30,gene_assignment,True
8049620,BC047423,gene_assignment,True
8049635,TRAF3IP1,gene_assignment,True
8049655,,,False
8049657,ASB1,gene_assignment,True
8049665,,,False
8049667,AK127861,gene_assignment,True
8049670,GPC1,gene_assignment,True
8049682,MIR149,gene_assignment,True
8049684,DUSP28,gene_assignment,True
8049689,RNPEPL1,gene_assignment,True
8049702,CAPN10,gene_assignment,True
8049722,GPR35,gene_assignment,True
8049729,AQP12A,gene_assignment,True
8049737,AGXT,gene_assignment,True
8049752,SNED1,gene_assignment,True
8049784,PPP1R7,gene_assignment,True
8049799,ANO7,gene_assignment,True
8049825,HDLBP,gene_assignment,True
8049827,SEPT2,gene_assignment,True
8049847,FARP2,gene_assignment,True
8049876,BOK,gene_assignment,True
8049888,ATG4B,gene_assignment,True
8049906,ING5,gene_assignment,True
8049919,D2HGDH,gene_assignment,True
8049934,GAL3ST2,gene_assignment,True
8049942,NEU4,gene_assignment,True
8049950,AK094921,gene_assignment,True
8049952,C2ORF85,gene_assignment,True
8049957,AK095698,gene_assignment,True
8049959,AK123321,gene_assignment,True
8049961,ENST00000276326,gene_assignment,True
8049963,BC032332,gene_assignment,True
8049965,FAM110C,gene_assignment,True
8049969,SH3YL1,gene_assignment,True
8049990,FAM150B,gene_assignment,True
8049998,TMEM18,gene_assignment,True
8050007,PXDN,gene_assignment,True
8050031,MYT1L,gene_assignment,True
8050060,TSSC1,gene_assignment,True
8050071,ADI1,gene_assignment,True
8050079,RNASEH1,gene_assignment,True
8050089,BC104197,gene_assignment,True
8050095,AK124409,gene_assignment,True
8050102,CMPK2,gene_assignment,True
8050111,,,False
8050113,AK125905,gene_assignment,True
8050115,C2ORF46,gene_assignment,True
8050128,KIDINS220,gene_assignment,True
8050160,MBOAT2,gene_assignment,True
8050176,ITGB1BP1,gene_assignment,True
8050190,ADAM17,gene_assignment,True
8050213,,,False
8050215,YWHAQ,gene_assignment,True
8050225,,,False
8050227,AY358123,gene_assignment,True
8050232,CYS1,gene_assignment,True
8050236,,,False
8050238,,,False
8050240,ODC1,gene_assignment,True
8050253,SNORA80B,gene_assignment,True
8050255,NOL10,gene_assignment,True
8050278,PDIA6,gene_assignment,True
8050293,AK090853,gene_assignment,True
8050302,ROCK2,gene_assignment,True
8050336,E2F6,gene_assignment,True
8050350,,,False
8050352,NTSR2,gene_assignment,True
8050363,,,False
8050367,NBAS,gene_assignment,True
8050423,MYCNOS,gene_assignment,True
8050427,FAM49A,gene_assignment,True
8050441,,,False
8050443,SMC6,gene_assignment,True
8050472,,,False
8050474,RDH14,gene_assignment,True
8050480,NT5C1B,gene_assignment,True
8050495,,,False
8050497,OSR1,gene_assignment,True
8050503,TTC32,gene_assignment,True
8050507,WDR35,gene_assignment,True
8050537,MATN3,gene_assignment,True
8050548,LAPTM4A,gene_assignment,True
8050557,SDC1,gene_assignment,True
8050565,PUM2,gene_assignment,True
8050591,NDUFAF2,gene_assignment,True
8050594,HS1BP3,gene_assignment,True
8050608,BC017473,gene_assignment,True
8050619,APOB,gene_assignment,True
8050654,,,False
8050656,,,False
8050658,ATAD2B,gene_assignment,True
8050687,,,False
8050689,C2ORF44,gene_assignment,True
8050695,SF3B14,gene_assignment,True
8050702,TP53I3,gene_assignment,True
8050713,PFN4,gene_assignment,True
8050719,ITSN2,gene_assignment,True
8050761,,,False
8050763,ENST00000380834,gene_assignment,True
8050766,ADCY3,gene_assignment,True
8050790,DNAJC27,gene_assignment,True
8050801,,,False
8050803,,,False
8050805,POMC,gene_assignment,True
8050813,DNMT3A,gene_assignment,True
8050844,AF052121,gene_assignment,True
8050846,DTNB,gene_assignment,True
8050869,,,False
8050873,,,False
8050875,ASXL2,gene_assignment,True
8050894,KIF3C,gene_assignment,True
8050906,,,False
8050908,HADHA,gene_assignment,True
8050924,GPR113,gene_assignment,True
8050942,OTOF,gene_assignment,True
8050993,CIB4,gene_assignment,True
8051001,CGREF1,gene_assignment,True
8051012,PREB,gene_assignment,True
8051024,C2ORF53,gene_assignment,True
8051028,,,False
8051030,SLC5A6,gene_assignment,True
8051050,SLC30A3,gene_assignment,True
8051061,UCN,gene_assignment,True
8051066,MPV17,gene_assignment,True
8051075,GTF3C2,gene_assignment,True
8051097,EIF2B4,gene_assignment,True
8051113,ZNF513,gene_assignment,True
8051119,PPM1G,gene_assignment,True
8051133,FTH1P3,gene_assignment,True
8051135,IFT172,gene_assignment,True
8051185,,,False
8051187,FNDC4,gene_assignment,True
8051197,CCDC121,gene_assignment,True
8051202,,,False
8051204,SUPT7L,gene_assignment,True
8051215,RBKS,gene_assignment,True
8051226,TRMT61B,gene_assignment,True
8051234,,,False
8051236,,,False
8051238,C2ORF71,gene_assignment,True
8051241,ALK,gene_assignment,True
8051273,,,False
8051275,CAPN13,gene_assignment,True
8051298,GALNT14,gene_assignment,True
8051319,,,False
8051322,XDH,gene_assignment,True
8051361,SRD5A2,gene_assignment,True
8051370,,,False
8051372,MEMO1,gene_assignment,True
8051387,DPY30,gene_assignment,True
8051394,,,False
8051396,NLRC4,gene_assignment,True
8051409,,,False
8051411,,,False
8051413,FAM98A,gene_assignment,True
8051422,MYADML,gene_assignment,True
8051427,FEZ2,gene_assignment,True
8051443,STRN,gene_assignment,True
8051464,HEATR5B,gene_assignment,True
8051501,EIF2AK2,gene_assignment,True
8051520,SULT6B1,gene_assignment,True
8051528,CEBPZ,gene_assignment,True
8051547,PRKD3,gene_assignment,True
8051569,,,False
8051573,CDC42EP3,gene_assignment,True
8051583,CYP1B1,gene_assignment,True
8051589,ATL2,gene_assignment,True
8051605,HNRPLL,gene_assignment,True
8051622,SRSF7,gene_assignment,True
8051637,DHX57,gene_assignment,True
8051666,,,False
8051668,LOC375196,gene_assignment,True
8051670,SOS1,gene_assignment,True
8051696,CDKL4,gene_assignment,True
8051707,MAP4K3,gene_assignment,True
8051746,THUMPD2,gene_assignment,True
8051762,SLC8A1,gene_assignment,True
8051773,,,False
8051775,,,False
8051777,COX7A2L,gene_assignment,True
8051785,KCNG3,gene_assignment,True
8051793,OXER1,gene_assignment,True
8051799,HAAO,gene_assignment,True
8051812,,,False
8051814,ZFP36L2,gene_assignment,True
8051820,THADA,gene_assignment,True
8051862,,,False
8051864,LOC728819,gene_assignment,True
8051866,ABCG5,gene_assignment,True
8051882,LRPPRC,gene_assignment,True
8051926,,,False
8051928,PREPL,gene_assignment,True
8051949,SIX2,gene_assignment,True
8051956,UNQ6975,gene_assignment,True
8051963,SRBD1,gene_assignment,True
8051985,,,False
8051987,,,False
8051989,ATP6V1E2,gene_assignment,True
8051993,PIGF,gene_assignment,True
8051998,MCFD2,gene_assignment,True
8052004,C2ORF61,gene_assignment,True
8052010,CALM2,gene_assignment,True
8052016,,,False
8052018,KCNK12,gene_assignment,True
8052022,,,False
8052024,FBXO11,gene_assignment,True
8052056,,,False
8052058,LHCGR,gene_assignment,True
8052072,FSHR,gene_assignment,True
8052087,,,False
8052089,,,False
8052091,NRXN1,gene_assignment,True
8052119,,,False
8052121,,,False
8052123,,,False
8052125,ASB3,gene_assignment,True
8052141,,,False
8052143,GPR75,gene_assignment,True
8052149,PSME4,gene_assignment,True
8052200,TSPYL6,gene_assignment,True
8052204,RTN4,gene_assignment,True
8052231,,,False
8052233,C2ORF63,gene_assignment,True
8052250,MTIF2,gene_assignment,True
8052269,CCDC88A,gene_assignment,True
8052303,,,False
8052305,,,False
8052307,SMEK2,gene_assignment,True
8052331,PNPT1,gene_assignment,True
8052355,EFEMP1,gene_assignment,True
8052370,,,False
8052372,MIR217,gene_assignment,True
8052374,MIR216A,gene_assignment,True
8052376,CCDC85A,gene_assignment,True
8052380,,,False
8052382,FANCL,gene_assignment,True
8052399,BCL11A,gene_assignment,True
8052413,,,False
8052418,PUS10,gene_assignment,True
8052438,LOC339803,gene_assignment,True
8052443,USP34,gene_assignment,True
8052524,SNORA70B,gene_assignment,True
8052526,XPO1,gene_assignment,True
8052554,FAM161A,gene_assignment,True
8052562,CCT4,gene_assignment,True
8052583,,,False
8052585,TMEM17,gene_assignment,True
8052594,ELP1P,gene_assignment,True
8052598,C2ORF86,gene_assignment,True
8052620,ENST00000448143,gene_assignment,True
8052622,,,False
8052624,UGP2,gene_assignment,True
8052626,VPS54,gene_assignment,True
8052654,PELI1,gene_assignment,True
8052667,,,False
8052669,SERTAD2,gene_assignment,True
8052674,,,False
8052678,,,False
8052680,RAB1A,gene_assignment,True
8052689,SPRED2,gene_assignment,True
8052696,,,False
8052698,C1D,gene_assignment,True
8052703,WDR92,gene_assignment,True
8052719,PNO1,gene_assignment,True
8052721,PPP3R1,gene_assignment,True
8052731,ENST00000406334,gene_assignment,True
8052733,ENST00000406334,gene_assignment,True
8052735,CNRIP1,gene_assignment,True
8052742,FBXO48,gene_assignment,True
8052747,BMP10,gene_assignment,True
8052753,GKN2,gene_assignment,True
8052762,GFPT1,gene_assignment,True
8052784,NFU1,gene_assignment,True
8052798,AAK1,gene_assignment,True
8052803,AAK1,gene_assignment,True
8052826,SNORA36C,gene_assignment,True
8052828,ASPRV1,gene_assignment,True
8052834,BC005079,gene_assignment,True
8052845,TIA1,gene_assignment,True
8052861,SNRPG,gene_assignment,True
8052866,FAM136A,gene_assignment,True
8052872,TGFA,gene_assignment,True
8052882,ADD2,gene_assignment,True
8052902,FIGLA,gene_assignment,True
8052908,CLEC4F,gene_assignment,True
8052916,CD207,gene_assignment,True
8052925,TEX261,gene_assignment,True
8052934,MCEE,gene_assignment,True
8052940,PAIP2B,gene_assignment,True
8052945,,,False
8052947,CYP26B1,gene_assignment,True
8052956,EXOC6B,gene_assignment,True
8052979,SFXN5,gene_assignment,True
8052994,RAB11FIP5,gene_assignment,True
8053004,C2ORF7,gene_assignment,True
8053009,FBXO41,gene_assignment,True
8053022,EGR4,gene_assignment,True
8053025,NAT8,gene_assignment,True
8053030,NAT8B,gene_assignment,True
8053036,TPRKB,gene_assignment,True
8053046,DUSP11,gene_assignment,True
8053057,,,False
8053059,BOLA3,gene_assignment,True
8053064,MOBKL1B,gene_assignment,True
8053073,SLC4A5,gene_assignment,True
8053107,DCTN1,gene_assignment,True
8053139,C2ORF81,gene_assignment,True
8053142,RTKN,gene_assignment,True
8053158,MOGS,gene_assignment,True
8053165,MRPL53,gene_assignment,True
8053171,CCDC142,gene_assignment,True
8053183,LBX2,gene_assignment,True
8053187,PCGF1,gene_assignment,True
8053200,DQX1,gene_assignment,True
8053214,AUP1,gene_assignment,True
8053231,LOXL3,gene_assignment,True
8053248,BC025997,gene_assignment,True
8053263,SEMA4F,gene_assignment,True
8053266,TACR1,gene_assignment,True
8053276,,,False
8053278,FAM176A,gene_assignment,True
8053288,C2ORF3,gene_assignment,True
8053311,,,False
8053315,LRRTM4,gene_assignment,True
8053325,,,False
8053330,REG1B,gene_assignment,True
8053337,REG1P,gene_assignment,True
8053341,REG3A,gene_assignment,True
8053349,LRRTM1,gene_assignment,True
8053360,,,False
8053366,SUCLG1,gene_assignment,True
8053379,AK296608,gene_assignment,True
8053386,,,False
8053388,TGOLN2,gene_assignment,True
8053404,,,False
8053406,RETSAT,gene_assignment,True
8053417,CAPG,gene_assignment,True
8053427,,,False
8053429,GGCX,gene_assignment,True
8053447,,,False
8053449,TMEM150A,gene_assignment,True
8053458,C2ORF68,gene_assignment,True
8053467,SFTPB,gene_assignment,True
8053480,,,False
8053484,ST3GAL5,gene_assignment,True
8053496,POLR1A,gene_assignment,True
8053533,IMMT,gene_assignment,True
8053549,,,False
8053551,REEP1,gene_assignment,True
8053560,,,False
8053562,VPS24,gene_assignment,True
8053574,,,False
8053576,RNF103,gene_assignment,True
8053584,CD8A,gene_assignment,True
8053594,CD8B,gene_assignment,True
8053599,WBP1,gene_assignment,True
8053602,PLGLB2,gene_assignment,True
8053610,ANAPC1,gene_assignment,True
8053622,RGPD1,gene_assignment,True
8053646,,,False
8053648,KRCC1,gene_assignment,True
8053654,FABP1,gene_assignment,True
8053662,,,False
8053664,,,False
8053666,,,False
8053668,EIF2AK3,gene_assignment,True
8053690,BC032451,gene_assignment,True
8053710,,,False
8053713,,,False
8053715,,,False
8053718,ENST00000390264,gene_assignment,True
8053720,,,False
8053722,LOC654342,gene_assignment,True
8053725,DRD5,gene_assignment,True
8053728,DRD5,gene_assignment,True
8053731,AK095105,gene_assignment,True
8053733,SETD8,gene_assignment,True
8053735,,,False
8053737,ANKRD20B,gene_assignment,True
8053741,ANKRD20B,gene_assignment,True
8053744,ANKRD20B,gene_assignment,True
8053751,,,False
8053753,TEKT4,gene_assignment,True
8053761,,,False
8053763,MRPS5,gene_assignment,True
8053775,ZNF514,gene_assignment,True
8053785,UBTFL1,gene_assignment,True
8053787,TRIM43,gene_assignment,True
8053797,ENST00000420871,gene_assignment,True
8053801,ANKRD36B,gene_assignment,True
8053834,ANKRD36B,gene_assignment,True
8053840,,,False
8053842,GPAT2,gene_assignment,True
8053869,ADRA2B,gene_assignment,True
8053872,ASTL,gene_assignment,True
8053882,DUSP2,gene_assignment,True
8053890,STARD7,gene_assignment,True
8053901,TMEM127,gene_assignment,True
8053909,SNRNP200,gene_assignment,True
8053944,NEURL3,gene_assignment,True
8053949,KIAA1310,gene_assignment,True
8053975,LMAN2L,gene_assignment,True
8053984,ANKRD23,gene_assignment,True
8053998,ANKRD39,gene_assignment,True
8054004,SEMA4C,gene_assignment,True
8054020,FAM178B,gene_assignment,True
8054039,,,False
8054041,TRIM43,gene_assignment,True
8054045,FAHD2B,gene_assignment,True
8054054,ANKRD36B,gene_assignment,True
8054064,ANKRD36B,gene_assignment,True
8054075,UBTFL1,gene_assignment,True
8054077,ACTR1B,gene_assignment,True
8054090,,,False
8054092,TMEM131,gene_assignment,True
8054131,BC047722,gene_assignment,True
8054135,MGAT4A,gene_assignment,True
8054154,C2ORF55,gene_assignment,True
8054166,TSGA10,gene_assignment,True
8054192,MITD1,gene_assignment,True
8054200,LYG2,gene_assignment,True
8054209,LYG1,gene_assignment,True
8054217,TXNDC9,gene_assignment,True
8054227,REV1,gene_assignment,True
8054254,AFF3,gene_assignment,True
8054281,LONRF2,gene_assignment,True
8054295,,,False
8054297,CHST10,gene_assignment,True
8054308,TBC1D8,gene_assignment,True
8054329,RNF149,gene_assignment,True
8054338,CREG2,gene_assignment,True
8054344,RFX8,gene_assignment,True
8054356,MFSD9,gene_assignment,True
8054364,TGFBRAP1,gene_assignment,True
8054377,FHL2,gene_assignment,True
8054393,,,False
8054395,UXS1,gene_assignment,True
8054412,,,False
8054414,RGPD3,gene_assignment,True
8054437,ANAPC1,gene_assignment,True
8054439,ST6GAL2,gene_assignment,True
8054449,AK095987,gene_assignment,True
8054451,EDAR,gene_assignment,True
8054465,,,False
8054467,SEPT10,gene_assignment,True
8054477,ENST00000415095,gene_assignment,True
8054479,MALL,gene_assignment,True
8054486,NPHP1,gene_assignment,True
8054511,BC064430,gene_assignment,True
8054513,LOC151009,gene_assignment,True
8054517,AK095678,gene_assignment,True
8054519,LIMS3,gene_assignment,True
8054532,RGPD5,gene_assignment,True
8054557,RGPD5,gene_assignment,True
8054580,BUB1,gene_assignment,True
8054607,AK125994,gene_assignment,True
8054611,NCRNA00152,gene_assignment,True
8054614,ANAPC1,gene_assignment,True
8054664,ZC3H8,gene_assignment,True
8054676,RGPD5,gene_assignment,True
8054702,CKAP2L,gene_assignment,True
8054712,IL1A,gene_assignment,True
8054722,IL1B,gene_assignment,True
8054731,IL1F8,gene_assignment,True
8054740,PAX8,gene_assignment,True
8054758,DDX11L2,gene_assignment,True
8054762,RPL23AP7,gene_assignment,True
8054766,ACR,gene_assignment,True
8054769,AY427952,gene_assignment,True
8054771,SLC35F5,gene_assignment,True
8054790,,,False
8054792,,,False
8054794,,,False
8054804,CCDC93,gene_assignment,True
8054831,EN1,gene_assignment,True
8054834,C1QL2,gene_assignment,True
8054837,BC126397,gene_assignment,True
8054846,SCTR,gene_assignment,True
8054862,TMEM185B,gene_assignment,True
8054866,LOC84931,gene_assignment,True
8054870,,,False
8054872,TFCP2L1,gene_assignment,True
8054888,CLASP1,gene_assignment,True
8054930,MKI67IP,gene_assignment,True
8054939,,,False
8054943,,,False
8054945,BIN1,gene_assignment,True
8054967,CYP27C1,gene_assignment,True
8054978,ERCC3,gene_assignment,True
8054995,AK127469,gene_assignment,True
8054997,MAP3K2,gene_assignment,True
8055016,,,False
8055021,IWS1,gene_assignment,True
8055038,LIMS2,gene_assignment,True
8055060,WDR33,gene_assignment,True
8055085,ENST00000408998,gene_assignment,True
8055087,,,False
8055089,POLR2D,gene_assignment,True
8055096,AMMECR1L,gene_assignment,True
8055104,SAP130,gene_assignment,True
8055130,HS6ST1,gene_assignment,True
8055137,,,False
8055139,AK056598,gene_assignment,True
8055143,BC144438,gene_assignment,True
8055151,POTEF,gene_assignment,True
8055153,POTEF,gene_assignment,True
8055173,CCDC74A,gene_assignment,True
8055183,SMPD4,gene_assignment,True
8055194,TUBA3E,gene_assignment,True
8055208,CCDC115,gene_assignment,True
8055214,C2ORF14,gene_assignment,True
8055220,POTEE,gene_assignment,True
8055222,POTEE,gene_assignment,True
8055234,,,False
8055236,LOC150527,gene_assignment,True
8055239,CFC1,gene_assignment,True
8055247,,,False
8055249,FAM168B,gene_assignment,True
8055261,RAB6C,gene_assignment,True
8055275,,,False
8055281,LOC401010,gene_assignment,True
8055284,ENST00000427024,gene_assignment,True
8055287,MZT2A,gene_assignment,True
8055291,BC043584,gene_assignment,True
8055294,,,False
8055297,ANKRD30BL,gene_assignment,True
8055303,,,False
8055305,,,False
8055314,LYPD1,gene_assignment,True
8055323,NCKAP5,gene_assignment,True
8055348,,,False
8055350,TMEM163,gene_assignment,True
8055361,YSK4,gene_assignment,True
8055377,ZRANB3,gene_assignment,True
8055402,,,False
8055404,UBXN4,gene_assignment,True
8055406,LCT,gene_assignment,True
8055424,,,False
8055426,MCM6,gene_assignment,True
8055445,DARS,gene_assignment,True
8055465,CXCR4,gene_assignment,True
8055474,,,False
8055476,YWHAE,gene_assignment,True
8055478,NXPH2,gene_assignment,True
8055482,,,False
8055494,,,False
8055496,LRP1B,gene_assignment,True
8055606,GTDC1,gene_assignment,True
8055624,ZEB2,gene_assignment,True
8055639,,,False
8055641,,,False
8055643,,,False
8055645,ORC4,gene_assignment,True
8055664,,,False
8055666,,,False
8055668,,,False
8055670,,,False
8055672,MMADHC,gene_assignment,True
8055680,,,False
8055682,AK057517,gene_assignment,True
8055688,RND3,gene_assignment,True
8055697,RBM43,gene_assignment,True
8055702,NMI,gene_assignment,True
8055711,NEB,gene_assignment,True
8055862,ARL5A,gene_assignment,True
8055872,CACNB4,gene_assignment,True
8055890,STAM2,gene_assignment,True
8055909,,,False
8055911,AF130063,gene_assignment,True
8055913,PRPF40A,gene_assignment,True
8055941,RPRM,gene_assignment,True
8055946,,,False
8055948,,,False
8055952,NR4A2,gene_assignment,True
8055965,,,False
8055967,,,False
8055969,ERMN,gene_assignment,True
8055978,FAM133B,gene_assignment,True
8055980,CYTIP,gene_assignment,True
8055992,ACVR1C,gene_assignment,True
8056005,ACVR1,gene_assignment,True
8056020,,,False
8056022,CCDC148,gene_assignment,True
8056043,,,False
8056045,,,False
8056047,WDSUB1,gene_assignment,True
8056060,BAZ2B,gene_assignment,True
8056100,,,False
8056102,CD302,gene_assignment,True
8056113,LY75,gene_assignment,True
8056151,PLA2R1,gene_assignment,True
8056184,ITGB6,gene_assignment,True
8056201,RBMS1,gene_assignment,True
8056206,RBMS1,gene_assignment,True
8056215,,,False
8056217,MXRA7,gene_assignment,True
8056220,AHCTF1,gene_assignment,True
8056222,DPP4,gene_assignment,True
8056250,GCG,gene_assignment,True
8056257,FAP,gene_assignment,True
8056285,IFIH1,gene_assignment,True
8056303,KCNH7,gene_assignment,True
8056323,FIGN,gene_assignment,True
8056327,GRB14,gene_assignment,True
8056343,COBLL1,gene_assignment,True
8056359,SNORA70F,gene_assignment,True
8056361,,,False
8056363,SLC38A11,gene_assignment,True
8056376,SCN3A,gene_assignment,True
8056408,GALNT3,gene_assignment,True
8056426,TTC21B,gene_assignment,True
8056457,SCN1A,gene_assignment,True
8056489,,,False
8056491,SCN9A,gene_assignment,True
8056518,SCN7A,gene_assignment,True
8056545,STK39,gene_assignment,True
8056570,,,False
8056572,SPC25,gene_assignment,True
8056583,ABCB11,gene_assignment,True
8056611,LRP2,gene_assignment,True
8056693,FASTKD1,gene_assignment,True
8056710,C2ORF77,gene_assignment,True
8056716,METTL5,gene_assignment,True
8056728,,,False
8056730,LOC440925,gene_assignment,True
8056734,TLK1,gene_assignment,True
8056753,METTL8,gene_assignment,True
8056763,,,False
8056766,SLC25A12,gene_assignment,True
8056784,DLX2,gene_assignment,True
8056790,,,False
8056792,,,False
8056794,,,False
8056798,SP3,gene_assignment,True
8056810,AK095037,gene_assignment,True
8056812,OLA1,gene_assignment,True
8056823,,,False
8056825,SP9,gene_assignment,True
8056829,CIR1,gene_assignment,True
8056837,GPR155,gene_assignment,True
8056860,WIPF1,gene_assignment,True
8056877,CHRNA1,gene_assignment,True
8056890,CHN1,gene_assignment,True
8056909,ATF2,gene_assignment,True
8056930,ATP5G3,gene_assignment,True
8056943,KIAA1715,gene_assignment,True
8056959,EVX2,gene_assignment,True
8056963,ENST00000313266,gene_assignment,True
8056966,AK092134,gene_assignment,True
8056968,BC013588,gene_assignment,True
8056972,,,False
8056975,,,False
8056977,NFE2L2,gene_assignment,True
8056983,LOC100130691,gene_assignment,True
8056993,,,False
8056995,TTC30B,gene_assignment,True
8056999,TTC30A,gene_assignment,True
8057004,PDE11A,gene_assignment,True
8057034,PRKRA,gene_assignment,True
8057045,FKBP7,gene_assignment,True
8057056,TTN,gene_assignment,True
8057377,CCDC141,gene_assignment,True
8057394,SESTD1,gene_assignment,True
8057416,,,False
8057418,ZNF385B,gene_assignment,True
8057439,,,False
8057441,CWC22,gene_assignment,True
8057463,CERKL,gene_assignment,True
8057480,NEUROD1,gene_assignment,True
8057486,PDE1A,gene_assignment,True
8057506,FRZB,gene_assignment,True
8057517,NCKAP1,gene_assignment,True
8057554,CACYBP,gene_assignment,True
8057557,,,False
8057559,AF119910,gene_assignment,True
8057561,,,False
8057563,ZSWIM2,gene_assignment,True
8057574,,,False
8057576,,,False
8057578,CALCRL,gene_assignment,True
8057599,TFPI,gene_assignment,True
8057613,,,False
8057615,DIRC1,gene_assignment,True
8057620,COL5A2,gene_assignment,True
8057677,SLC40A1,gene_assignment,True
8057689,OSGEPL1,gene_assignment,True
8057700,ORMDL1,gene_assignment,True
8057713,MSTN,gene_assignment,True
8057719,HIBCH,gene_assignment,True
8057732,TMEM194B,gene_assignment,True
8057736,TMEM194B,gene_assignment,True
8057744,STAT1,gene_assignment,True
8057771,STAT4,gene_assignment,True
8057797,SDPR,gene_assignment,True
8057803,TMEFF2,gene_assignment,True
8057819,,,False
8057821,DNAH7,gene_assignment,True
8057887,STK17B,gene_assignment,True
8057898,HECW2,gene_assignment,True
8057929,,,False
8057931,,,False
8057933,GTF3C3,gene_assignment,True
8057954,AY358249,gene_assignment,True
8057959,PGAP1,gene_assignment,True
8057990,ANKRD44,gene_assignment,True
8058024,SF3B1,gene_assignment,True
8058052,HSPD1,gene_assignment,True
8058063,RFTN2,gene_assignment,True
8058075,BOLL,gene_assignment,True
8058091,SATB2,gene_assignment,True
8058106,,,False
8058108,C2ORF60,gene_assignment,True
8058118,KCTD18,gene_assignment,True
8058127,CLK1,gene_assignment,True
8058147,PPIL3,gene_assignment,True
8058159,,,False
8058161,ORC2,gene_assignment,True
8058182,FAM126B,gene_assignment,True
8058201,,,False
8058203,ALS2CR12,gene_assignment,True
8058221,TRAK2,gene_assignment,True
8058238,ALS2CR11,gene_assignment,True
8058258,ALS2CR4,gene_assignment,True
8058273,MPP4,gene_assignment,True
8058295,ALS2,gene_assignment,True
8058333,,,False
8058335,SUMO1,gene_assignment,True
8058350,ICA1L,gene_assignment,True
8058373,WDR12,gene_assignment,True
8058386,,,False
8058390,RAPH1,gene_assignment,True
8058411,,,False
8058415,INO80D,gene_assignment,True
8058428,NDUFS1,gene_assignment,True
8058450,GPR1,gene_assignment,True
8058458,,,False
8058460,,,False
8058462,MDH1B,gene_assignment,True
8058477,KLF7,gene_assignment,True
8058486,FAM119A,gene_assignment,True
8058496,,,False
8058498,FZD5,gene_assignment,True
8058509,PLEKHM3,gene_assignment,True
8058512,PLEKHM3,gene_assignment,True
8058514,,,False
8058518,,,False
8058520,CRYGD,gene_assignment,True
8058524,CRYGC,gene_assignment,True
8058530,CRYGB,gene_assignment,True
8058535,CRYGA,gene_assignment,True
8058542,C2ORF80,gene_assignment,True
8058552,IDH1,gene_assignment,True
8058566,,,False
8058568,,,False
8058570,C2ORF67,gene_assignment,True
8058591,ACADL,gene_assignment,True
8058604,MYL1,gene_assignment,True
8058614,LANCL1,gene_assignment,True
8058627,ERBB4,gene_assignment,True
8058670,IKZF2,gene_assignment,True
8058695,BARD1,gene_assignment,True
8058708,ABCA12,gene_assignment,True
8058765,FN1,gene_assignment,True
8058824,MREG,gene_assignment,True
8058837,PECR,gene_assignment,True
8058849,MARCH4,gene_assignment,True
8058855,,,False
8058857,IGFBP5,gene_assignment,True
8058866,TNP1,gene_assignment,True
8058869,TNS1,gene_assignment,True
8058905,CXCR1,gene_assignment,True
8058912,,,False
8058914,AAMP,gene_assignment,True
8058927,TMBIM1,gene_assignment,True
8058940,USP37,gene_assignment,True
8058969,,,False
8058971,,,False
8058973,ZNF142,gene_assignment,True
8058985,RNF25,gene_assignment,True
8058997,PRKAG3,gene_assignment,True
8059012,,,False
8059014,FEV,gene_assignment,True
8059019,CRYBA2,gene_assignment,True
8059026,MIR375,gene_assignment,True
8059028,CCDC108,gene_assignment,True
8059067,IHH,gene_assignment,True
8059071,NHEJ1,gene_assignment,True
8059081,SLC23A3,gene_assignment,True
8059097,C2ORF24,gene_assignment,True
8059111,ABCB6,gene_assignment,True
8059139,ATG9A,gene_assignment,True
8059158,GLB1L,gene_assignment,True
8059177,TUBA4A,gene_assignment,True
8059186,PTPRN,gene_assignment,True
8059211,MIR153-1,gene_assignment,True
8059213,RESP18,gene_assignment,True
8059222,DNPEP,gene_assignment,True
8059244,CHPF,gene_assignment,True
8059249,OBSL1,gene_assignment,True
8059275,,,False
8059279,EPHA4,gene_assignment,True
8059301,PAX3,gene_assignment,True
8059319,FARSB,gene_assignment,True
8059339,,,False
8059341,,,False
8059345,SCG2,gene_assignment,True
8059350,AP1S3,gene_assignment,True
8059361,WDFY1,gene_assignment,True
8059376,SERPINE2,gene_assignment,True
8059387,FAM124B,gene_assignment,True
8059393,CUL3,gene_assignment,True
8059413,DOCK10,gene_assignment,True
8059470,IRS1,gene_assignment,True
8059475,,,False
8059477,COL4A4,gene_assignment,True
8059525,TM4SF20,gene_assignment,True
8059532,C2ORF83,gene_assignment,True
8059538,SLC19A3,gene_assignment,True
8059551,SPHKAP,gene_assignment,True
8059565,PID1,gene_assignment,True
8059576,ENST00000354069,gene_assignment,True
8059580,DNER,gene_assignment,True
8059596,TRIP12,gene_assignment,True
8059642,SLC16A14,gene_assignment,True
8059648,,,False
8059650,SP110,gene_assignment,True
8059672,,,False
8059674,GPR55,gene_assignment,True
8059680,HTR2B,gene_assignment,True
8059687,,,False
8059689,NCL,gene_assignment,True
8059708,SNORA75,gene_assignment,True
8059710,SNORD20,gene_assignment,True
8059712,SNORD82,gene_assignment,True
8059714,,,False
8059716,BC033054,gene_assignment,True
8059720,NMUR1,gene_assignment,True
8059731,PDE6D,gene_assignment,True
8059739,NPPC,gene_assignment,True
8059744,ECEL1P2,gene_assignment,True
8059748,ECEL1,gene_assignment,True
8059770,TIGD1,gene_assignment,True
8059776,KCNJ13,gene_assignment,True
8059783,NGEF,gene_assignment,True
8059799,,,False
8059801,USP40,gene_assignment,True
8059832,DNAJB3,gene_assignment,True
8059838,HJURP,gene_assignment,True
8059852,MSL3L2,gene_assignment,True
8059854,ARL4C,gene_assignment,True
8059862,,,False
8059864,GBX2,gene_assignment,True
8059868,ASB18,gene_assignment,True
8059876,,,False
8059878,IQCA1,gene_assignment,True
8059900,,,False
8059902,AL122100,gene_assignment,True
8059905,COL6A3,gene_assignment,True
8059955,RAB17,gene_assignment,True
8059965,BC031945,gene_assignment,True
8059969,ILKAP,gene_assignment,True
8059985,LOC151174,gene_assignment,True
8059989,HES6,gene_assignment,True
8059996,PER2,gene_assignment,True
8060020,FLJ43879,gene_assignment,True
8060030,HDAC4,gene_assignment,True
8060061,MGC16025,gene_assignment,True
8060063,NDUFA10,gene_assignment,True
8060080,OR6B2,gene_assignment,True
8060082,PRR21,gene_assignment,True
8060084,OR6B3,gene_assignment,True
8060086,MYEOV2,gene_assignment,True
8060094,OTOS,gene_assignment,True
8060101,PP14571,gene_assignment,True
8060103,ANKMY1,gene_assignment,True
8060126,AQP12A,gene_assignment,True
8060134,KIF1A,gene_assignment,True
8060187,C2ORF54,gene_assignment,True
8060196,MTERFD2,gene_assignment,True
8060205,PASK,gene_assignment,True
8060225,HDLBP,gene_assignment,True
8060257,STK25,gene_assignment,True
8060274,THAP4,gene_assignment,True
8060286,DTYMK,gene_assignment,True
8060294,PDCD1,gene_assignment,True
8060303,DEFB125,gene_assignment,True
8060308,DEFB126,gene_assignment,True
8060314,DEFB127,gene_assignment,True
8060320,DEFB129,gene_assignment,True
8060325,DEFB132,gene_assignment,True
8060330,ZCCHC3,gene_assignment,True
8060334,SOX12,gene_assignment,True
8060339,NRSN2,gene_assignment,True
8060344,TRIB3,gene_assignment,True
8060353,RBCK1,gene_assignment,True
8060368,,,False
8060370,FAM110A,gene_assignment,True
8060379,PSMF1,gene_assignment,True
8060395,RAD21L1,gene_assignment,True
8060400,RAD21L1,gene_assignment,True
8060418,SIRPA,gene_assignment,True
8060427,STK35,gene_assignment,True
8060432,TGM3,gene_assignment,True
8060447,TGM6,gene_assignment,True
8060461,TMC2,gene_assignment,True
8060484,NOP56,gene_assignment,True
8060501,SNORA51,gene_assignment,True
8060503,SNORD57,gene_assignment,True
8060505,EBF4,gene_assignment,True
8060526,,,False
8060528,C20ORF141,gene_assignment,True
8060533,LOC100288797,gene_assignment,True
8060539,PTPRA,gene_assignment,True
8060594,GNRH2,gene_assignment,True
8060599,MRPS26,gene_assignment,True
8060604,OXT,gene_assignment,True
8060609,,,False
8060611,ITPA,gene_assignment,True
8060625,,,False
8060627,ATRN,gene_assignment,True
8060660,HSPA12B,gene_assignment,True
8060675,CDC25B,gene_assignment,True
8060698,BC043344,gene_assignment,True
8060705,MAVS,gene_assignment,True
8060722,PANK2,gene_assignment,True
8060734,MIR103-2,gene_assignment,True
8060736,,,False
8060738,,,False
8060741,,,False
8060745,SMOX,gene_assignment,True
8060758,PRNP,gene_assignment,True
8060765,PRND,gene_assignment,True
8060772,CDS2,gene_assignment,True
8060790,AK090863,gene_assignment,True
8060792,LOC643406,gene_assignment,True
8060796,BC035800,gene_assignment,True
8060803,,,False
8060805,CHGB,gene_assignment,True
8060813,MCM8,gene_assignment,True
8060835,,,False
8060837,,,False
8060839,CRLS1,gene_assignment,True
8060850,BMP2,gene_assignment,True
8060854,PLCB1,gene_assignment,True
8060895,RNU105B,gene_assignment,True
8060897,PLCB4,gene_assignment,True
8060940,C20ORF103,gene_assignment,True
8060949,ANKRD5,gene_assignment,True
8060963,SNAP25,gene_assignment,True
8060977,C20ORF94,gene_assignment,True
8060986,ENST00000378252,gene_assignment,True
8060988,BTBD3,gene_assignment,True
8060997,SPTLC3,gene_assignment,True
8061013,ISM1,gene_assignment,True
8061019,C20ORF7,gene_assignment,True
8061035,MACROD2,gene_assignment,True
8061066,,,False
8061068,,,False
8061073,,,False
8061075,SNRPB2,gene_assignment,True
8061082,OTOR,gene_assignment,True
8061092,,,False
8061094,PCSK2,gene_assignment,True
8061114,DSTN,gene_assignment,True
8061122,BANF2,gene_assignment,True
8061127,,,False
8061129,BC016869,gene_assignment,True
8061136,PTMA,gene_assignment,True
8061138,CSRP2BP,gene_assignment,True
8061154,ZNF133,gene_assignment,True
8061165,,,False
8061167,MGC44328,gene_assignment,True
8061171,POLR3F,gene_assignment,True
8061184,,,False
8061186,SEC23B,gene_assignment,True
8061211,DTD1,gene_assignment,True
8061224,C20ORF79,gene_assignment,True
8061227,SLC24A3,gene_assignment,True
8061247,RIN2,gene_assignment,True
8061262,NAA20,gene_assignment,True
8061272,C20ORF26,gene_assignment,True
8061303,INSM1,gene_assignment,True
8061305,PLK1S1,gene_assignment,True
8061324,XRN2,gene_assignment,True
8061357,PAX1,gene_assignment,True
8061364,RPL41,gene_assignment,True
8061366,SSTR4,gene_assignment,True
8061368,NXT1,gene_assignment,True
8061373,GZF1,gene_assignment,True
8061382,CSTL1,gene_assignment,True
8061389,CST8,gene_assignment,True
8061396,CSTT,gene_assignment,True
8061402,,,False
8061404,,,False
8061406,TMEM90B,gene_assignment,True
8061414,,,False
8061416,CST7,gene_assignment,True
8061426,,,False
8061428,ENTPD6,gene_assignment,True
8061445,,,False
8061447,PYGB,gene_assignment,True
8061471,GINS1,gene_assignment,True
8061483,LOC100134868,gene_assignment,True
8061490,FAM182A,gene_assignment,True
8061497,FRG1B,gene_assignment,True
8061504,DEFB115,gene_assignment,True
8061509,DEFB118,gene_assignment,True
8061517,,,False
8061519,DEFB123,gene_assignment,True
8061529,REM1,gene_assignment,True
8061539,NCRNA00028,gene_assignment,True
8061542,HM13,gene_assignment,True
8061562,,,False
8061564,ID1,gene_assignment,True
8061572,COX4I2,gene_assignment,True
8061579,TPX2,gene_assignment,True
8061605,MYLK2,gene_assignment,True
8061620,TTLL9,gene_assignment,True
8061645,,,False
8061647,XKR7,gene_assignment,True
8061653,C20ORF160,gene_assignment,True
8061666,,,False
8061668,HCK,gene_assignment,True
8061685,TM9SF4,gene_assignment,True
8061706,POFUT1,gene_assignment,True
8061715,KIF3B,gene_assignment,True
8061725,ASXL1,gene_assignment,True
8061742,LOC149950,gene_assignment,True
8061746,DNMT3B,gene_assignment,True
8061772,MAPRE1,gene_assignment,True
8061780,BPIL1,gene_assignment,True
8061799,BPIL3,gene_assignment,True
8061815,C20ORF185,gene_assignment,True
8061831,C20ORF186,gene_assignment,True
8061847,C20ORF70,gene_assignment,True
8061859,BASE,gene_assignment,True
8061869,C20ORF71,gene_assignment,True
8061881,,,False
8061883,PLUNC,gene_assignment,True
8061894,C20ORF114,gene_assignment,True
8061912,,,False
8061916,,,False
8061919,CBFA2T2,gene_assignment,True
8061940,DQ080434,gene_assignment,True
8061944,BC137111,gene_assignment,True
8061946,ZNF341,gene_assignment,True
8061958,CHMP4B,gene_assignment,True
8061966,RALY,gene_assignment,True
8061982,ASIP,gene_assignment,True
8061986,ITCH,gene_assignment,True
8062016,DYNLRB1,gene_assignment,True
8062023,MAP1LC3A,gene_assignment,True
8062034,TP53INP2,gene_assignment,True
8062041,ACSS2,gene_assignment,True
8062064,MYH7B,gene_assignment,True
8062108,PROCR,gene_assignment,True
8062117,,,False
8062119,BC103840,gene_assignment,True
8062123,MMP24,gene_assignment,True
8062134,GDF5,gene_assignment,True
8062137,CEP250,gene_assignment,True
8062174,ERGIC3,gene_assignment,True
8062190,SPAG4,gene_assignment,True
8062204,,,False
8062206,ROMO1,gene_assignment,True
8062211,RPF2,gene_assignment,True
8062213,PHF20,gene_assignment,True
8062235,,,False
8062237,BC114945,gene_assignment,True
8062251,EPB41L1,gene_assignment,True
8062284,,,False
8062286,BC019311,gene_assignment,True
8062293,DLGAP4,gene_assignment,True
8062312,MYL9,gene_assignment,True
8062319,TGIF2,gene_assignment,True
8062326,C20ORF24,gene_assignment,True
8062339,SAMHD1,gene_assignment,True
8062347,RBL1,gene_assignment,True
8062349,RPN2,gene_assignment,True
8062371,MANBAL,gene_assignment,True
8062377,SRC,gene_assignment,True
8062395,NNAT,gene_assignment,True
8062404,,,False
8062409,CTNNBL1,gene_assignment,True
8062427,VSTM2L,gene_assignment,True
8062433,RPRD1B,gene_assignment,True
8062444,BPI,gene_assignment,True
8062461,LBP,gene_assignment,True
8062478,,,False
8062480,SNHG11,gene_assignment,True
8062490,SNORA60,gene_assignment,True
8062492,RALGAPB,gene_assignment,True
8062527,ADIG,gene_assignment,True
8062532,ARHGAP40,gene_assignment,True
8062539,SLC32A1,gene_assignment,True
8062545,ACTR5,gene_assignment,True
8062555,,,False
8062557,PPP1R16B,gene_assignment,True
8062569,,,False
8062571,FAM83D,gene_assignment,True
8062576,DHX35,gene_assignment,True
8062601,AK023614,gene_assignment,True
8062603,TOP1,gene_assignment,True
8062623,PLCG1,gene_assignment,True
8062658,LPIN3,gene_assignment,True
8062681,,,False
8062685,,,False
8062687,,,False
8062689,,,False
8062691,,,False
8062693,,,False
8062695,SRSF6,gene_assignment,True
8062705,L3MBTL1,gene_assignment,True
8062728,SGK2,gene_assignment,True
8062748,IFT52,gene_assignment,True
8062766,MYBL2,gene_assignment,True
8062782,TOX2,gene_assignment,True
8062794,,,False
8062796,GDAP1L1,gene_assignment,True
8062813,R3HDML,gene_assignment,True
8062821,,,False
8062823,HNF4A,gene_assignment,True
8062844,TTPAL,gene_assignment,True
8062852,PKIG,gene_assignment,True
8062864,WISP2,gene_assignment,True
8062873,KCNK15,gene_assignment,True
8062880,YWHAB,gene_assignment,True
8062890,PABPC1L,gene_assignment,True
8062908,STK4,gene_assignment,True
8062927,PI3,gene_assignment,True
8062933,SEMG1,gene_assignment,True
8062944,SEMG2,gene_assignment,True
8062948,RBPJL,gene_assignment,True
8062964,SYS1,gene_assignment,True
8062971,DBNDD2,gene_assignment,True
8062981,PIGT,gene_assignment,True
8063000,WFDC2,gene_assignment,True
8063011,WFDC10A,gene_assignment,True
8063014,WFDC13,gene_assignment,True
8063019,SPINT4,gene_assignment,True
8063024,,,False
8063026,,,False
8063028,DNTTIP1,gene_assignment,True
8063043,UBE2C,gene_assignment,True
8063057,SNX21,gene_assignment,True
8063071,ZSWIM3,gene_assignment,True
8063074,ZSWIM1,gene_assignment,True
8063078,CTSA,gene_assignment,True
8063097,PCIF1,gene_assignment,True
8063115,MMP9,gene_assignment,True
8063129,SLC12A5,gene_assignment,True
8063156,CD40,gene_assignment,True
8063171,,,False
8063174,,,False
8063177,SLC2A10,gene_assignment,True
8063185,,,False
8063187,EYA2,gene_assignment,True
8063209,LOC100131496,gene_assignment,True
8063211,NCOA3,gene_assignment,True
8063240,,,False
8063242,ARFGEF2,gene_assignment,True
8063283,CSE1L,gene_assignment,True
8063313,,,False
8063315,DDX27,gene_assignment,True
8063337,NCRNA00275,gene_assignment,True
8063345,SNORD12C,gene_assignment,True
8063347,,,False
8063351,SLC9A8,gene_assignment,True
8063369,RNF114,gene_assignment,True
8063380,,,False
8063382,SNAI1,gene_assignment,True
8063386,CEBPB,gene_assignment,True
8063389,LOC284751,gene_assignment,True
8063394,PTPN1,gene_assignment,True
8063408,,,False
8063410,PARD6B,gene_assignment,True
8063417,BCAS4,gene_assignment,True
8063427,MOCS3,gene_assignment,True
8063437,TSHZ2,gene_assignment,True
8063442,,,False
8063444,TSHZ2,gene_assignment,True
8063447,,,False
8063449,,,False
8063453,PFDN4,gene_assignment,True
8063458,DOK5,gene_assignment,True
8063473,RPL12,gene_assignment,True
8063476,MC3R,gene_assignment,True
8063478,C20ORF108,gene_assignment,True
8063484,CSTF1,gene_assignment,True
8063497,CASS4,gene_assignment,True
8063509,C20ORF43,gene_assignment,True
8063522,,,False
8063524,,,False
8063526,C20ORF106,gene_assignment,True
8063531,BC105792,gene_assignment,True
8063536,TFAP2C,gene_assignment,True
8063547,,,False
8063551,SPO11,gene_assignment,True
8063566,RAE1,gene_assignment,True
8063583,RBM38,gene_assignment,True
8063590,PCK1,gene_assignment,True
8063601,C20ORF85,gene_assignment,True
8063607,RAB22A,gene_assignment,True
8063620,VAPB,gene_assignment,True
8063634,BC002831,gene_assignment,True
8063636,STX16,gene_assignment,True
8063650,NPEPL1,gene_assignment,True
8063668,GNAS,gene_assignment,True
8063697,TH1L,gene_assignment,True
8063716,TUBB1,gene_assignment,True
8063723,ZNF831,gene_assignment,True
8063729,EDN3,gene_assignment,True
8063739,PHACTR3,gene_assignment,True
8063755,C20ORF177,gene_assignment,True
8063761,CDH26,gene_assignment,True
8063785,AY358539,gene_assignment,True
8063793,AK128288,gene_assignment,True
8063796,CDH4,gene_assignment,True
8063814,LSM14B,gene_assignment,True
8063835,LSM14B,gene_assignment,True
8063839,SS18L1,gene_assignment,True
8063857,GTPBP5,gene_assignment,True
8063869,AK126744,gene_assignment,True
8063873,OSBPL2,gene_assignment,True
8063893,ADRM1,gene_assignment,True
8063903,RPS21,gene_assignment,True
8063914,C20ORF166,gene_assignment,True
8063921,MIR1-1,gene_assignment,True
8063923,SLCO4A1,gene_assignment,True
8063942,NTSR1,gene_assignment,True
8063949,C20ORF20,gene_assignment,True
8063955,OGFR,gene_assignment,True
8063970,COL9A3,gene_assignment,True
8064003,DPH3P1,gene_assignment,True
8064007,C20ORF11,gene_assignment,True
8064014,SLC17A9,gene_assignment,True
8064029,MIR124-3,gene_assignment,True
8064031,BIRC7,gene_assignment,True
8064042,ARFGAP1,gene_assignment,True
8064059,COL20A1,gene_assignment,True
8064098,,,False
8064100,PPDPF,gene_assignment,True
8064108,BC000912,gene_assignment,True
8064111,RTEL1,gene_assignment,True
8064156,ZGPAT,gene_assignment,True
8064168,LIME1,gene_assignment,True
8064175,SLC2A4RG,gene_assignment,True
8064188,,,False
8064191,TPD52L2,gene_assignment,True
8064203,C20ORF135,gene_assignment,True
8064208,DNAJC5,gene_assignment,True
8064216,,,False
8064218,PRPF6,gene_assignment,True
8064242,NCRNA00176,gene_assignment,True
8064245,TCEA2,gene_assignment,True
8064261,OPRL1,gene_assignment,True
8064277,MYT1,gene_assignment,True
8064302,PCMTD2,gene_assignment,True
8064319,DEFB128,gene_assignment,True
8064322,BC134417,gene_assignment,True
8064336,TBC1D20,gene_assignment,True
8064351,CSNK2A1,gene_assignment,True
8064370,TCF15,gene_assignment,True
8064375,SRXN1,gene_assignment,True
8064382,AK125343,gene_assignment,True
8064384,SCRT2,gene_assignment,True
8064388,C20ORF54,gene_assignment,True
8064394,,,False
8064396,ANGPT4,gene_assignment,True
8064407,RSPO4,gene_assignment,True
8064415,C20ORF46,gene_assignment,True
8064418,SDCBP2,gene_assignment,True
8064430,,,False
8064432,FKBP1A,gene_assignment,True
8064438,NSFL1C,gene_assignment,True
8064451,SIRPB2,gene_assignment,True
8064464,SIRPD,gene_assignment,True
8064471,SIRPB1,gene_assignment,True
8064485,SIRPG,gene_assignment,True
8064495,PDYN,gene_assignment,True
8064500,,,False
8064502,SNRPB,gene_assignment,True
8064514,ZNF343,gene_assignment,True
8064522,IDH3B,gene_assignment,True
8064539,CPXM1,gene_assignment,True
8064557,AK293638,gene_assignment,True
8064575,AVP,gene_assignment,True
8064581,FASTKD5,gene_assignment,True
8064591,PROSAPIP1,gene_assignment,True
8064601,DDRGK1,gene_assignment,True
8064613,SLC4A11,gene_assignment,True
8064637,C20ORF194,gene_assignment,True
8064676,GFRA4,gene_assignment,True
8064686,ADAM33,gene_assignment,True
8064716,SIGLEC1,gene_assignment,True
8064739,C20ORF27,gene_assignment,True
8064751,SPEF1,gene_assignment,True
8064762,CENPB,gene_assignment,True
8064766,RNF24,gene_assignment,True
8064779,ADRA1D,gene_assignment,True
8064787,ENST00000326539,gene_assignment,True
8064790,RASSF2,gene_assignment,True
8064808,SLC23A2,gene_assignment,True
8064831,,,False
8064833,C20ORF30,gene_assignment,True
8064844,PCNA,gene_assignment,True
8064857,,,False
8064859,PROKR2,gene_assignment,True
8064864,,,False
8064866,LOC149837,gene_assignment,True
8064868,GPCPD1,gene_assignment,True
8064879,TRMT6,gene_assignment,True
8064894,LRRN4,gene_assignment,True
8064900,,,False
8064904,FERMT1,gene_assignment,True
8064926,,,False
8064928,HAO1,gene_assignment,True
8064939,TMX4,gene_assignment,True
8064952,PAK7,gene_assignment,True
8064967,MKKS,gene_assignment,True
8064976,DNAJC9,gene_assignment,True
8064978,JAG1,gene_assignment,True
8065011,LIN28A,gene_assignment,True
8065013,ENST00000427835,gene_assignment,True
8065016,,,False
8065018,TASP1,gene_assignment,True
8065032,ESF1,gene_assignment,True
8065045,SEL1L2,gene_assignment,True
8065067,,,False
8065071,FLRT3,gene_assignment,True
8065080,,,False
8065082,,,False
8065084,AK125594,gene_assignment,True
8065089,KIF16B,gene_assignment,True
8065120,,,False
8065122,,,False
8065124,BFSP1,gene_assignment,True
8065134,,,False
8065136,RRBP1,gene_assignment,True
8065165,SNX5,gene_assignment,True
8065185,OVOL2,gene_assignment,True
8065194,,,False
8065196,,,False
8065200,,,False
8065202,C20ORF12,gene_assignment,True
8065230,RBBP9,gene_assignment,True
8065240,,,False
8065242,,,False
8065244,,,False
8065248,AK097497,gene_assignment,True
8065252,,,False
8065254,,,False
8065256,CRNKL1,gene_assignment,True
8065278,AK056971,gene_assignment,True
8065280,RALGAPA2,gene_assignment,True
8065321,,,False
8065323,,,False
8065325,,,False
8065327,NKX2-4,gene_assignment,True
8065330,,,False
8065334,NKX2-2,gene_assignment,True
8065339,LOC284788,gene_assignment,True
8065344,FOXA2,gene_assignment,True
8065351,,,False
8065353,THBD,gene_assignment,True
8065359,CD93,gene_assignment,True
8065363,LOC200261,gene_assignment,True
8065370,,,False
8065372,NAPB,gene_assignment,True
8065386,,,False
8065388,CST11,gene_assignment,True
8065392,,,False
8065396,CST9L,gene_assignment,True
8065400,CST9,gene_assignment,True
8065403,CST3,gene_assignment,True
8065410,CST4,gene_assignment,True
8065412,CST1,gene_assignment,True
8065416,CST2,gene_assignment,True
8065421,CST5,gene_assignment,True
8065427,GGTLC1,gene_assignment,True
8065433,C20ORF3,gene_assignment,True
8065444,ACSS1,gene_assignment,True
8065460,VSX1,gene_assignment,True
8065469,ABHD12,gene_assignment,True
8065485,NINL,gene_assignment,True
8065510,NANP,gene_assignment,True
8065517,ZNF337,gene_assignment,True
8065527,FAM182A,gene_assignment,True
8065537,LOC100134868,gene_assignment,True
8065541,C20ORF191,gene_assignment,True
8065547,AK127732,gene_assignment,True
8065550,,,False
8065552,DEFB116,gene_assignment,True
8065555,DEFB119,gene_assignment,True
8065563,DEFB121,gene_assignment,True
8065566,DEFB124,gene_assignment,True
8065569,BCL2L1,gene_assignment,True
8065576,FOXS1,gene_assignment,True
8065580,DUSP15,gene_assignment,True
8065596,PDRG1,gene_assignment,True
8065603,TSPY26P,gene_assignment,True
8065607,PLAGL2,gene_assignment,True
8065612,C20ORF112,gene_assignment,True
8065630,C20ORF203,gene_assignment,True
8065633,,,False
8065637,COMMD7,gene_assignment,True
8065652,SUN5,gene_assignment,True
8065668,CDK5RAP1,gene_assignment,True
8065683,SNTA1,gene_assignment,True
8065693,NECAB3,gene_assignment,True
8065710,E2F1,gene_assignment,True
8065719,PXMP4,gene_assignment,True
8065730,EIF2S2,gene_assignment,True
8065738,AHCY,gene_assignment,True
8065756,,,False
8065758,AK096092,gene_assignment,True
8065762,PIGU,gene_assignment,True
8065776,NCOA6,gene_assignment,True
8065795,HMGB3P1,gene_assignment,True
8065798,GGT7,gene_assignment,True
8065817,GSS,gene_assignment,True
8065832,TRPC4AP,gene_assignment,True
8065853,,,False
8065855,EDEM2,gene_assignment,True
8065868,EIF6,gene_assignment,True
8065880,FAM83C,gene_assignment,True
8065889,UQCC,gene_assignment,True
8065903,,,False
8065905,GDF5,gene_assignment,True
8065911,C20ORF173,gene_assignment,True
8065920,FER1L4,gene_assignment,True
8065948,FER1L4,gene_assignment,True
8065963,CPNE1,gene_assignment,True
8065992,NFS1,gene_assignment,True
8066009,RBM39,gene_assignment,True
8066025,,,False
8066027,,,False
8066029,,,False
8066031,SCAND1,gene_assignment,True
8066038,SLA2,gene_assignment,True
8066051,NDRG3,gene_assignment,True
8066072,,,False
8066074,DSN1,gene_assignment,True
8066091,C20ORF117,gene_assignment,True
8066117,SAMHD1,gene_assignment,True
8066136,RBL1,gene_assignment,True
8066161,C20ORF132,gene_assignment,True
8066189,GHRH,gene_assignment,True
8066195,BLCAP,gene_assignment,True
8066198,,,False
8066200,TTI1,gene_assignment,True
8066212,,,False
8066214,TGM2,gene_assignment,True
8066231,KIAA1755,gene_assignment,True
8066247,LOC388796,gene_assignment,True
8066254,,,False
8066256,SNORA71B,gene_assignment,True
8066258,SNORA71A,gene_assignment,True
8066260,SNORA71C,gene_assignment,True
8066262,SNORA71D,gene_assignment,True
8066264,,,False
8066266,MAFB,gene_assignment,True
8066273,,,False
8066275,AF090938,gene_assignment,True
8066279,ZHX3,gene_assignment,True
8066292,,,False
8066294,EMILIN3,gene_assignment,True
8066303,CHD6,gene_assignment,True
8066345,,,False
8066347,PTPRT,gene_assignment,True
8066382,,,False
8066384,GTSF1L,gene_assignment,True
8066391,,,False
8066393,JPH2,gene_assignment,True
8066402,C20ORF111,gene_assignment,True
8066407,FITM2,gene_assignment,True
8066411,BC030259,gene_assignment,True
8066417,SERINC3,gene_assignment,True
8066431,ADA,gene_assignment,True
8066444,LOC79015,gene_assignment,True
8066451,RIMS4,gene_assignment,True
8066459,,,False
8066461,TOMM34,gene_assignment,True
8066475,KCNS1,gene_assignment,True
8066482,WFDC5,gene_assignment,True
8066489,WFDC12,gene_assignment,True
8066493,SLPI,gene_assignment,True
8066498,MATN4,gene_assignment,True
8066513,SDC4,gene_assignment,True
8066521,TP53TG5,gene_assignment,True
8066528,,,False
8066530,SPINT3,gene_assignment,True
8066536,WFDC6,gene_assignment,True
8066542,SPINLW1,gene_assignment,True
8066549,WFDC8,gene_assignment,True
8066557,,,False
8066559,WFDC9,gene_assignment,True
8066567,,,False
8066569,WFDC11,gene_assignment,True
8066574,WFDC10B,gene_assignment,True
8066579,WFDC3,gene_assignment,True
8066590,TNNC2,gene_assignment,True
8066598,ACOT8,gene_assignment,True
8066609,C20ORF165,gene_assignment,True
8066612,NEURL2,gene_assignment,True
8066619,PLTP,gene_assignment,True
8066637,ENST00000372409,gene_assignment,True
8066641,ZNF335,gene_assignment,True
8066668,NCOA5,gene_assignment,True
8066683,CDH22,gene_assignment,True
8066697,SLC35C2,gene_assignment,True
8066716,ELMO2,gene_assignment,True
8066739,AL831934,gene_assignment,True
8066745,ZNF334,gene_assignment,True
8066754,C20ORF123,gene_assignment,True
8066757,SLC13A3,gene_assignment,True
8066776,TP53RK,gene_assignment,True
8066786,ZMYND8,gene_assignment,True
8066818,,,False
8066820,,,False
8066822,SULF2,gene_assignment,True
8066848,PREX1,gene_assignment,True
8066889,STAU1,gene_assignment,True
8066905,ZNFX1,gene_assignment,True
8066921,KCNB1,gene_assignment,True
8066925,PTGIS,gene_assignment,True
8066939,B4GALT5,gene_assignment,True
8066953,SPATA2,gene_assignment,True
8066960,,,False
8066962,,,False
8066964,TMEM189,gene_assignment,True
8066981,,,False
8066983,,,False
8066985,AK299337,gene_assignment,True
8067007,TMSB4X,gene_assignment,True
8067011,ADNP,gene_assignment,True
8067017,DPM1,gene_assignment,True
8067029,KCNG1,gene_assignment,True
8067033,KCNG1,gene_assignment,True
8067040,NFATC2,gene_assignment,True
8067055,ATP9A,gene_assignment,True
8067087,SALL4,gene_assignment,True
8067094,ZFP64,gene_assignment,True
8067113,ZNF217,gene_assignment,True
8067121,SUMO1P1,gene_assignment,True
8067125,BCAS1,gene_assignment,True
8067140,CYP24A1,gene_assignment,True
8067157,CBLN4,gene_assignment,True
8067165,,,False
8067167,AURKA,gene_assignment,True
8067178,GCNT7,gene_assignment,True
8067183,,,False
8067185,BMP7,gene_assignment,True
8067203,RBM38,gene_assignment,True
8067206,BC137482,gene_assignment,True
8067208,CTCFL,gene_assignment,True
8067221,ZBP1,gene_assignment,True
8067233,PMEPA1,gene_assignment,True
8067242,ENST00000371167,gene_assignment,True
8067248,PPP4R1L,gene_assignment,True
8067270,APCDD1L,gene_assignment,True
8067277,MIR296,gene_assignment,True
8067279,CTSZ,gene_assignment,True
8067288,ATP5E,gene_assignment,True
8067295,SLMO2,gene_assignment,True
8067303,,,False
8067305,SYCP2,gene_assignment,True
8067351,PPP1R3D,gene_assignment,True
8067358,AK097866,gene_assignment,True
8067361,TAF4,gene_assignment,True
8067380,LSM14B,gene_assignment,True
8067382,PSMA7,gene_assignment,True
8067394,HRH3,gene_assignment,True
8067409,LAMA5,gene_assignment,True
8067495,CABLES2,gene_assignment,True
8067506,C20ORF151,gene_assignment,True
8067521,GATA5,gene_assignment,True
8067530,C20ORF200,gene_assignment,True
8067543,ENST00000370520,gene_assignment,True
8067546,SLCO4A1,gene_assignment,True
8067551,ENST00000435412,gene_assignment,True
8067554,TCFL5,gene_assignment,True
8067563,DIDO1,gene_assignment,True
8067585,BHLHE23,gene_assignment,True
8067588,NCRNA00029,gene_assignment,True
8067593,YTHDF1,gene_assignment,True
8067602,NKAIN4,gene_assignment,True
8067610,CHRNA4,gene_assignment,True
8067626,KCNQ2,gene_assignment,True
8067652,EEF1A2,gene_assignment,True
8067662,PTK6,gene_assignment,True
8067671,SRMS,gene_assignment,True
8067680,PRIC285,gene_assignment,True
8067709,GMEB2,gene_assignment,True
8067722,STMN3,gene_assignment,True
8067727,ARFRP1,gene_assignment,True
8067743,ZBTB46,gene_assignment,True
8067754,U63828,gene_assignment,True
8067756,UCKL1,gene_assignment,True
8067773,ZNF512B,gene_assignment,True
8067792,SAMD10,gene_assignment,True
8067798,SOX18,gene_assignment,True
8067802,RGS19,gene_assignment,True
8067812,BC036837,gene_assignment,True
8067818,NPBWR2,gene_assignment,True
8067820,IQSEC3,gene_assignment,True
8067822,ENST00000302092,gene_assignment,True
8067825,ANKRD30BP2,gene_assignment,True
8067834,,,False
8067836,C21ORF94,gene_assignment,True
8067839,KGFLP1,gene_assignment,True
8067842,,,False
8067844,POTED,gene_assignment,True
8067858,,,False
8067860,,,False
8067862,NF1,gene_assignment,True
8067864,ANKRD20B,gene_assignment,True
8067867,,,False
8067869,RBM11,gene_assignment,True
8067877,ABCC13,gene_assignment,True
8067899,,,False
8067901,,,False
8067903,USP25,gene_assignment,True
8067932,C21ORF34,gene_assignment,True
8067942,MIR99A,gene_assignment,True
8067944,MIRLET7C,gene_assignment,True
8067946,MIR125B2,gene_assignment,True
8067948,,,False
8067955,CXADR,gene_assignment,True
8067963,,,False
8067965,,,False
8067969,CHODL,gene_assignment,True
8067978,PPIA,gene_assignment,True
8067981,,,False
8067985,NCAM2,gene_assignment,True
8068006,AY077696,gene_assignment,True
8068014,,,False
8068018,,,False
8068020,,,False
8068022,MIR155,gene_assignment,True
8068024,JAM2,gene_assignment,True
8068039,GABPA,gene_assignment,True
8068044,,,False
8068046,AF304442,gene_assignment,True
8068052,C21ORF94,gene_assignment,True
8068057,NCRNA00161,gene_assignment,True
8068062,USP16,gene_assignment,True
8068083,C21ORF7,gene_assignment,True
8068100,AF490769,gene_assignment,True
8068105,BACH1,gene_assignment,True
8068120,AY081145,gene_assignment,True
8068126,AY077697,gene_assignment,True
8068130,KRTAP13-1,gene_assignment,True
8068136,KRTAP13-4,gene_assignment,True
8068139,KRTAP15-1,gene_assignment,True
8068145,KRTAP6-3,gene_assignment,True
8068151,KRTAP22-1,gene_assignment,True
8068154,KRTAP20-1,gene_assignment,True
8068157,KRTAP20-4,gene_assignment,True
8068161,KRTAP20-2,gene_assignment,True
8068164,KRTAP20-3,gene_assignment,True
8068168,SOD1,gene_assignment,True
8068180,HUNK,gene_assignment,True
8068192,MRAP,gene_assignment,True
8068200,C21ORF119,gene_assignment,True
8068202,C21ORF63,gene_assignment,True
8068220,C21ORF49,gene_assignment,True
8068231,OLIG2,gene_assignment,True
8068235,OLIG1,gene_assignment,True
8068238,IFNAR2,gene_assignment,True
8068254,IL10RB,gene_assignment,True
8068266,IFNAR1,gene_assignment,True
8068280,IFNGR2,gene_assignment,True
8068289,SON,gene_assignment,True
8068305,ITSN1,gene_assignment,True
8068350,AK127913,gene_assignment,True
8068353,SLC5A3,gene_assignment,True
8068361,SLC5A3,gene_assignment,True
8068363,C21ORF82,gene_assignment,True
8068369,KCNE2,gene_assignment,True
8068375,FAM165B,gene_assignment,True
8068383,CLIC6,gene_assignment,True
8068397,,,False
8068399,,,False
8068401,CBR1,gene_assignment,True
8068410,MEMO1,gene_assignment,True
8068413,CBR3,gene_assignment,True
8068422,DOPEY2,gene_assignment,True
8068460,MORC3,gene_assignment,True
8068478,CHAF1B,gene_assignment,True
8068494,,,False
8068496,SIM2,gene_assignment,True
8068510,,,False
8068512,DSCR6,gene_assignment,True
8068520,,,False
8068522,TTC3,gene_assignment,True
8068543,AB066100,gene_assignment,True
8068549,,,False
8068551,DYRK1A,gene_assignment,True
8068570,DSCR8,gene_assignment,True
8068578,DSCR10,gene_assignment,True
8068583,KCNJ15,gene_assignment,True
8068593,ETS2,gene_assignment,True
8068608,,,False
8068612,WRB,gene_assignment,True
8068620,SH3BGR,gene_assignment,True
8068633,B3GALT5,gene_assignment,True
8068644,IGSF5,gene_assignment,True
8068651,PCP4,gene_assignment,True
8068660,,,False
8068662,,,False
8068664,,,False
8068671,BACE2,gene_assignment,True
8068684,FAM3B,gene_assignment,True
8068697,MX2,gene_assignment,True
8068713,MX1,gene_assignment,True
8068731,,,False
8068735,C21ORF121,gene_assignment,True
8068740,UMODL1,gene_assignment,True
8068761,ABCG1,gene_assignment,True
8068786,,,False
8068788,UBASH3A,gene_assignment,True
8068810,SLC37A1,gene_assignment,True
8068833,PDE9A,gene_assignment,True
8068857,NDUFV3,gene_assignment,True
8068866,PKNOX1,gene_assignment,True
8068883,CRYAA,gene_assignment,True
8068891,AK123727,gene_assignment,True
8068894,C21ORF125,gene_assignment,True
8068898,HIST1H2BK,gene_assignment,True
8068902,RRP1B,gene_assignment,True
8068919,PDXK,gene_assignment,True
8068938,RRP1,gene_assignment,True
8068952,AGPAT3,gene_assignment,True
8068974,TRAPPC10,gene_assignment,True
8069003,PWP2,gene_assignment,True
8069026,C21ORF33,gene_assignment,True
8069037,AIRE,gene_assignment,True
8069057,PFKL,gene_assignment,True
8069083,AB209578,gene_assignment,True
8069085,TRPM2,gene_assignment,True
8069122,LRRC3,gene_assignment,True
8069131,AL117578,gene_assignment,True
8069135,C21ORF90,gene_assignment,True
8069142,KRTAP10-4,gene_assignment,True
8069146,KRTAP10-7,gene_assignment,True
8069148,KRTAP10-8,gene_assignment,True
8069150,KRTAP10-9,gene_assignment,True
8069153,KRTAP10-10,gene_assignment,True
8069156,KRTAP10-11,gene_assignment,True
8069161,KRTAP12-3,gene_assignment,True
8069168,KRTAP10-12,gene_assignment,True
8069174,AF391113,gene_assignment,True
8069178,ADARB1,gene_assignment,True
8069200,AF426268,gene_assignment,True
8069208,COL18A1,gene_assignment,True
8069252,PCBP3,gene_assignment,True
8069269,COL6A1,gene_assignment,True
8069301,COL6A2,gene_assignment,True
8069332,MCM3AP-AS,gene_assignment,True
8069340,C21ORF57,gene_assignment,True
8069348,PCNT,gene_assignment,True
8069399,DIP2A,gene_assignment,True
8069444,,,False
8069446,,,False
8069448,,,False
8069450,PRMT2,gene_assignment,True
8069470,RPL23AP82,gene_assignment,True
8069472,TPTE,gene_assignment,True
8069487,BAGE2,gene_assignment,True
8069494,LOC441666,gene_assignment,True
8069499,ANKRD30B,gene_assignment,True
8069503,AK125677,gene_assignment,True
8069505,BX648100,gene_assignment,True
8069508,,,False
8069511,C21ORF81,gene_assignment,True
8069517,,,False
8069521,LIPI,gene_assignment,True
8069532,HSPA13,gene_assignment,True
8069541,SAMSN1,gene_assignment,True
8069553,NRIP1,gene_assignment,True
8069561,BTF3L4,gene_assignment,True
8069563,,,False
8069565,BTG3,gene_assignment,True
8069574,C21ORF91,gene_assignment,True
8069582,TMPRSS15,gene_assignment,True
8069610,,,False
8069612,NCRNA00158,gene_assignment,True
8069620,MRPL39,gene_assignment,True
8069633,ATP5J,gene_assignment,True
8069644,APP,gene_assignment,True
8069668,CYYR1,gene_assignment,True
8069676,ADAMTS1,gene_assignment,True
8069689,ADAMTS5,gene_assignment,True
8069700,N6AMT1,gene_assignment,True
8069711,LTN1,gene_assignment,True
8069744,RWDD2B,gene_assignment,True
8069753,CCT8,gene_assignment,True
8069764,,,False
8069766,,,False
8069768,,,False
8069770,GRIK1,gene_assignment,True
8069790,CLDN17,gene_assignment,True
8069795,CLDN8,gene_assignment,True
8069800,KRTAP24-1,gene_assignment,True
8069804,KRTAP26-1,gene_assignment,True
8069808,KRTAP27-1,gene_assignment,True
8069811,KRTAP23-1,gene_assignment,True
8069813,KRTAP13-2,gene_assignment,True
8069818,KRTAP13-3,gene_assignment,True
8069822,KRTAP19-1,gene_assignment,True
8069827,KRTAP19-2,gene_assignment,True
8069831,KRTAP19-3,gene_assignment,True
8069836,KRTAP19-4,gene_assignment,True
8069838,KRTAP19-5,gene_assignment,True
8069841,KRTAP19-6,gene_assignment,True
8069845,KRTAP19-7,gene_assignment,True
8069848,KRTAP6-2,gene_assignment,True
8069852,KRTAP6-1,gene_assignment,True
8069855,KRTAP21-2,gene_assignment,True
8069859,KRTAP21-1,gene_assignment,True
8069863,KRTAP8-1,gene_assignment,True
8069868,KRTAP7-1,gene_assignment,True
8069872,KRTAP11-1,gene_assignment,True
8069876,KRTAP19-8,gene_assignment,True
8069880,TIAM1,gene_assignment,True
8069910,SFRS15,gene_assignment,True
8069933,C21ORF45,gene_assignment,True
8069943,URB1,gene_assignment,True
8069985,SNORA80,gene_assignment,True
8069987,TCP10L,gene_assignment,True
8069991,TCP10L,gene_assignment,True
8069998,C21ORF59,gene_assignment,True
8070010,SYNJ1,gene_assignment,True
8070046,GCFC1,gene_assignment,True
8070073,C21ORF62,gene_assignment,True
8070081,,,False
8070083,TMEM50B,gene_assignment,True
8070097,DNAJC28,gene_assignment,True
8070102,GART,gene_assignment,True
8070129,DONSON,gene_assignment,True
8070141,CRYZL1,gene_assignment,True
8070160,ATP5O,gene_assignment,True
8070173,KCNE1,gene_assignment,True
8070182,RCAN1,gene_assignment,True
8070194,RUNX1,gene_assignment,True
8070215,SETD4,gene_assignment,True
8070231,,,False
8070233,CLDN14,gene_assignment,True
8070239,HLCS,gene_assignment,True
8070255,,,False
8070257,PIGP,gene_assignment,True
8070269,DSCR3,gene_assignment,True
8070279,KCNJ6,gene_assignment,True
8070286,DSCR4,gene_assignment,True
8070295,,,False
8070297,ERG,gene_assignment,True
8070315,AY204749,gene_assignment,True
8070321,AK127082,gene_assignment,True
8070328,AJ011409,gene_assignment,True
8070330,PSMG1,gene_assignment,True
8070341,BRWD1,gene_assignment,True
8070386,NCRNA00257,gene_assignment,True
8070389,HMGN1,gene_assignment,True
8070398,LCA5L,gene_assignment,True
8070411,C21ORF88,gene_assignment,True
8070421,DSCAM,gene_assignment,True
8070458,PLAC4,gene_assignment,True
8070467,TMPRSS2,gene_assignment,True
8070482,C21ORF129,gene_assignment,True
8070489,RIPK4,gene_assignment,True
8070503,PRDM15,gene_assignment,True
8070538,C2CD2,gene_assignment,True
8070557,ZNF295,gene_assignment,True
8070563,C21ORF128,gene_assignment,True
8070567,TFF3,gene_assignment,True
8070574,TFF2,gene_assignment,True
8070579,TFF1,gene_assignment,True
8070584,TMPRSS3,gene_assignment,True
8070603,RSPH1,gene_assignment,True
8070615,WDR4,gene_assignment,True
8070629,BC005107,gene_assignment,True
8070632,CBS,gene_assignment,True
8070655,U2AF1,gene_assignment,True
8070665,SIK1,gene_assignment,True
8070681,AF426261,gene_assignment,True
8070689,HSF2BP,gene_assignment,True
8070701,CSTB,gene_assignment,True
8070708,LOC284837,gene_assignment,True
8070712,,,False
8070716,LOC100129890,gene_assignment,True
8070720,ICOSLG,gene_assignment,True
8070730,DNMT3L,gene_assignment,True
8070744,C21ORF2,gene_assignment,True
8070757,C21ORF29,gene_assignment,True
8070771,KRTAP10-1,gene_assignment,True
8070777,KRTAP10-2,gene_assignment,True
8070780,KRTAP10-3,gene_assignment,True
8070782,KRTAP10-5,gene_assignment,True
8070786,KRTAP10-6,gene_assignment,True
8070789,KRTAP12-4,gene_assignment,True
8070791,KRTAP12-2,gene_assignment,True
8070795,KRTAP12-1,gene_assignment,True
8070799,UBE2G2,gene_assignment,True
8070811,SUMO3,gene_assignment,True
8070819,PTTG1IP,gene_assignment,True
8070826,ITGB2,gene_assignment,True
8070847,C21ORF67,gene_assignment,True
8070853,C21ORF67,gene_assignment,True
8070863,BC004343,gene_assignment,True
8070867,,,False
8070871,,,False
8070876,POFUT2,gene_assignment,True
8070891,AF426264,gene_assignment,True
8070896,AF427488,gene_assignment,True
8070900,,,False
8070905,NCRNA00175,gene_assignment,True
8070912,SLC19A1,gene_assignment,True
8070925,,,False
8070930,,,False
8070933,FTCD,gene_assignment,True
8070953,C21ORF56,gene_assignment,True
8070961,LSS,gene_assignment,True
8070988,MCM3AP,gene_assignment,True
8071020,C21ORF58,gene_assignment,True
8071036,S100B,gene_assignment,True
8071042,AK124122,gene_assignment,True
8071044,MAFIP,gene_assignment,True
8071049,AF172850,gene_assignment,True
8071051,MAFIP,gene_assignment,True
8071058,ACTR3BP2,gene_assignment,True
8071061,AK097082,gene_assignment,True
8071063,PSITPTE22,gene_assignment,True
8071069,IL17RA,gene_assignment,True
8071084,CECR4,gene_assignment,True
8071086,CECR2,gene_assignment,True
8071107,SLC25A18,gene_assignment,True
8071119,BCL2L13,gene_assignment,True
8071134,AK097861,gene_assignment,True
8071136,PEX26,gene_assignment,True
8071147,TUBA8,gene_assignment,True
8071155,USP18,gene_assignment,True
8071161,ENST00000342888,gene_assignment,True
8071168,POM121L8P,gene_assignment,True
8071170,POM121L8P,gene_assignment,True
8071179,DGCR6,gene_assignment,True
8071185,DGCR5,gene_assignment,True
8071194,,,False
8071196,TSSK2,gene_assignment,True
8071204,,,False
8071206,MRPL40,gene_assignment,True
8071212,CDC45,gene_assignment,True
8071234,SEPT5,gene_assignment,True
8071259,SEPT5,gene_assignment,True
8071268,GP1BB,gene_assignment,True
8071272,L20860,gene_assignment,True
8071274,L20860,gene_assignment,True
8071276,TBX1,gene_assignment,True
8071289,COMT,gene_assignment,True
8071301,C22ORF25,gene_assignment,True
8071312,MIR185,gene_assignment,True
8071314,DGCR8,gene_assignment,True
8071332,RANBP1,gene_assignment,True
8071339,ZDHHC8,gene_assignment,True
8071355,LOC150197,gene_assignment,True
8071357,AB051440,gene_assignment,True
8071361,AK302783,gene_assignment,True
8071368,TMEM191A,gene_assignment,True
8071371,,,False
8071375,ENST00000342888,gene_assignment,True
8071382,ZNF74,gene_assignment,True
8071390,,,False
8071392,MED15,gene_assignment,True
8071411,POM121L4P,gene_assignment,True
8071414,TMEM191A,gene_assignment,True
8071420,SERPIND1,gene_assignment,True
8071426,SNAP29,gene_assignment,True
8071434,CRKL,gene_assignment,True
8071442,,,False
8071444,AIFM3,gene_assignment,True
8071466,LZTR1,gene_assignment,True
8071489,P2RX6,gene_assignment,True
8071504,LOC400891,gene_assignment,True
8071516,BCR,gene_assignment,True
8071523,ENST00000342888,gene_assignment,True
8071530,POM121L1P,gene_assignment,True
8071532,RIMBP3,gene_assignment,True
8071536,HIC2,gene_assignment,True
8071541,TMEM191A,gene_assignment,True
8071543,,,False
8071547,UBE2L3,gene_assignment,True
8071554,CCDC116,gene_assignment,True
8071559,SDF2L1,gene_assignment,True
8071564,MIR130B,gene_assignment,True
8071566,PPIL2,gene_assignment,True
8071593,,,False
8071597,IGLL5,gene_assignment,True
8071642,ENST00000390285,gene_assignment,True
8071646,VPREB1,gene_assignment,True
8071649,BC043345,gene_assignment,True
8071655,,,False
8071658,ENST00000390295,gene_assignment,True
8071662,GGTLC2,gene_assignment,True
8071671,GNAZ,gene_assignment,True
8071676,RAB36,gene_assignment,True
8071691,BCR,gene_assignment,True
8071713,FBXW4P1,gene_assignment,True
8071717,RGL4,gene_assignment,True
8071737,MIF,gene_assignment,True
8071745,C22ORF15,gene_assignment,True
8071758,MMP11,gene_assignment,True
8071768,SMARCB1,gene_assignment,True
8071783,SLC2A11,gene_assignment,True
8071801,GSTTP1,gene_assignment,True
8071804,,,False
8071806,DDT,gene_assignment,True
8071809,GSTT2,gene_assignment,True
8071819,,,False
8071823,CABIN1,gene_assignment,True
8071861,SUSD2,gene_assignment,True
8071877,POM121L9P,gene_assignment,True
8071881,SPECC1L,gene_assignment,True
8071899,ADORA2A,gene_assignment,True
8071907,UPB1,gene_assignment,True
8071920,SNRPD3,gene_assignment,True
8071927,GGT1,gene_assignment,True
8071951,,,False
8071953,SGSM1,gene_assignment,True
8071981,KIAA1671,gene_assignment,True
8071989,CRYBB3,gene_assignment,True
8071997,CRYBB2,gene_assignment,True
8072004,IGLL3P,gene_assignment,True
8072007,,,False
8072009,CRYBB2P1,gene_assignment,True
8072015,ADRBK2,gene_assignment,True
8072039,MYO18B,gene_assignment,True
8072088,SEZ6L,gene_assignment,True
8072108,ASPHD2,gene_assignment,True
8072113,SRRD,gene_assignment,True
8072122,,,False
8072124,CRYBA4,gene_assignment,True
8072131,,,False
8072133,TTC28-AS,gene_assignment,True
8072139,,,False
8072143,HSCB,gene_assignment,True
8072153,CCDC117,gene_assignment,True
8072160,ZNRF3,gene_assignment,True
8072170,KREMEN1,gene_assignment,True
8072187,,,False
8072189,EMID1,gene_assignment,True
8072206,EWSR1,gene_assignment,True
8072216,GAS2L1,gene_assignment,True
8072226,RFPL1,gene_assignment,True
8072229,NEFH,gene_assignment,True
8072242,NF2,gene_assignment,True
8072266,CABP7,gene_assignment,True
8072272,,,False
8072274,UQCR10,gene_assignment,True
8072279,MTMR3,gene_assignment,True
8072302,MTMR3,gene_assignment,True
8072304,HORMAD2,gene_assignment,True
8072314,LIF,gene_assignment,True
8072316,CCDC157,gene_assignment,True
8072328,SEC14L2,gene_assignment,True
8072344,,,False
8072346,MTFP1,gene_assignment,True
8072353,AY358802,gene_assignment,True
8072355,SEC14L4,gene_assignment,True
8072358,,,False
8072360,TCN2,gene_assignment,True
8072374,SLC35E4,gene_assignment,True
8072382,OSBP2,gene_assignment,True
8072400,C22ORF27,gene_assignment,True
8072407,TUG1,gene_assignment,True
8072413,SMTN,gene_assignment,True
8072436,INPP5J,gene_assignment,True
8072454,RNF185,gene_assignment,True
8072461,LIMK2,gene_assignment,True
8072482,,,False
8072484,BC007304,gene_assignment,True
8072486,CR456348,gene_assignment,True
8072488,DRG1,gene_assignment,True
8072494,SFI1,gene_assignment,True
8072529,DEPDC5,gene_assignment,True
8072573,,,False
8072577,YWHAH,gene_assignment,True
8072582,,,False
8072584,,,False
8072587,SLC5A1,gene_assignment,True
8072603,AK094244,gene_assignment,True
8072605,RFPL3,gene_assignment,True
8072610,FBXO7,gene_assignment,True
8072626,TIMP3,gene_assignment,True
8072636,ISX,gene_assignment,True
8072645,HMGXB4,gene_assignment,True
8072659,TOM1,gene_assignment,True
8072678,HMOX1,gene_assignment,True
8072687,MCM5,gene_assignment,True
8072705,RASD2,gene_assignment,True
8072710,APOL6,gene_assignment,True
8072721,APOL5,gene_assignment,True
8072735,APOL1,gene_assignment,True
8072744,NCF4,gene_assignment,True
8072757,CSF2RB,gene_assignment,True
8072777,MPST,gene_assignment,True
8072784,KCTD17,gene_assignment,True
8072796,TMPRSS6,gene_assignment,True
8072798,CYTH4,gene_assignment,True
8072817,CDC42EP1,gene_assignment,True
8072825,GGA1,gene_assignment,True
8072847,SH3BP1,gene_assignment,True
8072870,PDXP,gene_assignment,True
8072876,LGALS1,gene_assignment,True
8072883,NOL12,gene_assignment,True
8072894,TRIOBP,gene_assignment,True
8072924,,,False
8072926,H1F0,gene_assignment,True
8072931,GCAT,gene_assignment,True
8072941,GALR3,gene_assignment,True
8072946,EIF3L,gene_assignment,True
8072960,,,False
8072962,MICALL1,gene_assignment,True
8072979,POLR2F,gene_assignment,True
8072989,PICK1,gene_assignment,True
8073007,MAFF,gene_assignment,True
8073013,,,False
8073015,KDELR3,gene_assignment,True
8073022,CBY1,gene_assignment,True
8073032,TOMM22,gene_assignment,True
8073039,GTPBP1,gene_assignment,True
8073056,APOBEC3A,gene_assignment,True
8073062,APOBEC3B,gene_assignment,True
8073068,APOBEC3C,gene_assignment,True
8073072,APOBEC3D,gene_assignment,True
8073081,APOBEC3F,gene_assignment,True
8073088,APOBEC3G,gene_assignment,True
8073096,APOBEC3H,gene_assignment,True
8073104,SYNGR1,gene_assignment,True
8073114,TAB1,gene_assignment,True
8073129,MGAT3,gene_assignment,True
8073135,SMCR7L,gene_assignment,True
8073148,ATF4,gene_assignment,True
8073152,CACNA1I,gene_assignment,True
8073192,UQCRFS1,gene_assignment,True
8073194,GRAP2,gene_assignment,True
8073207,FAM83F,gene_assignment,True
8073214,TNRC6B,gene_assignment,True
8073242,ADSL,gene_assignment,True
8073259,SGSM3,gene_assignment,True
8073293,,,False
8073296,MCHR1,gene_assignment,True
8073309,LOC100288034,gene_assignment,True
8073311,XPNPEP3,gene_assignment,True
8073328,,,False
8073332,,,False
8073334,RBX1,gene_assignment,True
8073341,,,False
8073343,,,False
8073345,EP300,gene_assignment,True
8073379,L3MBTL2,gene_assignment,True
8073397,ZC3H7B,gene_assignment,True
8073422,TEF,gene_assignment,True
8073430,ACO2,gene_assignment,True
8073449,CSDC2,gene_assignment,True
8073457,XRCC6,gene_assignment,True
8073470,C22ORF46,gene_assignment,True
8073474,MEI1,gene_assignment,True
8073511,,,False
8073513,CCDC134,gene_assignment,True
8073522,SREBF2,gene_assignment,True
8073544,MIR33A,gene_assignment,True
8073546,LOC339674,gene_assignment,True
8073548,SEPT3,gene_assignment,True
8073562,WBP2NL,gene_assignment,True
8073573,FAM109B,gene_assignment,True
8073578,BC024237,gene_assignment,True
8073582,LOC388906,gene_assignment,True
8073585,SERHL,gene_assignment,True
8073596,SERHL2,gene_assignment,True
8073603,RNU12,gene_assignment,True
8073605,BIK,gene_assignment,True
8073612,TSPO,gene_assignment,True
8073623,MPPED1,gene_assignment,True
8073631,,,False
8073633,PNPLA3,gene_assignment,True
8073645,SAMM50,gene_assignment,True
8073662,PARVB,gene_assignment,True
8073682,PARVG,gene_assignment,True
8073698,NCRNA00207,gene_assignment,True
8073705,PRR5,gene_assignment,True
8073733,NUP50,gene_assignment,True
8073743,UPK3A,gene_assignment,True
8073752,FAM118A,gene_assignment,True
8073766,RIBC2,gene_assignment,True
8073775,FBLN1,gene_assignment,True
8073799,ATXN10,gene_assignment,True
8073816,LOC400931,gene_assignment,True
8073822,MIRLET7A3,gene_assignment,True
8073824,MIRLET7B,gene_assignment,True
8073826,PPARA,gene_assignment,True
8073842,TTC38,gene_assignment,True
8073858,GTSE1,gene_assignment,True
8073875,TRMU,gene_assignment,True
8073890,GRAMD4,gene_assignment,True
8073909,TBC1D22A,gene_assignment,True
8073924,,,False
8073929,FAM19A5,gene_assignment,True
8073939,AK126356,gene_assignment,True
8073941,,,False
8073943,ZBED4,gene_assignment,True
8073949,CRELD2,gene_assignment,True
8073960,PIM3,gene_assignment,True
8073962,MOV10L1,gene_assignment,True
8073992,PANX2,gene_assignment,True
8074003,TRABD,gene_assignment,True
8074020,SELO,gene_assignment,True
8074030,PPP6R2,gene_assignment,True
8074057,,,False
8074059,,,False
8074061,,,False
8074063,ADM2,gene_assignment,True
8074070,MIOX,gene_assignment,True
8074082,NCAPH2,gene_assignment,True
8074106,KLHDC7B,gene_assignment,True
8074108,MAPK8IP2,gene_assignment,True
8074131,SHANK3,gene_assignment,True
8074153,ACR,gene_assignment,True
8074157,RPL23AP82,gene_assignment,True
8074168,ENST00000400192,gene_assignment,True
8074170,POTEM,gene_assignment,True
8074192,,,False
8074194,OR11H1,gene_assignment,True
8074196,CCT8L2,gene_assignment,True
8074201,ENST00000314074,gene_assignment,True
8074204,XKR3,gene_assignment,True
8074210,,,False
8074212,GAB4,gene_assignment,True
8074223,CECR6,gene_assignment,True
8074227,CECR5,gene_assignment,True
8074237,CECR1,gene_assignment,True
8074251,ATP6V1E1,gene_assignment,True
8074261,BID,gene_assignment,True
8074274,MICAL3,gene_assignment,True
8074286,MICAL3,gene_assignment,True
8074307,AK094477,gene_assignment,True
8074309,ENST00000342888,gene_assignment,True
8074316,GGT3P,gene_assignment,True
8074330,ENST00000342888,gene_assignment,True
8074335,PRODH,gene_assignment,True
8074349,DGCR2,gene_assignment,True
8074364,DGCR14,gene_assignment,True
8074371,DGCR14,gene_assignment,True
8074384,GSC2,gene_assignment,True
8074388,SLC25A1,gene_assignment,True
8074399,CLTCL1,gene_assignment,True
8074432,HIRA,gene_assignment,True
8074458,C22ORF39,gene_assignment,True
8074464,UFD1L,gene_assignment,True
8074473,CLDN5,gene_assignment,True
8074481,GNB1L,gene_assignment,True
8074498,TXNRD2,gene_assignment,True
8074522,ARVCF,gene_assignment,True
8074541,TRMT2A,gene_assignment,True
8074558,RTN4R,gene_assignment,True
8074565,DGCR6L,gene_assignment,True
8074569,ENST00000443409,gene_assignment,True
8074577,PI4KAP2,gene_assignment,True
8074591,ENST00000355186,gene_assignment,True
8074593,RIMBP3,gene_assignment,True
8074597,ENST00000342888,gene_assignment,True
8074606,USP18,gene_assignment,True
8074615,,,False
8074617,SCARF2,gene_assignment,True
8074632,KLHL22,gene_assignment,True
8074640,,,False
8074644,,,False
8074647,PI4KA,gene_assignment,True
8074688,THAP7,gene_assignment,True
8074695,MGC16703,gene_assignment,True
8074701,SLC7A4,gene_assignment,True
8074712,POM121L1P,gene_assignment,True
8074714,POM121L1P,gene_assignment,True
8074716,GGT3P,gene_assignment,True
8074730,BCR,gene_assignment,True
8074734,AK128837,gene_assignment,True
8074737,ENST00000342888,gene_assignment,True
8074746,,,False
8074748,PI4KAP2,gene_assignment,True
8074769,ENST00000331505,gene_assignment,True
8074771,RIMBP3,gene_assignment,True
8074773,YDJC,gene_assignment,True
8074780,YPEL1,gene_assignment,True
8074789,,,False
8074791,MAPK1,gene_assignment,True
8074806,PPM1F,gene_assignment,True
8074817,TOP3B,gene_assignment,True
8074836,AK131325,gene_assignment,True
8074842,FAM108A1,gene_assignment,True
8074845,ZNF280B,gene_assignment,True
8074853,ZNF280A,gene_assignment,True
8074856,PRAME,gene_assignment,True
8074867,POM121L1P,gene_assignment,True
8074869,RTDR1,gene_assignment,True
8074878,,,False
8074880,RAB36,gene_assignment,True
8074888,,,False
8074890,,,False
8074892,ZDHHC8P1,gene_assignment,True
8074897,,,False
8074909,IGLL1,gene_assignment,True
8074916,C22ORF43,gene_assignment,True
8074925,LOC91316,gene_assignment,True
8074927,LOC91316,gene_assignment,True
8074931,ZNF70,gene_assignment,True
8074934,VPREB3,gene_assignment,True
8074939,CHCHD10,gene_assignment,True
8074944,DERL3,gene_assignment,True
8074962,GSTT2,gene_assignment,True
8074969,DDT,gene_assignment,True
8074972,GSTTP1,gene_assignment,True
8074980,GSTT1,gene_assignment,True
8074988,GSTTP1,gene_assignment,True
8074991,GGT5,gene_assignment,True
8075005,C22ORF45,gene_assignment,True
8075009,C22ORF13,gene_assignment,True
8075016,C22ORF36,gene_assignment,True
8075024,POM121L10P,gene_assignment,True
8075026,PIWIL3,gene_assignment,True
8075049,TMEM211,gene_assignment,True
8075052,LRP5L,gene_assignment,True
8075057,,,False
8075059,,,False
8075063,HPS4,gene_assignment,True
8075089,TFIP11,gene_assignment,True
8075106,TPST2,gene_assignment,True
8075118,CRYBB1,gene_assignment,True
8075126,MN1,gene_assignment,True
8075130,PITPNB,gene_assignment,True
8075142,TTC28,gene_assignment,True
8075160,,,False
8075162,,,False
8075164,CHEK2,gene_assignment,True
8075182,XBP1,gene_assignment,True
8075190,,,False
8075192,BC126262,gene_assignment,True
8075200,RHBDD3,gene_assignment,True
8075211,RASL10A,gene_assignment,True
8075217,AP1B1,gene_assignment,True
8075239,THOC5,gene_assignment,True
8075263,NIPSNAP1,gene_assignment,True
8075276,ZMAT5,gene_assignment,True
8075285,ASCC2,gene_assignment,True
8075306,,,False
8075310,LIF,gene_assignment,True
8075316,OSM,gene_assignment,True
8075322,GATSL3,gene_assignment,True
8075332,TBC1D10A,gene_assignment,True
8075343,SF3A1,gene_assignment,True
8075363,CR456347,gene_assignment,True
8075365,RNF215,gene_assignment,True
8075375,SEC14L3,gene_assignment,True
8075390,SEC14L4,gene_assignment,True
8075401,GAL3ST1,gene_assignment,True
8075406,PES1,gene_assignment,True
8075423,DUSP18,gene_assignment,True
8075430,MORC2,gene_assignment,True
8075458,SMTN,gene_assignment,True
8075462,SELM,gene_assignment,True
8075468,PLA2G3,gene_assignment,True
8075477,RNF185,gene_assignment,True
8075479,,,False
8075481,,,False
8075483,PIK3IP1,gene_assignment,True
8075493,PATZ1,gene_assignment,True
8075505,,,False
8075507,EIF4ENIF1,gene_assignment,True
8075529,PISD,gene_assignment,True
8075542,C22ORF30,gene_assignment,True
8075550,AK294232,gene_assignment,True
8075555,C22ORF42,gene_assignment,True
8075564,RFPL2,gene_assignment,True
8075569,SLC5A4,gene_assignment,True
8075585,C22ORF28,gene_assignment,True
8075600,BPIL2,gene_assignment,True
8075616,SYN3,gene_assignment,True
8075635,TIMP3,gene_assignment,True
8075637,LARGE,gene_assignment,True
8075659,MB,gene_assignment,True
8075668,,,False
8075673,RBFOX2,gene_assignment,True
8075691,RPL41,gene_assignment,True
8075695,APOL3,gene_assignment,True
8075709,APOL4,gene_assignment,True
8075720,APOL2,gene_assignment,True
8075728,MYH9,gene_assignment,True
8075778,TXN2,gene_assignment,True
8075785,FOXRED2,gene_assignment,True
8075798,EIF3D,gene_assignment,True
8075817,,,False
8075820,CACNG2,gene_assignment,True
8075828,IFT27,gene_assignment,True
8075838,PVALB,gene_assignment,True
8075846,AK075161,gene_assignment,True
8075850,C22ORF33,gene_assignment,True
8075857,TST,gene_assignment,True
8075863,,,False
8075865,TMPRSS6,gene_assignment,True
8075886,IL2RB,gene_assignment,True
8075897,C1QTNF6,gene_assignment,True
8075906,SSTR3,gene_assignment,True
8075910,RAC2,gene_assignment,True
8075918,,,False
8075921,ELFN2,gene_assignment,True
8075924,MFNG,gene_assignment,True
8075934,CARD10,gene_assignment,True
8075956,LGALS2,gene_assignment,True
8075963,AY364241,gene_assignment,True
8075971,ANKRD54,gene_assignment,True
8075981,AF324466,gene_assignment,True
8075992,SOX10,gene_assignment,True
8076002,SLC16A8,gene_assignment,True
8076007,BAIAP2L2,gene_assignment,True
8076025,PLA2G6,gene_assignment,True
8076046,TMEM184B,gene_assignment,True
8076056,CSNK1E,gene_assignment,True
8076072,KCNJ4,gene_assignment,True
8076077,DDX17,gene_assignment,True
8076094,DMC1,gene_assignment,True
8076113,LOC646851,gene_assignment,True
8076128,JOSD1,gene_assignment,True
8076137,SUN2,gene_assignment,True
8076161,DNAL4,gene_assignment,True
8076169,NPTXR,gene_assignment,True
8076176,CBX6,gene_assignment,True
8076185,CBX7,gene_assignment,True
8076193,AK074445,gene_assignment,True
8076195,PDGFB,gene_assignment,True
8076209,RPL3,gene_assignment,True
8076219,SNORD83B,gene_assignment,True
8076221,SNORD83A,gene_assignment,True
8076223,SNORD43,gene_assignment,True
8076225,RPS19BP1,gene_assignment,True
8076231,ENTHD1,gene_assignment,True
8076239,,,False
8076241,MKL1,gene_assignment,True
8076260,SLC25A17,gene_assignment,True
8076272,ST13,gene_assignment,True
8076292,DNAJB7,gene_assignment,True
8076300,,,False
8076302,CHADL,gene_assignment,True
8076307,RANGAP1,gene_assignment,True
8076327,AK097637,gene_assignment,True
8076329,,,False
8076331,TOB2,gene_assignment,True
8076339,PHF5A,gene_assignment,True
8076344,POLR3H,gene_assignment,True
8076355,PMM1,gene_assignment,True
8076365,PPPDE2,gene_assignment,True
8076374,NHP2L1,gene_assignment,True
8076384,,,False
8076387,TNFRSF13C,gene_assignment,True
8076393,CENPM,gene_assignment,True
8076403,NAGA,gene_assignment,True
8076415,X58061,gene_assignment,True
8076417,NDUFA6,gene_assignment,True
8076424,CYP2D6,gene_assignment,True
8076431,CYP2D7P1,gene_assignment,True
8076436,TCF20,gene_assignment,True
8076441,NFAM1,gene_assignment,True
8076449,RRP7B,gene_assignment,True
8076455,RRP7A,gene_assignment,True
8076461,,,False
8076463,BC014647,gene_assignment,True
8076465,POLDIP3,gene_assignment,True
8076481,CYB5R3,gene_assignment,True
8076493,ATP5L2,gene_assignment,True
8076497,A4GALT,gene_assignment,True
8076509,,,False
8076511,RPL5,gene_assignment,True
8076513,,,False
8076515,ARFGAP3,gene_assignment,True
8076533,PACSIN2,gene_assignment,True
8076547,TTLL1,gene_assignment,True
8076561,AB051441,gene_assignment,True
8076563,MCAT,gene_assignment,True
8076569,TTLL12,gene_assignment,True
8076584,AK056490,gene_assignment,True
8076586,SCUBE1,gene_assignment,True
8076612,EFCAB6,gene_assignment,True
8076644,SULT4A1,gene_assignment,True
8076655,PNPLA5,gene_assignment,True
8076668,BC104183,gene_assignment,True
8076673,LDOC1L,gene_assignment,True
8076677,PHF21B,gene_assignment,True
8076690,C22ORF9,gene_assignment,True
8076704,SMC1B,gene_assignment,True
8076734,WNT7B,gene_assignment,True
8076739,C22ORF26,gene_assignment,True
8076744,,,False
8076747,AK123383,gene_assignment,True
8076749,C22ORF40,gene_assignment,True
8076754,PKDREJ,gene_assignment,True
8076757,CELSR1,gene_assignment,True
8076792,CERK,gene_assignment,True
8076813,BC041833,gene_assignment,True
8076815,AY358194,gene_assignment,True
8076819,FLJ46257,gene_assignment,True
8076826,C22ORF34,gene_assignment,True
8076836,BRD1,gene_assignment,True
8076851,ALG12,gene_assignment,True
8076865,IL17REL,gene_assignment,True
8076882,TTLL8,gene_assignment,True
8076894,MLC1,gene_assignment,True
8076909,TUBGCP6,gene_assignment,True
8076937,HDAC10,gene_assignment,True
8076962,MAPK12,gene_assignment,True
8076978,MAPK11,gene_assignment,True
8076998,PLXNB2,gene_assignment,True
8077036,FAM116B,gene_assignment,True
8077042,SBF1,gene_assignment,True
8077082,LMF2,gene_assignment,True
8077099,SCO2,gene_assignment,True
8077103,TYMP,gene_assignment,True
8077116,ODF3B,gene_assignment,True
8077123,CHKB-CPT1B,gene_assignment,True
8077160,ARSA,gene_assignment,True
8077169,,,False
8077171,RABL2B,gene_assignment,True
8077185,APOA1,gene_assignment,True
8077192,APOA4,gene_assignment,True
8077198,FLJ43315,gene_assignment,True
8077204,APOC3,gene_assignment,True
8077211,ATG4B,gene_assignment,True
8077226,ING5,gene_assignment,True
8077238,D2HGDH,gene_assignment,True
8077250,THAP4,gene_assignment,True
8077262,DTYMK,gene_assignment,True
8077270,CHL1,gene_assignment,True
8077299,CNTN6,gene_assignment,True
8077323,CNTN4,gene_assignment,True
8077353,TRNT1,gene_assignment,True
8077366,LRRN1,gene_assignment,True
8077370,SETMAR,gene_assignment,True
8077376,ITPR1,gene_assignment,True
8077441,BHLHE40,gene_assignment,True
8077450,ARL8B,gene_assignment,True
8077458,EDEM1,gene_assignment,True
8077472,GRM7,gene_assignment,True
8077490,LMCD1,gene_assignment,True
8077499,AF086709,gene_assignment,True
8077503,CAV3,gene_assignment,True
8077511,,,False
8077513,THUMPD3,gene_assignment,True
8077528,SETD5,gene_assignment,True
8077550,MTMR14,gene_assignment,True
8077572,CPNE9,gene_assignment,True
8077595,BRPF1,gene_assignment,True
8077612,TTLL3,gene_assignment,True
8077635,OGG1,gene_assignment,True
8077652,ARPC4,gene_assignment,True
8077663,JAGN1,gene_assignment,True
8077668,IL17RE,gene_assignment,True
8077688,IL17RC,gene_assignment,True
8077712,CRELD1,gene_assignment,True
8077728,ENST00000245046,gene_assignment,True
8077731,FANCD2,gene_assignment,True
8077768,,,False
8077770,C3ORF10,gene_assignment,True
8077777,,,False
8077779,ENST00000256474,gene_assignment,True
8077781,VHL,gene_assignment,True
8077786,IRAK2,gene_assignment,True
8077804,TATDN2,gene_assignment,True
8077815,C3ORF42,gene_assignment,True
8077817,SLC6A11,gene_assignment,True
8077833,SLC6A1,gene_assignment,True
8077851,HRH1,gene_assignment,True
8077858,ATG7,gene_assignment,True
8077877,AK094424,gene_assignment,True
8077879,SYN2,gene_assignment,True
8077899,PPARG,gene_assignment,True
8077914,TSEN2,gene_assignment,True
8077931,MKRN2,gene_assignment,True
8077942,,,False
8077944,CAND2,gene_assignment,True
8077958,HDAC11,gene_assignment,True
8077970,FBLN2,gene_assignment,True
8077989,TPRXL,gene_assignment,True
8077993,TMEM43,gene_assignment,True
8078008,LSM3,gene_assignment,True
8078012,,,False
8078014,SLC6A6,gene_assignment,True
8078033,C3ORF19,gene_assignment,True
8078046,C3ORF20,gene_assignment,True
8078066,FGD5,gene_assignment,True
8078091,NR2C2,gene_assignment,True
8078110,CAPN7,gene_assignment,True
8078136,,,False
8078138,EAF1,gene_assignment,True
8078147,BTD,gene_assignment,True
8078153,,,False
8078155,GALNTL2,gene_assignment,True
8078173,OXNAD1,gene_assignment,True
8078187,PLCL2,gene_assignment,True
8078196,KCNH8,gene_assignment,True
8078214,RAB5A,gene_assignment,True
8078225,,,False
8078227,KAT2B,gene_assignment,True
8078248,HMGB1,gene_assignment,True
8078252,UBE2E2,gene_assignment,True
8078260,,,False
8078262,UBE2E1,gene_assignment,True
8078270,RPL15,gene_assignment,True
8078272,NR1D2,gene_assignment,True
8078284,,,False
8078286,RARB,gene_assignment,True
8078300,OXSM,gene_assignment,True
8078305,LRRC3B,gene_assignment,True
8078310,,,False
8078312,CMC1,gene_assignment,True
8078319,ZCWPW2,gene_assignment,True
8078330,RBMS3,gene_assignment,True
8078350,TGFBR2,gene_assignment,True
8078360,STT3B,gene_assignment,True
8078378,,,False
8078380,ZNF860,gene_assignment,True
8078382,,,False
8078386,GPD1L,gene_assignment,True
8078395,,,False
8078397,CMTM8,gene_assignment,True
8078405,CMTM7,gene_assignment,True
8078412,CNOT10,gene_assignment,True
8078435,TRIM71,gene_assignment,True
8078442,CCR4,gene_assignment,True
8078448,,,False
8078450,CRTAP,gene_assignment,True
8078461,FBXL2,gene_assignment,True
8078479,PDCD6IP,gene_assignment,True
8078497,ARPP21,gene_assignment,True
8078527,MIR128-2,gene_assignment,True
8078529,STAC,gene_assignment,True
8078542,,,False
8078544,MLH1,gene_assignment,True
8078565,,,False
8078567,,,False
8078569,GOLGA4,gene_assignment,True
8078600,TCEA1,gene_assignment,True
8078603,,,False
8078605,C3ORF35,gene_assignment,True
8078619,ITGA9,gene_assignment,True
8078650,CTDSPL,gene_assignment,True
8078663,MIR26A1,gene_assignment,True
8078665,VILL,gene_assignment,True
8078688,,,False
8078690,DLEC1,gene_assignment,True
8078729,MYD88,gene_assignment,True
8078738,OXSR1,gene_assignment,True
8078759,SLC22A13,gene_assignment,True
8078772,SLC22A14,gene_assignment,True
8078784,XYLB,gene_assignment,True
8078805,ACVR2B,gene_assignment,True
8078818,EXOG,gene_assignment,True
8078832,,,False
8078834,WDR48,gene_assignment,True
8078857,TTC21A,gene_assignment,True
8078888,CCR8,gene_assignment,True
8078898,SLC25A38,gene_assignment,True
8078905,RPSA,gene_assignment,True
8078916,SNORA6,gene_assignment,True
8078918,SNORA62,gene_assignment,True
8078920,MOBP,gene_assignment,True
8078933,MYRIP,gene_assignment,True
8078956,,,False
8078958,,,False
8078960,,,False
8078962,EIF1B,gene_assignment,True
8078971,ENTPD3,gene_assignment,True
8078984,RPL14,gene_assignment,True
8078991,ZNF619,gene_assignment,True
8078999,ZNF620,gene_assignment,True
8079005,ZNF621,gene_assignment,True
8079019,RPS27,gene_assignment,True
8079021,CTNNB1,gene_assignment,True
8079037,TRAK1,gene_assignment,True
8079058,,,False
8079060,VIPR1,gene_assignment,True
8079074,SS18L2,gene_assignment,True
8079079,NKTR,gene_assignment,True
8079099,ZBTB47,gene_assignment,True
8079107,KBTBD5,gene_assignment,True
8079117,CCBP2,gene_assignment,True
8079124,ZNF662,gene_assignment,True
8079131,FAM198A,gene_assignment,True
8079140,SNRK,gene_assignment,True
8079149,,,False
8079153,ABHD5,gene_assignment,True
8079165,MIR138-1,gene_assignment,True
8079167,C3ORF77,gene_assignment,True
8079170,C3ORF23,gene_assignment,True
8079187,ENST00000313378,gene_assignment,True
8079189,ZNF167,gene_assignment,True
8079198,ZNF660,gene_assignment,True
8079204,ZNF197,gene_assignment,True
8079217,ZNF35,gene_assignment,True
8079224,ZNF502,gene_assignment,True
8079229,ZNF501,gene_assignment,True
8079237,KIF15,gene_assignment,True
8079274,TMEM42,gene_assignment,True
8079279,TGM4,gene_assignment,True
8079294,EXOSC7,gene_assignment,True
8079305,CLEC3B,gene_assignment,True
8079311,LARS2,gene_assignment,True
8079334,LIMD1,gene_assignment,True
8079346,SACM1L,gene_assignment,True
8079368,,,False
8079370,CCR9,gene_assignment,True
8079375,,,False
8079377,CXCR6,gene_assignment,True
8079383,CCR3,gene_assignment,True
8079392,CCR2,gene_assignment,True
8079401,CCR5,gene_assignment,True
8079407,CCRL2,gene_assignment,True
8079415,RTP3,gene_assignment,True
8079420,AJ312775,gene_assignment,True
8079422,TDGF1,gene_assignment,True
8079426,TMIE,gene_assignment,True
8079433,PTH1R,gene_assignment,True
8079462,NBEAL2,gene_assignment,True
8079517,KLHL18,gene_assignment,True
8079532,PTPN23,gene_assignment,True
8079561,,,False
8079563,DHX30,gene_assignment,True
8079588,,,False
8079590,CAMP,gene_assignment,True
8079598,ZNF589,gene_assignment,True
8079613,,,False
8079615,FBXW12,gene_assignment,True
8079628,,,False
8079630,CCDC72,gene_assignment,True
8079637,ATRIP,gene_assignment,True
8079662,ARIH2,gene_assignment,True
8079677,P4HTM,gene_assignment,True
8079693,WDR6,gene_assignment,True
8079707,NDUFAF3,gene_assignment,True
8079719,CCDC36,gene_assignment,True
8079731,,,False
8079733,KLHDC8B,gene_assignment,True
8079740,AY078383,gene_assignment,True
8079742,,,False
8079744,,,False
8079746,TCTA,gene_assignment,True
8079753,DAG1,gene_assignment,True
8079759,BSN,gene_assignment,True
8079772,APEH,gene_assignment,True
8079796,RNF123,gene_assignment,True
8079839,C3ORF54,gene_assignment,True
8079842,RBM6,gene_assignment,True
8079869,RBM5,gene_assignment,True
8079896,SEMA3F,gene_assignment,True
8079919,GNAT1,gene_assignment,True
8079931,SLC38A3,gene_assignment,True
8079950,GNAI2,gene_assignment,True
8079964,,,False
8079966,SEMA3B,gene_assignment,True
8079988,IFRD2,gene_assignment,True
8079993,CYB561D2,gene_assignment,True
8079999,,,False
8080001,HEMK1,gene_assignment,True
8080013,MAPKAPK3,gene_assignment,True
8080028,DOCK3,gene_assignment,True
8080084,MANF,gene_assignment,True
8080093,RBM15B,gene_assignment,True
8080100,RAD54L2,gene_assignment,True
8080121,TEX264,gene_assignment,True
8080128,GRM2,gene_assignment,True
8080138,IQCF2,gene_assignment,True
8080142,,,False
8080144,PARP3,gene_assignment,True
8080158,GPR62,gene_assignment,True
8080162,ABHD14A,gene_assignment,True
8080168,ACY1,gene_assignment,True
8080184,ALAS1,gene_assignment,True
8080198,PPM1M,gene_assignment,True
8080212,GLYCTK,gene_assignment,True
8080226,DNAH1,gene_assignment,True
8080306,PHF7,gene_assignment,True
8080320,NISCH,gene_assignment,True
8080344,STAB1,gene_assignment,True
8080416,C3ORF78,gene_assignment,True
8080419,GNL3,gene_assignment,True
8080438,SPCS1,gene_assignment,True
8080445,ITIH1,gene_assignment,True
8080466,ITIH3,gene_assignment,True
8080487,PRKCD,gene_assignment,True
8080509,,,False
8080511,CACNA1D,gene_assignment,True
8080562,IL17RB,gene_assignment,True
8080578,CACNA2D3,gene_assignment,True
8080617,,,False
8080619,,,False
8080621,CCDC66,gene_assignment,True
8080640,SPATA12,gene_assignment,True
8080645,APPL1,gene_assignment,True
8080674,,,False
8080676,PDE12,gene_assignment,True
8080683,,,False
8080685,SLMAP,gene_assignment,True
8080714,FLNB,gene_assignment,True
8080762,ABHD6,gene_assignment,True
8080773,RPP14,gene_assignment,True
8080781,PXK,gene_assignment,True
8080804,KCTD6,gene_assignment,True
8080810,PTPRG,gene_assignment,True
8080847,AF236158,gene_assignment,True
8080855,SYNPR,gene_assignment,True
8080863,SNTN,gene_assignment,True
8080868,C3ORF49,gene_assignment,True
8080878,ATXN7,gene_assignment,True
8080894,,,False
8080896,SLC25A26,gene_assignment,True
8080909,,,False
8080911,KBTBD8,gene_assignment,True
8080918,FAM19A1,gene_assignment,True
8080923,PSMC1,gene_assignment,True
8080926,ARL6IP5,gene_assignment,True
8080938,MITF,gene_assignment,True
8080956,,,False
8080958,GPR27,gene_assignment,True
8080960,,,False
8080962,,,False
8080964,GXYLT2,gene_assignment,True
8080973,PPP4R2,gene_assignment,True
8080980,EBLN2,gene_assignment,True
8080983,,,False
8080985,,,False
8080987,AY956766,gene_assignment,True
8080989,,,False
8080991,HNRNPA3,gene_assignment,True
8080994,FRG2C,gene_assignment,True
8080998,,,False
8081001,ROBO2,gene_assignment,True
8081028,,,False
8081030,,,False
8081032,,,False
8081034,,,False
8081036,CADM2,gene_assignment,True
8081053,,,False
8081055,CHMP2B,gene_assignment,True
8081065,,,False
8081067,HTR1F,gene_assignment,True
8081069,ZNF654,gene_assignment,True
8081073,C3ORF38,gene_assignment,True
8081079,,,False
8081081,EPHA3,gene_assignment,True
8081105,,,False
8081107,,,False
8081111,,,False
8081113,,,False
8081115,ARL13B,gene_assignment,True
8081128,NSUN3,gene_assignment,True
8081135,CDV3,gene_assignment,True
8081138,EPHA6,gene_assignment,True
8081158,ARL6,gene_assignment,True
8081171,MINA,gene_assignment,True
8081192,OR5AC2,gene_assignment,True
8081194,OR5H1,gene_assignment,True
8081196,OR5H14,gene_assignment,True
8081198,OR5H15,gene_assignment,True
8081200,,,False
8081202,OR5H6,gene_assignment,True
8081204,OR5H2,gene_assignment,True
8081206,OR5K4,gene_assignment,True
8081208,OR5K3,gene_assignment,True
8081210,OR5K1,gene_assignment,True
8081212,OR5K2,gene_assignment,True
8081214,GPR15,gene_assignment,True
8081217,BC101779,gene_assignment,True
8081219,ST3GAL6,gene_assignment,True
8081233,,,False
8081235,COL8A1,gene_assignment,True
8081241,C3ORF26,gene_assignment,True
8081254,,,False
8081256,TBC1D23,gene_assignment,True
8081277,NIT2,gene_assignment,True
8081288,TMEM45A,gene_assignment,True
8081298,GPR128,gene_assignment,True
8081316,TFG,gene_assignment,True
8081331,,,False
8081333,,,False
8081335,LOC100287852,gene_assignment,True
8081337,,,False
8081339,,,False
8081341,FAM172B,gene_assignment,True
8081343,RG9MTD1,gene_assignment,True
8081348,PCNP,gene_assignment,True
8081356,,,False
8081358,ZBTB11,gene_assignment,True
8081362,CEP97,gene_assignment,True
8081375,FAM55C,gene_assignment,True
8081386,NFKBIZ,gene_assignment,True
8081405,,,False
8081407,ZPLD1,gene_assignment,True
8081427,,,False
8081429,,,False
8081431,ALCAM,gene_assignment,True
8081452,,,False
8081454,,,False
8081462,CCDC54,gene_assignment,True
8081465,BBX,gene_assignment,True
8081488,HHLA2,gene_assignment,True
8081501,,,False
8081503,DZIP3,gene_assignment,True
8081537,TRAT1,gene_assignment,True
8081546,,,False
8081548,PVRL3,gene_assignment,True
8081564,CD96,gene_assignment,True
8081582,PLCXD2,gene_assignment,True
8081590,PHLDB2,gene_assignment,True
8081612,ABHD10,gene_assignment,True
8081620,TAGLN3,gene_assignment,True
8081631,TMPRSS7,gene_assignment,True
8081645,C3ORF52,gene_assignment,True
8081657,CD200,gene_assignment,True
8081667,SLC35A5,gene_assignment,True
8081676,GTPBP8,gene_assignment,True
8081686,BOC,gene_assignment,True
8081710,SIDT1,gene_assignment,True
8081740,ATP6V1A,gene_assignment,True
8081758,GRAMD1C,gene_assignment,True
8081779,ZDHHC23,gene_assignment,True
8081786,QTRTD1,gene_assignment,True
8081799,TIGIT,gene_assignment,True
8081808,AF119886,gene_assignment,True
8081810,GAP43,gene_assignment,True
8081818,,,False
8081820,,,False
8081822,C3ORF30,gene_assignment,True
8081826,UPK1B,gene_assignment,True
8081838,ARHGAP31,gene_assignment,True
8081853,POGLUT1,gene_assignment,True
8081867,C3ORF1,gene_assignment,True
8081880,ADPRH,gene_assignment,True
8081890,PLA1A,gene_assignment,True
8081903,C3ORF15,gene_assignment,True
8081925,NR1I2,gene_assignment,True
8081941,,,False
8081943,,,False
8081945,NDUFB4,gene_assignment,True
8081953,GTF2E1,gene_assignment,True
8081959,STXBP5L,gene_assignment,True
8081989,ARGFX,gene_assignment,True
8081995,,,False
8081997,FBXO40,gene_assignment,True
8082003,EAF2,gene_assignment,True
8082012,SLC15A2,gene_assignment,True
8082035,CD86,gene_assignment,True
8082046,CASR,gene_assignment,True
8082058,CSTA,gene_assignment,True
8082066,FAM162A,gene_assignment,True
8082075,DTX3L,gene_assignment,True
8082086,PARP15,gene_assignment,True
8082100,PARP14,gene_assignment,True
8082118,,,False
8082120,DIRC2,gene_assignment,True
8082133,PDIA5,gene_assignment,True
8082153,SEC22A,gene_assignment,True
8082163,,,False
8082165,KALRN,gene_assignment,True
8082229,UMPS,gene_assignment,True
8082236,,,False
8082238,,,False
8082240,,,False
8082242,,,False
8082244,MGC72080,gene_assignment,True
8082246,,,False
8082248,MGC72080,gene_assignment,True
8082250,,,False
8082252,,,False
8082254,LOC100125556,gene_assignment,True
8082261,ROPN1B,gene_assignment,True
8082270,CCDC37,gene_assignment,True
8082289,CHST13,gene_assignment,True
8082298,C3ORF46,gene_assignment,True
8082305,CHCHD6,gene_assignment,True
8082314,PLXNA1,gene_assignment,True
8082347,BC137154,gene_assignment,True
8082350,MCM2,gene_assignment,True
8082368,PODXL2,gene_assignment,True
8082380,ABTB1,gene_assignment,True
8082400,KBTBD12,gene_assignment,True
8082406,,,False
8082408,SEC61A1,gene_assignment,True
8082422,EEFSEC,gene_assignment,True
8082431,RAB7A,gene_assignment,True
8082444,ACAD9,gene_assignment,True
8082465,CCDC48,gene_assignment,True
8082473,GP9,gene_assignment,True
8082478,COPG,gene_assignment,True
8082504,C3ORF37,gene_assignment,True
8082517,C3ORF47,gene_assignment,True
8082523,IFT122,gene_assignment,True
8082552,RHO,gene_assignment,True
8082560,H1FOO,gene_assignment,True
8082570,,,False
8082574,TRH,gene_assignment,True
8082583,AY358247,gene_assignment,True
8082585,COL6A5,gene_assignment,True
8082597,COL6A6,gene_assignment,True
8082605,,,False
8082607,ATP2C1,gene_assignment,True
8082643,NEK11,gene_assignment,True
8082663,NUDT16P1,gene_assignment,True
8082667,NUDT16,gene_assignment,True
8082673,ACPP,gene_assignment,True
8082688,DNAJC13,gene_assignment,True
8082745,CCRL1,gene_assignment,True
8082750,UBA5,gene_assignment,True
8082767,TMEM108,gene_assignment,True
8082774,BFSP2,gene_assignment,True
8082786,,,False
8082788,CDV3,gene_assignment,True
8082797,TF,gene_assignment,True
8082816,SRPRB,gene_assignment,True
8082827,CEP63,gene_assignment,True
8082846,EPHB1,gene_assignment,True
8082869,PPP2R3A,gene_assignment,True
8082886,PCCB,gene_assignment,True
8082905,TMEM22,gene_assignment,True
8082911,NCK1,gene_assignment,True
8082916,IL20RB,gene_assignment,True
8082926,SOX14,gene_assignment,True
8082928,CLDN18,gene_assignment,True
8082940,ARMC8,gene_assignment,True
8082965,MRAS,gene_assignment,True
8082974,ESYT3,gene_assignment,True
8083000,FAIM,gene_assignment,True
8083011,MRPS22,gene_assignment,True
8083025,BPESC1,gene_assignment,True
8083032,,,False
8083034,CLSTN2,gene_assignment,True
8083053,TRIM42,gene_assignment,True
8083061,,,False
8083063,SLC25A36,gene_assignment,True
8083071,SPSB4,gene_assignment,True
8083075,ACPL2,gene_assignment,True
8083090,ZBTB38,gene_assignment,True
8083092,ZBTB38,gene_assignment,True
8083094,RASA2,gene_assignment,True
8083119,RNF7,gene_assignment,True
8083129,GRK7,gene_assignment,True
8083136,ATP1B3,gene_assignment,True
8083144,,,False
8083146,PLS1,gene_assignment,True
8083164,,,False
8083166,TRPC1,gene_assignment,True
8083183,SR140,gene_assignment,True
8083214,CHST2,gene_assignment,True
8083221,PBX2,gene_assignment,True
8083223,C3ORF58,gene_assignment,True
8083227,,,False
8083229,,,False
8083233,ZIC1,gene_assignment,True
8083240,AGTR1,gene_assignment,True
8083246,CPB1,gene_assignment,True
8083260,CPA3,gene_assignment,True
8083272,GYG1,gene_assignment,True
8083282,HPS3,gene_assignment,True
8083301,TM4SF4,gene_assignment,True
8083310,RNF13,gene_assignment,True
8083318,LOC646903,gene_assignment,True
8083320,,,False
8083322,,,False
8083324,TSC22D2,gene_assignment,True
8083333,EIF2A,gene_assignment,True
8083352,SELT,gene_assignment,True
8083360,MED12L,gene_assignment,True
8083407,,,False
8083409,AADACL2,gene_assignment,True
8083415,AADAC,gene_assignment,True
8083422,SUCNR1,gene_assignment,True
8083429,MBNL1,gene_assignment,True
8083445,,,False
8083447,P2RY1,gene_assignment,True
8083457,RAP2B,gene_assignment,True
8083463,ENST00000446603,gene_assignment,True
8083467,,,False
8083471,ARHGEF26,gene_assignment,True
8083492,,,False
8083494,MME,gene_assignment,True
8083523,GMPS,gene_assignment,True
8083538,,,False
8083546,KCNAB1,gene_assignment,True
8083569,TIPARP,gene_assignment,True
8083576,LEKR1,gene_assignment,True
8083590,,,False
8083592,,,False
8083594,PTX3,gene_assignment,True
8083599,C3ORF55,gene_assignment,True
8083605,RSRC1,gene_assignment,True
8083616,MLF1,gene_assignment,True
8083630,GFM1,gene_assignment,True
8083652,AY070437,gene_assignment,True
8083656,MFSD1,gene_assignment,True
8083673,IQCJ,gene_assignment,True
8083677,SCHIP1,gene_assignment,True
8083690,IL12A,gene_assignment,True
8083704,BRD7,gene_assignment,True
8083707,LOC401097,gene_assignment,True
8083709,SMC4,gene_assignment,True
8083737,MIR15B,gene_assignment,True
8083739,MIR16-2,gene_assignment,True
8083743,ARL14,gene_assignment,True
8083745,,,False
8083749,PPM1L,gene_assignment,True
8083757,NMD3,gene_assignment,True
8083770,OTOL1,gene_assignment,True
8083775,,,False
8083777,,,False
8083779,SERPINI1,gene_assignment,True
8083790,,,False
8083794,MYNN,gene_assignment,True
8083808,LRRIQ4,gene_assignment,True
8083814,SAMD7,gene_assignment,True
8083826,SEC62,gene_assignment,True
8083839,GPR160,gene_assignment,True
8083848,,,False
8083850,,,False
8083852,,,False
8083854,PRKCI,gene_assignment,True
8083876,SKIL,gene_assignment,True
8083887,CLDN11,gene_assignment,True
8083893,,,False
8083895,,,False
8083897,TMEM212,gene_assignment,True
8083901,FNDC3B,gene_assignment,True
8083933,,,False
8083935,,,False
8083939,,,False
8083941,ECT2,gene_assignment,True
8083968,NLGN1,gene_assignment,True
8083978,NAALADL2,gene_assignment,True
8083994,,,False
8083996,,,False
8083998,,,False
8084002,KCNMB2,gene_assignment,True
8084014,,,False
8084016,PIK3CA,gene_assignment,True
8084035,ZNF639,gene_assignment,True
8084045,MFN1,gene_assignment,True
8084064,MTHFD2,gene_assignment,True
8084067,ACTL6A,gene_assignment,True
8084092,NDUFB5,gene_assignment,True
8084100,USP13,gene_assignment,True
8084124,,,False
8084126,,,False
8084128,TTC14,gene_assignment,True
8084146,FXR1,gene_assignment,True
8084165,SOX2,gene_assignment,True
8084169,,,False
8084171,,,False
8084173,ATP11B,gene_assignment,True
8084206,B3GNT5,gene_assignment,True
8084213,,,False
8084215,,,False
8084219,KLHL24,gene_assignment,True
8084232,YEATS2,gene_assignment,True
8084266,HTR3D,gene_assignment,True
8084275,HTR3C,gene_assignment,True
8084284,HTR3E,gene_assignment,True
8084299,AY956761,gene_assignment,True
8084303,EIF2B5,gene_assignment,True
8084323,DVL3,gene_assignment,True
8084345,AP2M1,gene_assignment,True
8084360,ABCF3,gene_assignment,True
8084382,VWA5B2,gene_assignment,True
8084397,ECE2,gene_assignment,True
8084423,PSMD2,gene_assignment,True
8084439,EIF4G1,gene_assignment,True
8084478,FAM131A,gene_assignment,True
8084488,POLR2H,gene_assignment,True
8084496,CHRD,gene_assignment,True
8084524,EPHB3,gene_assignment,True
8084541,VPS8,gene_assignment,True
8084589,MAP3K13,gene_assignment,True
8084605,,,False
8084607,SENP2,gene_assignment,True
8084627,C3ORF65,gene_assignment,True
8084630,LOC344887,gene_assignment,True
8084634,DNAJB11,gene_assignment,True
8084648,AHSG,gene_assignment,True
8084657,FETUB,gene_assignment,True
8084668,HRG,gene_assignment,True
8084679,KNG1,gene_assignment,True
8084694,EIF4A2,gene_assignment,True
8084704,AB209021,gene_assignment,True
8084708,SNORA4,gene_assignment,True
8084710,ADIPOQ,gene_assignment,True
8084715,,,False
8084717,ST6GAL1,gene_assignment,True
8084726,RTP1,gene_assignment,True
8084732,RTP4,gene_assignment,True
8084737,,,False
8084739,FLJ42393,gene_assignment,True
8084742,LPP,gene_assignment,True
8084755,MIR28,gene_assignment,True
8084757,TPRG1,gene_assignment,True
8084766,TP63,gene_assignment,True
8084788,CLDN16,gene_assignment,True
8084794,IL1RAP,gene_assignment,True
8084810,,,False
8084814,OSTN,gene_assignment,True
8084818,CCDC50,gene_assignment,True
8084832,PYDC2,gene_assignment,True
8084834,,,False
8084836,,,False
8084838,HRASLS,gene_assignment,True
8084844,OPA1,gene_assignment,True
8084878,,,False
8084880,HES1,gene_assignment,True
8084887,,,False
8084891,FAM43A,gene_assignment,True
8084895,MUC20,gene_assignment,True
8084904,SDHAP2,gene_assignment,True
8084912,SDHAP2,gene_assignment,True
8084917,AK128346,gene_assignment,True
8084921,AK094115,gene_assignment,True
8084923,LOC401109,gene_assignment,True
8084927,,,False
8084929,OSTALPHA,gene_assignment,True
8084941,,,False
8084943,,,False
8084945,,,False
8084947,FBXO45,gene_assignment,True
8084951,LRRC33,gene_assignment,True
8084955,PIGX,gene_assignment,True
8084963,PAK2,gene_assignment,True
8084971,SENP5,gene_assignment,True
8084982,LOC152217,gene_assignment,True
8084986,FYTTD1,gene_assignment,True
8085000,LRCH3,gene_assignment,True
8085024,,,False
8085026,RPL35A,gene_assignment,True
8085033,LMLN,gene_assignment,True
8085052,,,False
8085054,ENST00000388975,gene_assignment,True
8085056,,,False
8085058,,,False
8085060,,,False
8085062,IL5RA,gene_assignment,True
8085081,CRBN,gene_assignment,True
8085094,SUMF1,gene_assignment,True
8085112,,,False
8085114,,,False
8085116,EDEM1,gene_assignment,True
8085118,,,False
8085122,AB024705,gene_assignment,True
8085138,OXTR,gene_assignment,True
8085145,RAD18,gene_assignment,True
8085164,SRGAP3,gene_assignment,True
8085193,AK128398,gene_assignment,True
8085195,LHFPL4,gene_assignment,True
8085206,CAMK1,gene_assignment,True
8085220,TADA3,gene_assignment,True
8085233,RPUSD3,gene_assignment,True
8085244,CIDEC,gene_assignment,True
8085253,,,False
8085255,PRRT3,gene_assignment,True
8085263,TMEM111,gene_assignment,True
8085272,AK022260,gene_assignment,True
8085276,CIDECP,gene_assignment,True
8085283,C3ORF24,gene_assignment,True
8085287,C3ORF10,gene_assignment,True
8085293,GHRL,gene_assignment,True
8085300,SEC13,gene_assignment,True
8085311,ATP2B2,gene_assignment,True
8085340,VGLL4,gene_assignment,True
8085350,C3ORF31,gene_assignment,True
8085358,,,False
8085360,TIMP4,gene_assignment,True
8085370,,,False
8085372,,,False
8085374,RAF1,gene_assignment,True
8085393,TMEM40,gene_assignment,True
8085407,RPL32,gene_assignment,True
8085412,IQSEC1,gene_assignment,True
8085429,AY358240,gene_assignment,True
8085431,NUP210,gene_assignment,True
8085475,WNT7A,gene_assignment,True
8085481,CHCHD4,gene_assignment,True
8085486,XPC,gene_assignment,True
8085504,GRIP2,gene_assignment,True
8085529,,,False
8085531,MRPS25,gene_assignment,True
8085537,ZFYVE20,gene_assignment,True
8085556,SH3BP5,gene_assignment,True
8085571,METTL6,gene_assignment,True
8085579,,,False
8085581,COLQ,gene_assignment,True
8085606,,,False
8085608,HACL1,gene_assignment,True
8085628,ANKRD28,gene_assignment,True
8085660,DPH3,gene_assignment,True
8085665,RFTN1,gene_assignment,True
8085676,DAZL,gene_assignment,True
8085689,TBC1D5,gene_assignment,True
8085716,SATB1,gene_assignment,True
8085732,EFHB,gene_assignment,True
8085749,C3ORF48,gene_assignment,True
8085754,SGOL1,gene_assignment,True
8085770,,,False
8085772,,,False
8085774,ZNF385D,gene_assignment,True
8085786,,,False
8085788,NKIRAS1,gene_assignment,True
8085797,THRB,gene_assignment,True
8085813,,,False
8085815,TOP2B,gene_assignment,True
8085852,NGLY1,gene_assignment,True
8085867,NEK10,gene_assignment,True
8085912,,,False
8085914,SLC4A7,gene_assignment,True
8085946,EOMES,gene_assignment,True
8085954,AZI2,gene_assignment,True
8085967,,,False
8085970,,,False
8085972,GADL1,gene_assignment,True
8085984,OSBPL10,gene_assignment,True
8085999,CMTM6,gene_assignment,True
8086008,DYNC1LI1,gene_assignment,True
8086024,AY358209,gene_assignment,True
8086028,GLB1,gene_assignment,True
8086048,TMPPE,gene_assignment,True
8086051,SUSD5,gene_assignment,True
8086057,UBP1,gene_assignment,True
8086075,,,False
8086077,CLASP2,gene_assignment,True
8086120,DCLK3,gene_assignment,True
8086125,TRANK1,gene_assignment,True
8086139,,,False
8086141,EPM2AIP1,gene_assignment,True
8086148,,,False
8086150,LRRFIP2,gene_assignment,True
8086181,,,False
8086183,GOLGA4,gene_assignment,True
8086185,PLCD1,gene_assignment,True
8086201,ACAA1,gene_assignment,True
8086216,AK127051,gene_assignment,True
8086218,,,False
8086222,SCN5A,gene_assignment,True
8086255,SCN10A,gene_assignment,True
8086283,SCN11A,gene_assignment,True
8086317,GORASP1,gene_assignment,True
8086330,CSRNP1,gene_assignment,True
8086341,XIRP1,gene_assignment,True
8086344,CX3CR1,gene_assignment,True
8086350,,,False
8086352,ULK4,gene_assignment,True
8086368,,,False
8086372,ULK4,gene_assignment,True
8086389,,,False
8086391,CCK,gene_assignment,True
8086400,LYZL4,gene_assignment,True
8086406,SEC22C,gene_assignment,True
8086417,,,False
8086419,HHATL,gene_assignment,True
8086434,CCDC13,gene_assignment,True
8086451,HIGD1A,gene_assignment,True
8086457,CYP8B1,gene_assignment,True
8086462,C3ORF39,gene_assignment,True
8086467,ANO10,gene_assignment,True
8086482,ZNF445,gene_assignment,True
8086494,AK296954,gene_assignment,True
8086498,KIAA1143,gene_assignment,True
8086503,ZDHHC3,gene_assignment,True
8086505,ZDHHC3,gene_assignment,True
8086517,CDCP1,gene_assignment,True
8086530,TMEM158,gene_assignment,True
8086536,,,False
8086538,BC047037,gene_assignment,True
8086540,SLC6A20,gene_assignment,True
8086555,LZTFL1,gene_assignment,True
8086572,FYCO1,gene_assignment,True
8086595,XCR1,gene_assignment,True
8086600,CCR1,gene_assignment,True
8086607,LTF,gene_assignment,True
8086615,LRRC2,gene_assignment,True
8086627,ALS2CL,gene_assignment,True
8086660,PRSS50,gene_assignment,True
8086669,PRSS45,gene_assignment,True
8086683,PRSS42,gene_assignment,True
8086689,MYL3,gene_assignment,True
8086698,CCDC12,gene_assignment,True
8086706,SETD2,gene_assignment,True
8086729,KIF9,gene_assignment,True
8086752,SNORD13,gene_assignment,True
8086754,SCAP,gene_assignment,True
8086784,C3ORF75,gene_assignment,True
8086797,,,False
8086799,CSPG5,gene_assignment,True
8086810,SMARCC1,gene_assignment,True
8086842,MAP4,gene_assignment,True
8086876,,,False
8086878,,,False
8086880,CDC25A,gene_assignment,True
8086899,NME6,gene_assignment,True
8086908,PLXNB1,gene_assignment,True
8086949,CCDC51,gene_assignment,True
8086953,SHISA5,gene_assignment,True
8086961,PFKFB4,gene_assignment,True
8086981,UCN2,gene_assignment,True
8086985,COL7A1,gene_assignment,True
8087100,UQCRC1,gene_assignment,True
8087116,TMEM89,gene_assignment,True
8087119,SLC26A6,gene_assignment,True
8087145,CELSR3,gene_assignment,True
8087182,NCKIPSD,gene_assignment,True
8087201,IP6K2,gene_assignment,True
8087210,PRKAR2A,gene_assignment,True
8087224,SLC25A20,gene_assignment,True
8087234,ENST00000356401,gene_assignment,True
8087236,DALRD3,gene_assignment,True
8087250,MIR425,gene_assignment,True
8087252,MIR191,gene_assignment,True
8087254,IMPDH2,gene_assignment,True
8087271,QRICH1,gene_assignment,True
8087283,QARS,gene_assignment,True
8087308,USP19,gene_assignment,True
8087337,LAMB2,gene_assignment,True
8087372,CCDC71,gene_assignment,True
8087374,C3ORF62,gene_assignment,True
8087380,USP4,gene_assignment,True
8087405,GPX1,gene_assignment,True
8087409,RHOA,gene_assignment,True
8087419,AMT,gene_assignment,True
8087433,NICN1,gene_assignment,True
8087447,MST1,gene_assignment,True
8087453,AMIGO3,gene_assignment,True
8087461,GMPPB,gene_assignment,True
8087473,IP6K1,gene_assignment,True
8087481,CDHR4,gene_assignment,True
8087485,UBA7,gene_assignment,True
8087513,TRAIP,gene_assignment,True
8087530,CAMKV,gene_assignment,True
8087545,,,False
8087547,MST1R,gene_assignment,True
8087568,MON1A,gene_assignment,True
8087576,IFRD2,gene_assignment,True
8087596,HYAL3,gene_assignment,True
8087611,HYAL1,gene_assignment,True
8087624,HYAL2,gene_assignment,True
8087634,TUSC2,gene_assignment,True
8087640,RASSF1,gene_assignment,True
8087653,ZMYND10,gene_assignment,True
8087669,NPRL2,gene_assignment,True
8087685,TMEM115,gene_assignment,True
8087691,CACNA2D2,gene_assignment,True
8087731,C3ORF18,gene_assignment,True
8087739,CISH,gene_assignment,True
8087746,,,False
8087748,VPRBP,gene_assignment,True
8087778,,,False
8087780,,,False
8087782,IQCF1,gene_assignment,True
8087790,RRP9,gene_assignment,True
8087806,PCBP4,gene_assignment,True
8087825,ABHD14B,gene_assignment,True
8087830,RPL29,gene_assignment,True
8087833,DUSP7,gene_assignment,True
8087839,POC1A,gene_assignment,True
8087852,TLR9,gene_assignment,True
8087860,TWF2,gene_assignment,True
8087874,WDR82,gene_assignment,True
8087881,MIRLET7G,gene_assignment,True
8087883,MIR135A1,gene_assignment,True
8087885,BAP1,gene_assignment,True
8087907,SEMA3G,gene_assignment,True
8087925,TNNC1,gene_assignment,True
8087935,NT5DC2,gene_assignment,True
8087951,PBRM1,gene_assignment,True
8087985,GLT8D1,gene_assignment,True
8088001,NEK4,gene_assignment,True
8088020,ITIH4,gene_assignment,True
8088047,MUSTN1,gene_assignment,True
8088054,TMEM110,gene_assignment,True
8088065,SFMBT1,gene_assignment,True
8088090,RFT1,gene_assignment,True
8088092,RFT1,gene_assignment,True
8088106,TKT,gene_assignment,True
8088126,,,False
8088128,DCP1A,gene_assignment,True
8088140,,,False
8088142,CHDH,gene_assignment,True
8088151,ACTR8,gene_assignment,True
8088167,SELK,gene_assignment,True
8088174,LRTM1,gene_assignment,True
8088180,WNT5A,gene_assignment,True
8088192,ERC2,gene_assignment,True
8088212,C3ORF51,gene_assignment,True
8088219,C3ORF63,gene_assignment,True
8088247,ARHGEF3,gene_assignment,True
8088264,IL17RD,gene_assignment,True
8088285,HESX1,gene_assignment,True
8088292,ASB14,gene_assignment,True
8088299,DNAH12,gene_assignment,True
8088315,DNAH12,gene_assignment,True
8088322,DNAH12,gene_assignment,True
8088335,,,False
8088337,,,False
8088339,ARF4,gene_assignment,True
8088348,FAM116A,gene_assignment,True
8088371,DNASE1L3,gene_assignment,True
8088384,PDHB,gene_assignment,True
8088397,ACOX2,gene_assignment,True
8088415,FAM107A,gene_assignment,True
8088425,FAM3D,gene_assignment,True
8088436,C3ORF67,gene_assignment,True
8088458,FHIT,gene_assignment,True
8088468,AF134979,gene_assignment,True
8088472,LOC100506946,gene_assignment,True
8088474,,,False
8088478,,,False
8088480,ID2B,gene_assignment,True
8088485,FEZF2,gene_assignment,True
8088491,CADPS,gene_assignment,True
8088526,THOC7,gene_assignment,True
8088535,PSMD6,gene_assignment,True
8088546,,,False
8088548,LOC100287879,gene_assignment,True
8088550,PRICKLE2,gene_assignment,True
8088560,ADAMTS9,gene_assignment,True
8088602,MAGI1,gene_assignment,True
8088634,,,False
8088636,,,False
8088642,LRIG1,gene_assignment,True
8088664,SUCLG2,gene_assignment,True
8088671,FAM19A4,gene_assignment,True
8088680,C3ORF64,gene_assignment,True
8088700,TMF1,gene_assignment,True
8088718,UBA3,gene_assignment,True
8088739,LMOD3,gene_assignment,True
8088745,FRMD4B,gene_assignment,True
8088770,,,False
8088772,,,False
8088776,FOXP1,gene_assignment,True
8088803,EIF4E3,gene_assignment,True
8088813,PROK2,gene_assignment,True
8088820,RYBP,gene_assignment,True
8088828,,,False
8088830,SHQ1,gene_assignment,True
8088844,,,False
8088848,PDZRN3,gene_assignment,True
8088866,CNTN3,gene_assignment,True
8088889,,,False
8088891,,,False
8088893,,,False
8088895,FAM86DP,gene_assignment,True
8088903,,,False
8088905,,,False
8088908,,,False
8088911,ZNF717,gene_assignment,True
8088915,,,False
8088917,,,False
8088919,ROBO1,gene_assignment,True
8088958,GBE1,gene_assignment,True
8088977,,,False
8088979,VGLL3,gene_assignment,True
8088986,POU1F1,gene_assignment,True
8088998,,,False
8089000,CGGBP1,gene_assignment,True
8089011,PROS1,gene_assignment,True
8089013,,,False
8089015,PROS1,gene_assignment,True
8089026,STX19,gene_assignment,True
8089029,DHFRL1,gene_assignment,True
8089034,ARMC10,gene_assignment,True
8089036,,,False
8089038,,,False
8089040,MINA,gene_assignment,True
8089060,GABRR3,gene_assignment,True
8089062,CLDND1,gene_assignment,True
8089072,CPOX,gene_assignment,True
8089082,DCBLD2,gene_assignment,True
8089108,,,False
8089112,FILIP1L,gene_assignment,True
8089128,TOMM70A,gene_assignment,True
8089145,ABI3BP,gene_assignment,True
8089185,IMPG2,gene_assignment,True
8089203,SENP7,gene_assignment,True
8089230,,,False
8089232,,,False
8089234,ZBTB11,gene_assignment,True
8089247,,,False
8089249,RPL24,gene_assignment,True
8089255,,,False
8089261,CBLB,gene_assignment,True
8089295,,,False
8089299,CD47,gene_assignment,True
8089314,IFT57,gene_assignment,True
8089329,MYH15,gene_assignment,True
8089372,KIAA1524,gene_assignment,True
8089394,RETNLB,gene_assignment,True
8089402,GUCA1C,gene_assignment,True
8089407,MORC1,gene_assignment,True
8089436,,,False
8089438,DPPA2,gene_assignment,True
8089448,DPPA4,gene_assignment,True
8089457,LOC644950,gene_assignment,True
8089459,NFYB,gene_assignment,True
8089462,,,False
8089464,ENST00000383686,gene_assignment,True
8089467,ZBED2,gene_assignment,True
8089472,PHLDB2,gene_assignment,True
8089478,GCET2,gene_assignment,True
8089489,SLC9A10,gene_assignment,True
8089519,BTLA,gene_assignment,True
8089527,ATG3,gene_assignment,True
8089544,CCDC80,gene_assignment,True
8089559,CD200R1L,gene_assignment,True
8089568,CD200R1,gene_assignment,True
8089584,C3ORF17,gene_assignment,True
8089596,WDR52,gene_assignment,True
8089606,WDR52,gene_assignment,True
8089627,SPICE1,gene_assignment,True
8089647,KIAA2018,gene_assignment,True
8089652,NAA50,gene_assignment,True
8089659,AK302488,gene_assignment,True
8089677,,,False
8089679,DRD3,gene_assignment,True
8089694,ZNF80,gene_assignment,True
8089701,ZBTB20,gene_assignment,True
8089714,LSAMP,gene_assignment,True
8089723,,,False
8089727,,,False
8089729,IGSF11,gene_assignment,True
8089743,B4GALT4,gene_assignment,True
8089757,,,False
8089759,TMEM39A,gene_assignment,True
8089771,CD80,gene_assignment,True
8089785,POPDC2,gene_assignment,True
8089795,COX17,gene_assignment,True
8089801,GSK3B,gene_assignment,True
8089818,,,False
8089820,GPR156,gene_assignment,True
8089830,LRRC58,gene_assignment,True
8089835,FSTL1,gene_assignment,True
8089849,,,False
8089851,HGD,gene_assignment,True
8089867,RABL3,gene_assignment,True
8089875,POLQ,gene_assignment,True
8089911,HCLS1,gene_assignment,True
8089926,,,False
8089928,,,False
8089930,GOLGB1,gene_assignment,True
8089954,IQCB1,gene_assignment,True
8089970,ILDR1,gene_assignment,True
8089986,,,False
8089988,CCDC58,gene_assignment,True
8089993,WDR5B,gene_assignment,True
8089999,KPNA1,gene_assignment,True
8090018,PARP9,gene_assignment,True
8090030,HSPBAP1,gene_assignment,True
8090044,SEMA5B,gene_assignment,True
8090070,ADCY5,gene_assignment,True
8090091,PTPLB,gene_assignment,True
8090098,MYLK,gene_assignment,True
8090133,CCDC14,gene_assignment,True
8090152,ROPN1,gene_assignment,True
8090162,ITGB5,gene_assignment,True
8090180,MUC13,gene_assignment,True
8090193,HEG1,gene_assignment,True
8090214,SLC12A8,gene_assignment,True
8090235,,,False
8090237,ZNF148,gene_assignment,True
8090256,SNX4,gene_assignment,True
8090277,OSBPL11,gene_assignment,True
8090291,ALG1L,gene_assignment,True
8090295,SLC41A3,gene_assignment,True
8090314,ALDH1L1,gene_assignment,True
8090341,,,False
8090343,KLF15,gene_assignment,True
8090349,,,False
8090351,ZXDC,gene_assignment,True
8090364,AK093796,gene_assignment,True
8090366,UROC1,gene_assignment,True
8090388,BC032025,gene_assignment,True
8090395,TXNRD3,gene_assignment,True
8090416,,,False
8090418,,,False
8090420,TPRA1,gene_assignment,True
8090433,MGLL,gene_assignment,True
8090446,,,False
8090448,RUVBL1,gene_assignment,True
8090462,,,False
8090464,DNAJB8,gene_assignment,True
8090469,GATA2,gene_assignment,True
8090485,C3ORF27,gene_assignment,True
8090490,RPN1,gene_assignment,True
8090505,,,False
8090507,,,False
8090509,,,False
8090511,ACAD9,gene_assignment,True
8090518,BC031632,gene_assignment,True
8090529,RAB43,gene_assignment,True
8090533,ISY1,gene_assignment,True
8090546,CNBP,gene_assignment,True
8090555,H1FX,gene_assignment,True
8090559,RPL32P3,gene_assignment,True
8090565,SNORA7B,gene_assignment,True
8090567,C3ORF25,gene_assignment,True
8090577,MBD4,gene_assignment,True
8090591,PLXND1,gene_assignment,True
8090630,TMCC1,gene_assignment,True
8090637,,,False
8090639,PIK3R4,gene_assignment,True
8090660,,,False
8090664,ASTE1,gene_assignment,True
8090674,,,False
8090678,MRPL3,gene_assignment,True
8090688,SNORA58,gene_assignment,True
8090690,CPNE4,gene_assignment,True
8090715,ACAD11,gene_assignment,True
8090737,NPHP3,gene_assignment,True
8090772,TOPBP1,gene_assignment,True
8090801,,,False
8090803,RAB6B,gene_assignment,True
8090817,C3ORF36,gene_assignment,True
8090823,SLCO2A1,gene_assignment,True
8090840,RYK,gene_assignment,True
8090852,AMOTL2,gene_assignment,True
8090866,ANAPC13,gene_assignment,True
8090872,KY,gene_assignment,True
8090891,EPHB1,gene_assignment,True
8090893,MSL2,gene_assignment,True
8090898,STAG1,gene_assignment,True
8090934,,,False
8090936,,,False
8090938,DZIP1L,gene_assignment,True
8090955,A4GNT,gene_assignment,True
8090960,DBR1,gene_assignment,True
8090972,TXNDC6,gene_assignment,True
8090988,CEP70,gene_assignment,True
8091009,PIK3CB,gene_assignment,True
8091032,FOXL2,gene_assignment,True
8091037,PRR23A,gene_assignment,True
8091039,PRR23B,gene_assignment,True
8091043,PRR23C,gene_assignment,True
8091048,COPB2,gene_assignment,True
8091071,RBP2,gene_assignment,True
8091078,RBP1,gene_assignment,True
8091087,NMNAT3,gene_assignment,True
8091095,,,False
8091097,,,False
8091099,,,False
8091101,,,False
8091103,TFDP2,gene_assignment,True
8091120,GK5,gene_assignment,True
8091141,XRN1,gene_assignment,True
8091188,,,False
8091190,ATR,gene_assignment,True
8091243,PCOLCE2,gene_assignment,True
8091255,PAQR9,gene_assignment,True
8091260,SLC9A9,gene_assignment,True
8091279,,,False
8091281,,,False
8091283,PLOD2,gene_assignment,True
8091306,PLSCR4,gene_assignment,True
8091318,PLSCR2,gene_assignment,True
8091327,PLSCR1,gene_assignment,True
8091340,,,False
8091342,ZIC4,gene_assignment,True
8091352,UBQLN4,gene_assignment,True
8091354,HLTF,gene_assignment,True
8091385,CP,gene_assignment,True
8091402,TM4SF18,gene_assignment,True
8091411,TM4SF1,gene_assignment,True
8091422,WWTR1,gene_assignment,True
8091432,COMMD2,gene_assignment,True
8091446,PFN2,gene_assignment,True
8091452,TMEM183B,gene_assignment,True
8091456,,,False
8091458,SERP1,gene_assignment,True
8091469,FAM194A,gene_assignment,True
8091485,SIAH2,gene_assignment,True
8091491,CLRN1,gene_assignment,True
8091503,GPR171,gene_assignment,True
8091511,P2RY14,gene_assignment,True
8091515,GPR87,gene_assignment,True
8091523,P2RY13,gene_assignment,True
8091530,P2RY12,gene_assignment,True
8091537,IGSF10,gene_assignment,True
8091546,TMEM14E,gene_assignment,True
8091550,KIAA1328,gene_assignment,True
8091554,,,False
8091556,,,False
8091560,,,False
8091562,DHX36,gene_assignment,True
8091588,GPR149,gene_assignment,True
8091595,AK128002,gene_assignment,True
8091600,PLCH1,gene_assignment,True
8091627,,,False
8091629,C3ORF33,gene_assignment,True
8091637,SLC33A1,gene_assignment,True
8091648,SSR3,gene_assignment,True
8091656,METT5D1,gene_assignment,True
8091658,CCNL1,gene_assignment,True
8091676,,,False
8091678,VEPH1,gene_assignment,True
8091698,SHOX2,gene_assignment,True
8091712,,,False
8091715,LXN,gene_assignment,True
8091723,RARRES1,gene_assignment,True
8091731,,,False
8091735,LOC401097,gene_assignment,True
8091737,IFT80,gene_assignment,True
8091757,TRIM59,gene_assignment,True
8091764,KPNA4,gene_assignment,True
8091778,SCARNA7,gene_assignment,True
8091780,B3GALNT1,gene_assignment,True
8091799,C3ORF57,gene_assignment,True
8091806,RPL23A,gene_assignment,True
8091811,SI,gene_assignment,True
8091861,,,False
8091863,SLITRK3,gene_assignment,True
8091867,BCHE,gene_assignment,True
8091887,ZBBX,gene_assignment,True
8091910,SERPINI2,gene_assignment,True
8091922,WDR49,gene_assignment,True
8091941,PDCD10,gene_assignment,True
8091954,GOLIM4,gene_assignment,True
8091972,MECOM,gene_assignment,True
8091991,MECOM,gene_assignment,True
8091998,,,False
8092000,TERC,gene_assignment,True
8092002,ARPM1,gene_assignment,True
8092009,LRRC34,gene_assignment,True
8092021,LRRC31,gene_assignment,True
8092035,PHC3,gene_assignment,True
8092053,SLC7A14,gene_assignment,True
8092055,SLC7A14,gene_assignment,True
8092065,,,False
8092067,RPL22L1,gene_assignment,True
8092073,EIF5A2,gene_assignment,True
8092081,,,False
8092083,SLC2A2,gene_assignment,True
8092095,TNIK,gene_assignment,True
8092132,,,False
8092134,PLD1,gene_assignment,True
8092162,ENST00000331659,gene_assignment,True
8092165,GHSR,gene_assignment,True
8092169,TNFSF10,gene_assignment,True
8092177,NCEH1,gene_assignment,True
8092183,,,False
8092185,,,False
8092187,SPATA16,gene_assignment,True
8092199,,,False
8092201,TBL1XR1,gene_assignment,True
8092218,,,False
8092220,,,False
8092224,,,False
8092226,,,False
8092230,ZMAT3,gene_assignment,True
8092239,,,False
8092241,KCNMB3,gene_assignment,True
8092251,GNB4,gene_assignment,True
8092265,MRPL47,gene_assignment,True
8092275,,,False
8092277,PEX5L,gene_assignment,True
8092295,CCDC39,gene_assignment,True
8092312,,,False
8092314,DNAJC19,gene_assignment,True
8092321,DCUN1D1,gene_assignment,True
8092328,MCCC1,gene_assignment,True
8092348,LAMP3,gene_assignment,True
8092358,MCF2L2,gene_assignment,True
8092390,,,False
8092392,KLHL6,gene_assignment,True
8092404,MAP6D1,gene_assignment,True
8092409,PARL,gene_assignment,True
8092418,ABCC5,gene_assignment,True
8092455,,,False
8092457,ALG3,gene_assignment,True
8092468,CAMK2N2,gene_assignment,True
8092473,CLCN2,gene_assignment,True
8092501,THPO,gene_assignment,True
8092514,MAGEF1,gene_assignment,True
8092520,BC137178,gene_assignment,True
8092523,EHHADH,gene_assignment,True
8092532,,,False
8092534,TMEM41A,gene_assignment,True
8092541,LIPH,gene_assignment,True
8092552,IGF2BP2,gene_assignment,True
8092564,TRA2B,gene_assignment,True
8092578,ETV5,gene_assignment,True
8092596,DGKG,gene_assignment,True
8092621,CRYGS,gene_assignment,True
8092627,TBCCD1,gene_assignment,True
8092638,,,False
8092640,RFC4,gene_assignment,True
8092654,RPL39L,gene_assignment,True
8092661,MASP1,gene_assignment,True
8092682,SST,gene_assignment,True
8092686,RTP2,gene_assignment,True
8092691,BCL6,gene_assignment,True
8092702,AF315716,gene_assignment,True
8092707,LEPREL1,gene_assignment,True
8092724,,,False
8092726,CLDN1,gene_assignment,True
8092735,TMEM207,gene_assignment,True
8092741,UTS2D,gene_assignment,True
8092748,,,False
8092750,FGF12,gene_assignment,True
8092763,,,False
8092765,C3ORF59,gene_assignment,True
8092769,ATP13A5,gene_assignment,True
8092800,ATP13A4,gene_assignment,True
8092836,CPN2,gene_assignment,True
8092839,LRRC15,gene_assignment,True
8092845,GP5,gene_assignment,True
8092849,ATP13A3,gene_assignment,True
8092883,,,False
8092888,TMEM44,gene_assignment,True
8092905,LSG1,gene_assignment,True
8092922,C3ORF21,gene_assignment,True
8092931,,,False
8092933,ACAP2,gene_assignment,True
8092957,,,False
8092959,PPP1R2,gene_assignment,True
8092968,,,False
8092970,APOD,gene_assignment,True
8092978,MUC4,gene_assignment,True
8093013,TNK2,gene_assignment,True
8093035,,,False
8093037,,,False
8093039,SDHAP1,gene_assignment,True
8093053,TFRC,gene_assignment,True
8093074,ZDHHC19,gene_assignment,True
8093086,PCYT1A,gene_assignment,True
8093096,TCTEX1D2,gene_assignment,True
8093104,TM4SF19,gene_assignment,True
8093110,,,False
8093112,UBXN7,gene_assignment,True
8093126,,,False
8093130,RNF168,gene_assignment,True
8093137,C3ORF43,gene_assignment,True
8093141,WDR53,gene_assignment,True
8093145,C3ORF34,gene_assignment,True
8093150,,,False
8093152,,,False
8093156,NCBP2,gene_assignment,True
8093166,PIGZ,gene_assignment,True
8093171,MFI2,gene_assignment,True
8093191,DLG1,gene_assignment,True
8093219,BDH1,gene_assignment,True
8093230,KIAA0226,gene_assignment,True
8093256,,,False
8093258,IQCG,gene_assignment,True
8093272,LOC348840,gene_assignment,True
8093278,HGD,gene_assignment,True
8093294,CCR2,gene_assignment,True
8093298,CCR5,gene_assignment,True
8093304,CCRL2,gene_assignment,True
8093314,NDUFB4,gene_assignment,True
8093320,ZNF595,gene_assignment,True
8093330,,,False
8093332,ZNF876P,gene_assignment,True
8093336,ZNF141,gene_assignment,True
8093343,PIGG,gene_assignment,True
8093360,PDE6B,gene_assignment,True
8093386,MYL5,gene_assignment,True
8093398,PCGF3,gene_assignment,True
8093413,TMEM175,gene_assignment,True
8093425,IDUA,gene_assignment,True
8093440,FGFRL1,gene_assignment,True
8093451,,,False
8093453,AK093135,gene_assignment,True
8093456,C4ORF42,gene_assignment,True
8093462,MAEA,gene_assignment,True
8093476,KIAA1530,gene_assignment,True
8093494,CRIPAK,gene_assignment,True
8093500,TACC3,gene_assignment,True
8093518,FGFR3,gene_assignment,True
8093539,WHSC1,gene_assignment,True
8093576,SCARNA22,gene_assignment,True
8093578,NAT8L,gene_assignment,True
8093590,RNF4,gene_assignment,True
8093601,FAM193A,gene_assignment,True
8093624,SH3BP2,gene_assignment,True
8093643,ADD1,gene_assignment,True
8093665,GRK4,gene_assignment,True
8093683,,,False
8093685,HTT,gene_assignment,True
8093756,C4ORF44,gene_assignment,True
8093764,RGS12,gene_assignment,True
8093792,HGFAC,gene_assignment,True
8093807,DOK7,gene_assignment,True
8093821,ENST00000404649,gene_assignment,True
8093826,ADRA2C,gene_assignment,True
8093829,ZBTB49,gene_assignment,True
8093839,D4S234E,gene_assignment,True
8093852,MSX1,gene_assignment,True
8093858,STK32B,gene_assignment,True
8093872,C4ORF6,gene_assignment,True
8093878,EVC,gene_assignment,True
8093906,WFS1,gene_assignment,True
8093916,MAN2B2,gene_assignment,True
8093936,MRFAP1,gene_assignment,True
8093943,LOC93622,gene_assignment,True
8093950,S100P,gene_assignment,True
8093957,CNO,gene_assignment,True
8093961,KIAA0232,gene_assignment,True
8093974,,,False
8093976,TBC1D14,gene_assignment,True
8093991,,,False
8093993,TADA2B,gene_assignment,True
8093997,SORCS2,gene_assignment,True
8094028,AFAP1-AS,gene_assignment,True
8094030,AFAP1,gene_assignment,True
8094032,SH3TC1,gene_assignment,True
8094056,HTRA3,gene_assignment,True
8094068,,,False
8094070,C4ORF23,gene_assignment,True
8094086,,,False
8094093,GPR78,gene_assignment,True
8094101,CPZ,gene_assignment,True
8094116,USP17,gene_assignment,True
8094118,USP17,gene_assignment,True
8094120,USP17,gene_assignment,True
8094122,USP17L6P,gene_assignment,True
8094124,USP17,gene_assignment,True
8094126,USP17,gene_assignment,True
8094128,USP17,gene_assignment,True
8094130,USP17,gene_assignment,True
8094132,USP17,gene_assignment,True
8094134,USP17L6P,gene_assignment,True
8094136,DEFB108B,gene_assignment,True
8094139,DEFB131,gene_assignment,True
8094144,UNC93B1,gene_assignment,True
8094148,,,False
8094154,AF073924,gene_assignment,True
8094156,DRD5,gene_assignment,True
8094163,,,False
8094165,HSP90AB2P,gene_assignment,True
8094169,CPEB2,gene_assignment,True
8094184,C1QTNF7,gene_assignment,True
8094190,CC2D2A,gene_assignment,True
8094226,FAM200B,gene_assignment,True
8094228,BST1,gene_assignment,True
8094240,CD38,gene_assignment,True
8094251,FLJ39653,gene_assignment,True
8094253,CLRN2,gene_assignment,True
8094257,,,False
8094259,LAP3,gene_assignment,True
8094271,MED28,gene_assignment,True
8094278,NCAPG,gene_assignment,True
8094301,SLIT2,gene_assignment,True
8094340,MIR218-1,gene_assignment,True
8094342,PACRGL,gene_assignment,True
8094355,,,False
8094357,,,False
8094361,GBA3,gene_assignment,True
8094372,SOD3,gene_assignment,True
8094378,PI4K2B,gene_assignment,True
8094391,,,False
8094393,ZCCHC4,gene_assignment,True
8094408,ANAPC4,gene_assignment,True
8094439,,,False
8094441,SLC34A2,gene_assignment,True
8094456,C4ORF52,gene_assignment,True
8094460,RBPJ,gene_assignment,True
8094476,TBC1D19,gene_assignment,True
8094499,,,False
8094501,STIM2,gene_assignment,True
8094520,PCDH7,gene_assignment,True
8094531,,,False
8094533,DTHD1,gene_assignment,True
8094542,KIAA1239,gene_assignment,True
8094550,C4ORF19,gene_assignment,True
8094556,PGM2,gene_assignment,True
8094574,TBC1D1,gene_assignment,True
8094596,PTTG2,gene_assignment,True
8094599,KLF3,gene_assignment,True
8094609,FAM114A1,gene_assignment,True
8094625,KLHL5,gene_assignment,True
8094638,WDR19,gene_assignment,True
8094677,,,False
8094679,KLB,gene_assignment,True
8094686,,,False
8094688,LIAS,gene_assignment,True
8094701,LOC401127,gene_assignment,True
8094704,UBE2K,gene_assignment,True
8094717,,,False
8094719,N4BP2,gene_assignment,True
8094739,,,False
8094741,,,False
8094743,RHOH,gene_assignment,True
8094751,CHRNA9,gene_assignment,True
8094759,NSUN7,gene_assignment,True
8094772,,,False
8094774,,,False
8094776,,,False
8094778,UCHL1,gene_assignment,True
8094789,LIMCH1,gene_assignment,True
8094830,TMEM33,gene_assignment,True
8094843,DCAF4L1,gene_assignment,True
8094848,SLC30A9,gene_assignment,True
8094870,SHISA3,gene_assignment,True
8094874,,,False
8094876,GUF1,gene_assignment,True
8094897,,,False
8094899,,,False
8094901,GABRB1,gene_assignment,True
8094911,ATP10D,gene_assignment,True
8094936,CNGA1,gene_assignment,True
8094938,NIPAL1,gene_assignment,True
8094946,,,False
8094948,SLAIN2,gene_assignment,True
8094960,SLC10A4,gene_assignment,True
8094968,ZAR1,gene_assignment,True
8094974,OCIAD1,gene_assignment,True
8094988,CWH43,gene_assignment,True
8095005,,,False
8095009,DCUN1D4,gene_assignment,True
8095021,SPATA18,gene_assignment,True
8095035,,,False
8095037,,,False
8095043,RASL11B,gene_assignment,True
8095048,FIP1L1,gene_assignment,True
8095072,LOC441016,gene_assignment,True
8095074,GSX2,gene_assignment,True
8095080,PDGFRA,gene_assignment,True
8095110,KIT,gene_assignment,True
8095137,,,False
8095139,SRD5A3,gene_assignment,True
8095148,TMEM165,gene_assignment,True
8095159,,,False
8095163,EXOC1,gene_assignment,True
8095185,,,False
8095187,CEP135,gene_assignment,True
8095214,,,False
8095216,KIAA1211,gene_assignment,True
8095221,PAICS,gene_assignment,True
8095230,SRP72,gene_assignment,True
8095246,ARL9,gene_assignment,True
8095251,,,False
8095260,,,False
8095262,REST,gene_assignment,True
8095269,POLR2B,gene_assignment,True
8095297,,,False
8095299,,,False
8095301,,,False
8095303,LPHN3,gene_assignment,True
8095331,,,False
8095333,EXOC5,gene_assignment,True
8095341,,,False
8095343,STAP1,gene_assignment,True
8095356,,,False
8095358,,,False
8095360,,,False
8095362,MT2A,gene_assignment,True
8095364,TMPRSS11E,gene_assignment,True
8095376,MT2A,gene_assignment,True
8095380,TMPRSS11E,gene_assignment,True
8095390,UGT2B10,gene_assignment,True
8095395,UGT2B7,gene_assignment,True
8095402,UGT2A3,gene_assignment,True
8095404,UGT2B28,gene_assignment,True
8095412,CSN1S1,gene_assignment,True
8095422,STATH,gene_assignment,True
8095430,HTN3,gene_assignment,True
8095435,HTN1,gene_assignment,True
8095441,CSN1S2AP,gene_assignment,True
8095451,C4ORF40,gene_assignment,True
8095456,ODAM,gene_assignment,True
8095467,C4ORF7,gene_assignment,True
8095477,CSN3,gene_assignment,True
8095484,C4ORF35,gene_assignment,True
8095488,SMR3A,gene_assignment,True
8095491,SMR3B,gene_assignment,True
8095500,PROL1,gene_assignment,True
8095504,MUC7,gene_assignment,True
8095508,AMTN,gene_assignment,True
8095519,AMBN,gene_assignment,True
8095535,ENAM,gene_assignment,True
8095539,UTP3,gene_assignment,True
8095543,,,False
8095545,RUFY3,gene_assignment,True
8095562,,,False
8095564,,,False
8095566,MOBKL1A,gene_assignment,True
8095574,DCK,gene_assignment,True
8095585,SLC4A4,gene_assignment,True
8095616,NPFFR2,gene_assignment,True
8095626,,,False
8095628,ALB,gene_assignment,True
8095646,AFP,gene_assignment,True
8095663,AFM,gene_assignment,True
8095680,IL8,gene_assignment,True
8095688,CXCL6,gene_assignment,True
8095694,PF4V1,gene_assignment,True
8095697,CXCL1,gene_assignment,True
8095703,,,False
8095705,MTHFD2L,gene_assignment,True
8095723,EPGN,gene_assignment,True
8095728,EREG,gene_assignment,True
8095736,AREG,gene_assignment,True
8095744,AREG,gene_assignment,True
8095751,PARM1,gene_assignment,True
8095758,,,False
8095760,THAP6,gene_assignment,True
8095767,BC117342,gene_assignment,True
8095773,USO1,gene_assignment,True
8095802,,,False
8095806,ART3,gene_assignment,True
8095819,FAM47E,gene_assignment,True
8095826,STBD1,gene_assignment,True
8095834,SHROOM3,gene_assignment,True
8095854,SEPT11,gene_assignment,True
8095868,AY358789,gene_assignment,True
8095870,CCNG2,gene_assignment,True
8095886,CXCL13,gene_assignment,True
8095894,MRPL1,gene_assignment,True
8095907,FRAS1,gene_assignment,True
8095986,ANXA3,gene_assignment,True
8096002,,,False
8096004,BMP2K,gene_assignment,True
8096025,,,False
8096027,GDEP,gene_assignment,True
8096030,,,False
8096032,PRDM8,gene_assignment,True
8096050,FGF5,gene_assignment,True
8096061,BC034296,gene_assignment,True
8096070,BMP3,gene_assignment,True
8096075,,,False
8096077,,,False
8096079,,,False
8096081,ENOPH1,gene_assignment,True
8096091,THAP9,gene_assignment,True
8096098,COPS4,gene_assignment,True
8096109,MRPS18C,gene_assignment,True
8096116,AGPAT9,gene_assignment,True
8096130,CDS1,gene_assignment,True
8096147,AY250185,gene_assignment,True
8096158,,,False
8096160,ARHGAP24,gene_assignment,True
8096176,PTPN13,gene_assignment,True
8096224,AFF1,gene_assignment,True
8096251,NUDT9,gene_assignment,True
8096265,DSPP,gene_assignment,True
8096274,DMP1,gene_assignment,True
8096281,IBSP,gene_assignment,True
8096290,MEPE,gene_assignment,True
8096296,HSP90AB3P,gene_assignment,True
8096301,SPP1,gene_assignment,True
8096312,,,False
8096314,PKD2,gene_assignment,True
8096331,,,False
8096333,,,False
8096335,HERC6,gene_assignment,True
8096361,HERC5,gene_assignment,True
8096385,HERC3,gene_assignment,True
8096411,TIGD2,gene_assignment,True
8096415,MMRN1,gene_assignment,True
8096425,FAM190A,gene_assignment,True
8096440,GRID2,gene_assignment,True
8096461,ATOH1,gene_assignment,True
8096463,SMARCAD1,gene_assignment,True
8096489,PDLIM5,gene_assignment,True
8096511,BMPR1B,gene_assignment,True
8096528,PDHA2,gene_assignment,True
8096533,,,False
8096536,,,False
8096538,RAP1GDS1,gene_assignment,True
8096554,,,False
8096556,METAP1,gene_assignment,True
8096568,C4ORF17,gene_assignment,True
8096580,MTTP,gene_assignment,True
8096602,DAPP1,gene_assignment,True
8096615,,,False
8096617,BANK1,gene_assignment,True
8096635,NFKB1,gene_assignment,True
8096661,,,False
8096663,CISD2,gene_assignment,True
8096669,TET2,gene_assignment,True
8096675,TET2,gene_assignment,True
8096682,ARHGEF38,gene_assignment,True
8096688,GSTCD,gene_assignment,True
8096704,NPNT,gene_assignment,True
8096718,AIMP1,gene_assignment,True
8096733,SGMS2,gene_assignment,True
8096744,CYP2U1,gene_assignment,True
8096753,HADH,gene_assignment,True
8096765,RPL34,gene_assignment,True
8096771,OSTC,gene_assignment,True
8096777,,,False
8096781,SEC24B,gene_assignment,True
8096808,CCDC109B,gene_assignment,True
8096821,GAR1,gene_assignment,True
8096830,RRH,gene_assignment,True
8096839,LRIT3,gene_assignment,True
8096845,EGF,gene_assignment,True
8096873,,,False
8096875,ENPEP,gene_assignment,True
8096897,,,False
8096899,C4ORF32,gene_assignment,True
8096905,AP1AR,gene_assignment,True
8096917,,,False
8096919,ALPK1,gene_assignment,True
8096938,LARP7,gene_assignment,True
8096959,ANK2,gene_assignment,True
8097011,,,False
8097013,,,False
8097015,,,False
8097017,UGT8,gene_assignment,True
8097028,,,False
8097036,,,False
8097038,NDST3,gene_assignment,True
8097056,SNORA24,gene_assignment,True
8097058,CEP170P1,gene_assignment,True
8097062,,,False
8097064,BC118988,gene_assignment,True
8097066,METTL14,gene_assignment,True
8097080,SYNPO2,gene_assignment,True
8097086,MYOZ2,gene_assignment,True
8097098,USP53,gene_assignment,True
8097116,,,False
8097118,ENST00000415418,gene_assignment,True
8097120,,,False
8097122,,,False
8097124,,,False
8097126,TMEM155,gene_assignment,True
8097128,EXOSC9,gene_assignment,True
8097148,KIAA1109,gene_assignment,True
8097236,ADAD1,gene_assignment,True
8097252,BBS12,gene_assignment,True
8097256,FGF2,gene_assignment,True
8097262,SPATA5,gene_assignment,True
8097282,SPRY1,gene_assignment,True
8097288,FAT4,gene_assignment,True
8097305,,,False
8097307,INTU,gene_assignment,True
8097327,SLC25A31,gene_assignment,True
8097335,HSPA4L,gene_assignment,True
8097356,PLK4,gene_assignment,True
8097373,BC034253,gene_assignment,True
8097388,LARP1B,gene_assignment,True
8097415,,,False
8097417,PHF17,gene_assignment,True
8097435,C4ORF33,gene_assignment,True
8097443,,,False
8097445,,,False
8097449,PCDH10,gene_assignment,True
8097461,CCRN4L,gene_assignment,True
8097470,,,False
8097474,BC047037,gene_assignment,True
8097476,,,False
8097478,,,False
8097480,NAA15,gene_assignment,True
8097505,,,False
8097507,RAB33B,gene_assignment,True
8097513,MGST2,gene_assignment,True
8097521,SCOC,gene_assignment,True
8097529,ELMOD2,gene_assignment,True
8097541,,,False
8097543,ZNF330,gene_assignment,True
8097553,IL15,gene_assignment,True
8097568,INPP4B,gene_assignment,True
8097570,USP38,gene_assignment,True
8097586,GAB1,gene_assignment,True
8097600,SMARCA5,gene_assignment,True
8097626,LOC441046,gene_assignment,True
8097628,HHIP,gene_assignment,True
8097645,,,False
8097647,ABCE1,gene_assignment,True
8097655,,,False
8097657,SMAD1,gene_assignment,True
8097670,MMAA,gene_assignment,True
8097679,LSM6,gene_assignment,True
8097685,,,False
8097687,POU4F2,gene_assignment,True
8097690,,,False
8097692,EDNRA,gene_assignment,True
8097704,TMEM184C,gene_assignment,True
8097717,ARHGAP10,gene_assignment,True
8097743,,,False
8097749,,,False
8097751,,,False
8097753,DCLK2,gene_assignment,True
8097773,MAB21L2,gene_assignment,True
8097780,LOC729566,gene_assignment,True
8097782,RPS3A,gene_assignment,True
8097790,,,False
8097792,SNORD73A,gene_assignment,True
8097794,PRSS48,gene_assignment,True
8097801,FAM160A1,gene_assignment,True
8097811,AL137273,gene_assignment,True
8097813,ARFIP1,gene_assignment,True
8097827,,,False
8097829,FHDC1,gene_assignment,True
8097841,TRIM2,gene_assignment,True
8097857,MND1,gene_assignment,True
8097867,KIAA0922,gene_assignment,True
8097903,TLR2,gene_assignment,True
8097910,FGB,gene_assignment,True
8097920,LRAT,gene_assignment,True
8097928,RBM46,gene_assignment,True
8097934,,,False
8097938,NPY2R,gene_assignment,True
8097957,GUCY1A3,gene_assignment,True
8097973,GUCY1B3,gene_assignment,True
8097991,TDO2,gene_assignment,True
8098006,GLRB,gene_assignment,True
8098021,GRIA2,gene_assignment,True
8098041,TMEM144,gene_assignment,True
8098058,,,False
8098060,RXFP1,gene_assignment,True
8098084,ETFDH,gene_assignment,True
8098101,,,False
8098103,FNIP2,gene_assignment,True
8098121,RAPGEF2,gene_assignment,True
8098146,NPY5R,gene_assignment,True
8098150,C4ORF43,gene_assignment,True
8098157,,,False
8098161,,,False
8098163,,,False
8098165,,,False
8098167,BC022381,gene_assignment,True
8098170,TRIM60,gene_assignment,True
8098175,,,False
8098177,KLHL2,gene_assignment,True
8098193,,,False
8098195,SC4MOL,gene_assignment,True
8098204,CPE,gene_assignment,True
8098214,TLL1,gene_assignment,True
8098244,,,False
8098246,ANXA10,gene_assignment,True
8098259,,,False
8098261,,,False
8098263,PALLD,gene_assignment,True
8098287,,,False
8098289,,,False
8098291,CLCN3,gene_assignment,True
8098307,GALNTL6,gene_assignment,True
8098326,,,False
8098328,GALNT7,gene_assignment,True
8098342,SAP30,gene_assignment,True
8098344,EU000855,gene_assignment,True
8098348,KIAA1712,gene_assignment,True
8098368,ADAM29,gene_assignment,True
8098379,WDR17,gene_assignment,True
8098412,,,False
8098414,SPCS3,gene_assignment,True
8098421,,,False
8098423,NEIL3,gene_assignment,True
8098437,,,False
8098439,EPCAM,gene_assignment,True
8098441,ODZ3,gene_assignment,True
8098465,FAM92A3,gene_assignment,True
8098470,WWC2,gene_assignment,True
8098496,,,False
8098498,,,False
8098500,CDKN2AIP,gene_assignment,True
8098506,,,False
8098508,ING2,gene_assignment,True
8098512,C4ORF41,gene_assignment,True
8098549,STOX2,gene_assignment,True
8098554,,,False
8098556,CCDC111,gene_assignment,True
8098571,HELT,gene_assignment,True
8098576,SLC25A4,gene_assignment,True
8098581,SNX25,gene_assignment,True
8098604,ANKRD37,gene_assignment,True
8098611,TLR3,gene_assignment,True
8098620,FAM149A,gene_assignment,True
8098637,CYP4V2,gene_assignment,True
8098654,KLKB1,gene_assignment,True
8098671,F11,gene_assignment,True
8098688,,,False
8098690,ZFP42,gene_assignment,True
8098697,TRIML1,gene_assignment,True
8098705,MTRF1L,gene_assignment,True
8098707,HSP90AA4P,gene_assignment,True
8098714,FRG1,gene_assignment,True
8098721,,,False
8098723,,,False
8098725,DUX4L4,gene_assignment,True
8098730,DUX4,gene_assignment,True
8098732,DUX4L4,gene_assignment,True
8098740,DUX4,gene_assignment,True
8098743,DUX4,gene_assignment,True
8098745,ZNF732,gene_assignment,True
8098752,ABCA11P,gene_assignment,True
8098758,ZNF721,gene_assignment,True
8098762,ATP5I,gene_assignment,True
8098769,MFSD7,gene_assignment,True
8098782,CPLX1,gene_assignment,True
8098789,GAK,gene_assignment,True
8098822,DGKQ,gene_assignment,True
8098848,SLC26A1,gene_assignment,True
8098856,RNF212,gene_assignment,True
8098870,SPON2,gene_assignment,True
8098877,LOC100130872,gene_assignment,True
8098880,CTBP1,gene_assignment,True
8098895,FAM53A,gene_assignment,True
8098902,,,False
8098904,SLBP,gene_assignment,True
8098916,TMEM129,gene_assignment,True
8098924,LETM1,gene_assignment,True
8098938,,,False
8098940,,,False
8098942,WHSC2,gene_assignment,True
8098958,POLN,gene_assignment,True
8098985,HAUS3,gene_assignment,True
8098995,MXD4,gene_assignment,True
8099008,ZFYVE28,gene_assignment,True
8099025,,,False
8099027,,,False
8099029,TNIP2,gene_assignment,True
8099037,MFSD10,gene_assignment,True
8099051,NOP14,gene_assignment,True
8099073,LRPAP1,gene_assignment,True
8099082,,,False
8099084,LOC348926,gene_assignment,True
8099091,,,False
8099093,OTOP1,gene_assignment,True
8099099,TMEM128,gene_assignment,True
8099107,LYAR,gene_assignment,True
8099121,STX18,gene_assignment,True
8099130,,,False
8099132,CYTL1,gene_assignment,True
8099142,,,False
8099144,EVC2,gene_assignment,True
8099172,CRMP1,gene_assignment,True
8099193,BC140710,gene_assignment,True
8099200,JAKMIP1,gene_assignment,True
8099218,PPP2R2C,gene_assignment,True
8099233,AF289593,gene_assignment,True
8099235,MRFAP1L1,gene_assignment,True
8099240,,,False
8099242,CCDC96,gene_assignment,True
8099246,GRPEL1,gene_assignment,True
8099253,,,False
8099255,PSAPL1,gene_assignment,True
8099259,AFAP1,gene_assignment,True
8099279,ABLIM2,gene_assignment,True
8099302,MIR95,gene_assignment,True
8099304,ACOX3,gene_assignment,True
8099326,SLC2A9,gene_assignment,True
8099340,WDR1,gene_assignment,True
8099362,,,False
8099364,ZNF518B,gene_assignment,True
8099368,CLNK,gene_assignment,True
8099388,HS3ST1,gene_assignment,True
8099393,,,False
8099395,RAB28,gene_assignment,True
8099406,NKX3-2,gene_assignment,True
8099410,BOD1L,gene_assignment,True
8099438,,,False
8099447,,,False
8099449,FBXL5,gene_assignment,True
8099467,FGFBP1,gene_assignment,True
8099471,FGFBP2,gene_assignment,True
8099476,PROM1,gene_assignment,True
8099506,TAPT1,gene_assignment,True
8099524,LDB2,gene_assignment,True
8099537,,,False
8099539,,,False
8099541,QDPR,gene_assignment,True
8099551,FAM184B,gene_assignment,True
8099570,DCAF16,gene_assignment,True
8099581,LCORL,gene_assignment,True
8099593,KCNIP4,gene_assignment,True
8099612,GPR125,gene_assignment,True
8099631,,,False
8099633,PPARGC1A,gene_assignment,True
8099649,DHX15,gene_assignment,True
8099670,CCDC149,gene_assignment,True
8099685,LGI2,gene_assignment,True
8099696,SEPSECS,gene_assignment,True
8099721,SEL1L3,gene_assignment,True
8099746,CCKAR,gene_assignment,True
8099754,AK127623,gene_assignment,True
8099756,,,False
8099758,,,False
8099760,ARAP2,gene_assignment,True
8099797,RELL1,gene_assignment,True
8099805,,,False
8099807,AF220235,gene_assignment,True
8099817,FLJ13197,gene_assignment,True
8099826,TLR10,gene_assignment,True
8099834,TLR1,gene_assignment,True
8099841,TLR6,gene_assignment,True
8099850,TMEM156,gene_assignment,True
8099860,RFC1,gene_assignment,True
8099887,RPL9,gene_assignment,True
8099897,UGDH,gene_assignment,True
8099912,BC008502,gene_assignment,True
8099918,AK291454,gene_assignment,True
8099924,,,False
8099926,PDS5A,gene_assignment,True
8099965,ACOT7,gene_assignment,True
8099967,RBM47,gene_assignment,True
8099982,APBB2,gene_assignment,True
8100001,,,False
8100003,,,False
8100007,PHOX2B,gene_assignment,True
8100013,,,False
8100015,BEND4,gene_assignment,True
8100026,ATP8A1,gene_assignment,True
8100068,,,False
8100070,KCTD8,gene_assignment,True
8100076,YIPF7,gene_assignment,True
8100085,GNPDA2,gene_assignment,True
8100095,,,False
8100097,GABRG1,gene_assignment,True
8100109,GABRA2,gene_assignment,True
8100125,,,False
8100127,COX7B2,gene_assignment,True
8100131,GABRA4,gene_assignment,True
8100143,,,False
8100145,COMMD8,gene_assignment,True
8100154,CORIN,gene_assignment,True
8100179,NFXL1,gene_assignment,True
8100202,CNGA1,gene_assignment,True
8100210,TXK,gene_assignment,True
8100227,,,False
8100231,TEC,gene_assignment,True
8100251,FRYL,gene_assignment,True
8100292,FRYL,gene_assignment,True
8100298,OCIAD2,gene_assignment,True
8100308,,,False
8100310,,,False
8100312,LRRC66,gene_assignment,True
8100318,SGCB,gene_assignment,True
8100328,USP46,gene_assignment,True
8100338,,,False
8100347,SCFD2,gene_assignment,True
8100360,,,False
8100362,LNX1,gene_assignment,True
8100378,RPL21P44,gene_assignment,True
8100382,CHIC2,gene_assignment,True
8100389,,,False
8100393,KDR,gene_assignment,True
8100426,,,False
8100428,CLOCK,gene_assignment,True
8100454,,,False
8100456,,,False
8100458,PDCL2,gene_assignment,True
8100464,NMU,gene_assignment,True
8100476,,,False
8100478,AASDH,gene_assignment,True
8100495,PPAT,gene_assignment,True
8100507,HOPX,gene_assignment,True
8100519,TXNDC9,gene_assignment,True
8100521,,,False
8100523,SPINK2,gene_assignment,True
8100532,C4ORF14,gene_assignment,True
8100541,IGFBP7,gene_assignment,True
8100547,,,False
8100549,,,False
8100553,,,False
8100555,,,False
8100557,TECRL,gene_assignment,True
8100578,EPHA5,gene_assignment,True
8100599,,,False
8100601,,,False
8100603,CENPC1,gene_assignment,True
8100615,UBA6,gene_assignment,True
8100655,GNRHR,gene_assignment,True
8100664,TMPRSS11D,gene_assignment,True
8100675,TMPRSS11A,gene_assignment,True
8100688,TMPRSS11F,gene_assignment,True
8100699,SYT14L,gene_assignment,True
8100701,TMPRSS11B,gene_assignment,True
8100714,YTHDC1,gene_assignment,True
8100734,UGT2B17,gene_assignment,True
8100737,UGT2B15,gene_assignment,True
8100746,UGT2B15,gene_assignment,True
8100754,,,False
8100756,,,False
8100758,UGT2B7,gene_assignment,True
8100760,UGT2A3,gene_assignment,True
8100768,UGT2B10,gene_assignment,True
8100784,UGT2B4,gene_assignment,True
8100791,UGT2A1,gene_assignment,True
8100798,SULT1B1,gene_assignment,True
8100808,SULT1E1,gene_assignment,True
8100819,CSN2,gene_assignment,True
8100827,IGJ,gene_assignment,True
8100832,,,False
8100834,GRSF1,gene_assignment,True
8100853,GC,gene_assignment,True
8100868,,,False
8100870,ADAMTS3,gene_assignment,True
8100893,COX18,gene_assignment,True
8100902,ANKRD17,gene_assignment,True
8100943,RASSF6,gene_assignment,True
8100966,PF4,gene_assignment,True
8100971,PPBP,gene_assignment,True
8100977,CXCL5,gene_assignment,True
8100984,CXCL3,gene_assignment,True
8100990,PPBPL2,gene_assignment,True
8100994,CXCL2,gene_assignment,True
8101000,MTHFD2L,gene_assignment,True
8101002,BTC,gene_assignment,True
8101011,,,False
8101013,RCHY1,gene_assignment,True
8101031,CDKL2,gene_assignment,True
8101043,G3BP2,gene_assignment,True
8101061,,,False
8101063,,,False
8101065,PPEF2,gene_assignment,True
8101086,NAAA,gene_assignment,True
8101099,SDAD1,gene_assignment,True
8101118,CXCL9,gene_assignment,True
8101126,CXCL10,gene_assignment,True
8101131,CXCL11,gene_assignment,True
8101141,,,False
8101143,NUP54,gene_assignment,True
8101158,SCARB2,gene_assignment,True
8101174,CCDC158,gene_assignment,True
8101203,,,False
8101207,ANKRD56,gene_assignment,True
8101210,,,False
8101212,CCNI,gene_assignment,True
8101224,,,False
8101226,,,False
8101228,CNOT6L,gene_assignment,True
8101235,,,False
8101237,PAQR3,gene_assignment,True
8101253,NAA11,gene_assignment,True
8101256,GK2,gene_assignment,True
8101260,ANTXR2,gene_assignment,True
8101284,PRKG2,gene_assignment,True
8101304,RASGEF1B,gene_assignment,True
8101322,AB014771,gene_assignment,True
8101324,HNRNPD,gene_assignment,True
8101340,HNRPDL,gene_assignment,True
8101357,BC052613,gene_assignment,True
8101359,C4ORF11,gene_assignment,True
8101366,SCD5,gene_assignment,True
8101376,SEC31A,gene_assignment,True
8101411,LIN54,gene_assignment,True
8101427,,,False
8101429,PLAC8,gene_assignment,True
8101437,COQ2,gene_assignment,True
8101449,HPSE,gene_assignment,True
8101467,HELQ,gene_assignment,True
8101489,FAM175A,gene_assignment,True
8101501,AB064670,gene_assignment,True
8101507,NKX6-1,gene_assignment,True
8101511,WDFY3,gene_assignment,True
8101585,,,False
8101587,MAPK10,gene_assignment,True
8101609,SLC10A6,gene_assignment,True
8101616,C4ORF36,gene_assignment,True
8101622,TECR,gene_assignment,True
8101624,KLHL8,gene_assignment,True
8101637,HSD17B13,gene_assignment,True
8101648,HSD17B11,gene_assignment,True
8101659,SPARCL1,gene_assignment,True
8101673,,,False
8101675,ABCG2,gene_assignment,True
8101697,,,False
8101699,,,False
8101701,PPM1K,gene_assignment,True
8101716,,,False
8101718,PIGY,gene_assignment,True
8101723,NAP1L5,gene_assignment,True
8101728,FAM13A,gene_assignment,True
8101757,GPRIN3,gene_assignment,True
8101762,SNCA,gene_assignment,True
8101774,TMSL3,gene_assignment,True
8101778,,,False
8101780,HPGDS,gene_assignment,True
8101788,UNC5C,gene_assignment,True
8101810,,,False
8101814,,,False
8101816,C4ORF37,gene_assignment,True
8101828,TSPAN5,gene_assignment,True
8101839,EIF4E,gene_assignment,True
8101844,ADH5,gene_assignment,True
8101852,ADH4,gene_assignment,True
8101862,ADH6,gene_assignment,True
8101874,ADH1A,gene_assignment,True
8101881,ADH1B,gene_assignment,True
8101893,ADH1C,gene_assignment,True
8101904,ADH7,gene_assignment,True
8101916,RG9MTD2,gene_assignment,True
8101925,MAPKSP1,gene_assignment,True
8101934,DNAJB14,gene_assignment,True
8101945,H2AFZ,gene_assignment,True
8101952,DDIT4L,gene_assignment,True
8101957,EMCN,gene_assignment,True
8101971,PPP3CA,gene_assignment,True
8101990,,,False
8101992,SLC39A8,gene_assignment,True
8102006,MANBA,gene_assignment,True
8102024,UBE2D3,gene_assignment,True
8102037,,,False
8102039,NHEDC1,gene_assignment,True
8102050,NHEDC2,gene_assignment,True
8102065,BDH2,gene_assignment,True
8102076,CENPE,gene_assignment,True
8102127,TACR3,gene_assignment,True
8102135,CXXC4,gene_assignment,True
8102141,PPA2,gene_assignment,True
8102160,,,False
8102162,INTS12,gene_assignment,True
8102171,TBCK,gene_assignment,True
8102200,DKK2,gene_assignment,True
8102214,PAPSS1,gene_assignment,True
8102230,,,False
8102232,LEF1,gene_assignment,True
8102247,LOC285456,gene_assignment,True
8102249,AGXT2L1,gene_assignment,True
8102263,COL25A1,gene_assignment,True
8102305,,,False
8102311,CASP6,gene_assignment,True
8102321,PLA2G12A,gene_assignment,True
8102328,CFI,gene_assignment,True
8102342,ELOVL6,gene_assignment,True
8102350,,,False
8102352,PITX2,gene_assignment,True
8102362,TIFA,gene_assignment,True
8102368,NEUROG2,gene_assignment,True
8102371,C4ORF21,gene_assignment,True
8102389,C4ORF21,gene_assignment,True
8102404,MIR302A,gene_assignment,True
8102406,MIR302B,gene_assignment,True
8102408,,,False
8102410,RPS26,gene_assignment,True
8102415,CAMK2D,gene_assignment,True
8102440,ARSJ,gene_assignment,True
8102450,NDST4,gene_assignment,True
8102464,TRAM1L1,gene_assignment,True
8102468,PRSS12,gene_assignment,True
8102482,SEC24D,gene_assignment,True
8102513,,,False
8102518,C4ORF3,gene_assignment,True
8102523,FABP2,gene_assignment,True
8102530,,,False
8102532,PDE5A,gene_assignment,True
8102560,MAD2L1,gene_assignment,True
8102567,PRDM5,gene_assignment,True
8102587,C4ORF31,gene_assignment,True
8102592,,,False
8102594,TNIP3,gene_assignment,True
8102608,QRFPR,gene_assignment,True
8102610,QRFPR,gene_assignment,True
8102619,ANXA5,gene_assignment,True
8102636,TMEM155,gene_assignment,True
8102643,CCNA2,gene_assignment,True
8102655,BBS7,gene_assignment,True
8102678,TRPC3,gene_assignment,True
8102697,IL2,gene_assignment,True
8102707,IL21,gene_assignment,True
8102713,NUDT6,gene_assignment,True
8102720,ANKRD50,gene_assignment,True
8102726,,,False
8102728,,,False
8102730,MFSD8,gene_assignment,True
8102743,,,False
8102745,PGRMC2,gene_assignment,True
8102751,SCLT1,gene_assignment,True
8102775,,,False
8102777,,,False
8102781,,,False
8102785,,,False
8102787,,,False
8102789,TERF1,gene_assignment,True
8102792,PCDH18,gene_assignment,True
8102800,SLC7A11,gene_assignment,True
8102817,ELF2,gene_assignment,True
8102829,,,False
8102831,C4ORF49,gene_assignment,True
8102839,NDUFC1,gene_assignment,True
8102848,SETD7,gene_assignment,True
8102858,,,False
8102860,H3F3A,gene_assignment,True
8102862,MAML3,gene_assignment,True
8102871,LOC100129858,gene_assignment,True
8102875,,,False
8102877,CLGN,gene_assignment,True
8102894,ENST00000388762,gene_assignment,True
8102904,UCP1,gene_assignment,True
8102912,TBC1D9,gene_assignment,True
8102936,,,False
8102938,RNF150,gene_assignment,True
8102948,,,False
8102950,INPP4B,gene_assignment,True
8102979,,,False
8102982,ENST00000262994,gene_assignment,True
8102984,,,False
8102986,FREM3,gene_assignment,True
8102988,GYPE,gene_assignment,True
8102993,GYPB,gene_assignment,True
8102998,GYPA,gene_assignment,True
8103005,ANAPC10,gene_assignment,True
8103011,OTUD4,gene_assignment,True
8103023,,,False
8103025,ZNF827,gene_assignment,True
8103041,,,False
8103043,SLC10A7,gene_assignment,True
8103064,TTC29,gene_assignment,True
8103079,PRMT10,gene_assignment,True
8103092,ARHGAP10,gene_assignment,True
8103094,NR3C2,gene_assignment,True
8103106,LRBA,gene_assignment,True
8103166,SH3D19,gene_assignment,True
8103188,PET112L,gene_assignment,True
8103204,,,False
8103206,FBXW7,gene_assignment,True
8103222,,,False
8103226,TMEM154,gene_assignment,True
8103235,TIGD4,gene_assignment,True
8103238,,,False
8103240,ANXA2P1,gene_assignment,True
8103242,,,False
8103244,RNF175,gene_assignment,True
8103254,SFRP2,gene_assignment,True
8103260,DCHS2,gene_assignment,True
8103289,PLRG1,gene_assignment,True
8103309,,,False
8103311,FGA,gene_assignment,True
8103326,FGG,gene_assignment,True
8103341,MAP9,gene_assignment,True
8103378,ACCN5,gene_assignment,True
8103389,CTSO,gene_assignment,True
8103399,PDGFC,gene_assignment,True
8103409,,,False
8103411,,,False
8103413,,,False
8103415,FAM198B,gene_assignment,True
8103431,C4ORF46,gene_assignment,True
8103437,PPID,gene_assignment,True
8103452,C4ORF45,gene_assignment,True
8103458,,,False
8103466,FSTL5,gene_assignment,True
8103483,,,False
8103485,NAF1,gene_assignment,True
8103494,NPY1R,gene_assignment,True
8103503,TKTL2,gene_assignment,True
8103508,MARCH1,gene_assignment,True
8103518,ANP32C,gene_assignment,True
8103520,TRIM61,gene_assignment,True
8103524,TMEM192,gene_assignment,True
8103535,GK3P,gene_assignment,True
8103538,,,False
8103542,,,False
8103544,SPOCK3,gene_assignment,True
8103559,,,False
8103563,DDX60,gene_assignment,True
8103601,DDX60L,gene_assignment,True
8103620,,,False
8103622,CBR4,gene_assignment,True
8103630,SH3RF1,gene_assignment,True
8103644,,,False
8103646,NEK1,gene_assignment,True
8103684,C4ORF27,gene_assignment,True
8103693,,,False
8103695,MFAP3L,gene_assignment,True
8103706,AADAT,gene_assignment,True
8103722,HSP90AA6P,gene_assignment,True
8103725,,,False
8103728,HMGB2,gene_assignment,True
8103736,SCRG1,gene_assignment,True
8103745,HAND2,gene_assignment,True
8103753,MORF4,gene_assignment,True
8103755,FBXO8,gene_assignment,True
8103769,HPGD,gene_assignment,True
8103778,GLRA3,gene_assignment,True
8103789,GPM6A,gene_assignment,True
8103802,SPATA4,gene_assignment,True
8103812,ASB5,gene_assignment,True
8103822,VEGFC,gene_assignment,True
8103834,AGA,gene_assignment,True
8103847,,,False
8103853,MGC45800,gene_assignment,True
8103859,DCTD,gene_assignment,True
8103867,C4ORF38,gene_assignment,True
8103875,,,False
8103877,CLDN22,gene_assignment,True
8103879,CLDN24,gene_assignment,True
8103881,RWDD4,gene_assignment,True
8103892,,,False
8103894,ENPP6,gene_assignment,True
8103904,,,False
8103906,AK097110,gene_assignment,True
8103911,IRF2,gene_assignment,True
8103922,CASP3,gene_assignment,True
8103932,MLF1IP,gene_assignment,True
8103951,ACSL1,gene_assignment,True
8103975,SLED1,gene_assignment,True
8103979,KIAA1430,gene_assignment,True
8103986,LRP2BP,gene_assignment,True
8103998,UFSP2,gene_assignment,True
8104012,,,False
8104014,CCDC110,gene_assignment,True
8104022,PDLIM3,gene_assignment,True
8104035,SORBS2,gene_assignment,True
8104066,AF090937,gene_assignment,True
8104068,,,False
8104070,,,False
8104072,AK095895,gene_assignment,True
8104074,MTNR1A,gene_assignment,True
8104079,FAT1,gene_assignment,True
8104107,TRIML2,gene_assignment,True
8104115,,,False
8104117,,,False
8104119,TUBB4Q,gene_assignment,True
8104122,DUX4,gene_assignment,True
8104124,FRG2,gene_assignment,True
8104131,ENST00000400767,gene_assignment,True
8104136,HMX1,gene_assignment,True
8104139,LOC389834,gene_assignment,True
8104141,PLEKHG4B,gene_assignment,True
8104163,LRRC14B,gene_assignment,True
8104166,SDHA,gene_assignment,True
8104180,AHRR,gene_assignment,True
8104201,EXOC3,gene_assignment,True
8104220,CEP72,gene_assignment,True
8104234,TRIP13,gene_assignment,True
8104253,NKD2,gene_assignment,True
8104268,SLC6A19,gene_assignment,True
8104281,SLC6A18,gene_assignment,True
8104298,NDUFS6,gene_assignment,True
8104305,,,False
8104307,C5ORF38,gene_assignment,True
8104314,IRX1,gene_assignment,True
8104319,,,False
8104321,ADAMTS16,gene_assignment,True
8104350,KIAA0947,gene_assignment,True
8104369,SRD5A1,gene_assignment,True
8104378,PAPD7,gene_assignment,True
8104392,,,False
8104394,ADCY2,gene_assignment,True
8104422,MTRR,gene_assignment,True
8104441,,,False
8104447,,,False
8104449,CCT5,gene_assignment,True
8104463,MARCH6,gene_assignment,True
8104490,,,False
8104492,ROPN1L,gene_assignment,True
8104499,ANKRD33B,gene_assignment,True
8104504,,,False
8104506,TRIO,gene_assignment,True
8104568,AY358688,gene_assignment,True
8104570,FAM105A,gene_assignment,True
8104580,FAM105B,gene_assignment,True
8104590,ANKH,gene_assignment,True
8104592,FBXL7,gene_assignment,True
8104601,BASP1,gene_assignment,True
8104609,,,False
8104611,,,False
8104613,,,False
8104615,,,False
8104617,LOC391764,gene_assignment,True
8104621,GUSBP1,gene_assignment,True
8104625,,,False
8104627,PMCHL1,gene_assignment,True
8104632,,,False
8104634,PRDM9,gene_assignment,True
8104643,AK092155,gene_assignment,True
8104648,,,False
8104650,,,False
8104652,,,False
8104656,LOC729862,gene_assignment,True
8104661,,,False
8104663,CDH6,gene_assignment,True
8104680,C5ORF22,gene_assignment,True
8104693,PDZD2,gene_assignment,True
8104723,,,False
8104727,,,False
8104729,,,False
8104731,,,False
8104738,SUB1,gene_assignment,True
8104746,NPR3,gene_assignment,True
8104758,BC022250,gene_assignment,True
8104760,TARS,gene_assignment,True
8104781,RXFP3,gene_assignment,True
8104788,RAI14,gene_assignment,True
8104812,TTC23L,gene_assignment,True
8104825,BRIX1,gene_assignment,True
8104838,DNAJC21,gene_assignment,True
8104854,,,False
8104856,SPEF2,gene_assignment,True
8104901,IL7R,gene_assignment,True
8104912,SKP2,gene_assignment,True
8104926,,,False
8104928,,,False
8104930,SLC1A3,gene_assignment,True
8104944,NIPBL,gene_assignment,True
8104996,,,False
8104998,WDR70,gene_assignment,True
8105013,EGFLAM,gene_assignment,True
8105040,OSMR,gene_assignment,True
8105061,,,False
8105063,,,False
8105067,PTGER4,gene_assignment,True
8105077,CARD6,gene_assignment,True
8105084,C7,gene_assignment,True
8105104,C5ORF51,gene_assignment,True
8105111,FBXO4,gene_assignment,True
8105121,GHR,gene_assignment,True
8105132,ENST00000314890,gene_assignment,True
8105136,ZNF131,gene_assignment,True
8105144,,,False
8105146,MGC42105,gene_assignment,True
8105151,,,False
8105153,NNT,gene_assignment,True
8105179,,,False
8105181,MRPS30,gene_assignment,True
8105189,,,False
8105191,PARP8,gene_assignment,True
8105218,,,False
8105220,ISL1,gene_assignment,True
8105229,PELO,gene_assignment,True
8105267,ITGA2,gene_assignment,True
8105302,FST,gene_assignment,True
8105311,NDUFS4,gene_assignment,True
8105318,,,False
8105323,HSPB3,gene_assignment,True
8105328,SNX18,gene_assignment,True
8105331,GZMK,gene_assignment,True
8105338,,,False
8105340,GZMA,gene_assignment,True
8105348,GPX8,gene_assignment,True
8105353,SKIV2L2,gene_assignment,True
8105384,DDX4,gene_assignment,True
8105409,,,False
8105411,IL31RA,gene_assignment,True
8105432,RPL41,gene_assignment,True
8105436,MAP3K1,gene_assignment,True
8105456,C5ORF35,gene_assignment,True
8105463,GPBP1,gene_assignment,True
8105479,,,False
8105481,GAPT,gene_assignment,True
8105487,RAB3C,gene_assignment,True
8105495,PART1,gene_assignment,True
8105499,NDUFAF2,gene_assignment,True
8105504,FAM133B,gene_assignment,True
8105506,ZSWIM6,gene_assignment,True
8105517,FLJ37543,gene_assignment,True
8105523,KIF2A,gene_assignment,True
8105545,IPO11,gene_assignment,True
8105577,,,False
8105579,LRRC70,gene_assignment,True
8105583,,,False
8105585,RNF180,gene_assignment,True
8105596,RGS7BP,gene_assignment,True
8105603,,,False
8105605,,,False
8105607,FAM159B,gene_assignment,True
8105612,CWC27,gene_assignment,True
8105629,,,False
8105631,,,False
8105633,PPWD1,gene_assignment,True
8105647,C5ORF44,gene_assignment,True
8105661,C5ORF44,gene_assignment,True
8105663,NLN,gene_assignment,True
8105681,ERBB2IP,gene_assignment,True
8105714,SREK1,gene_assignment,True
8105731,AK127903,gene_assignment,True
8105739,,,False
8105741,MAST4,gene_assignment,True
8105778,PIK3R1,gene_assignment,True
8105799,,,False
8105801,SLC30A5,gene_assignment,True
8105828,CCNB1,gene_assignment,True
8105842,CENPH,gene_assignment,True
8105852,MRPS36,gene_assignment,True
8105862,CDK7,gene_assignment,True
8105878,RAD17,gene_assignment,True
8105899,MARVELD2,gene_assignment,True
8105908,OCLN,gene_assignment,True
8105918,GTF2H2,gene_assignment,True
8105935,,,False
8105937,BT006760,gene_assignment,True
8105949,SERF1A,gene_assignment,True
8105958,SMN1,gene_assignment,True
8105970,GTF2H2,gene_assignment,True
8105987,,,False
8105989,,,False
8105991,BT006760,gene_assignment,True
8105995,LOC100170939,gene_assignment,True
8105997,SERF1A,gene_assignment,True
8106006,SMN1,gene_assignment,True
8106017,,,False
8106019,PMCHL2,gene_assignment,True
8106025,BDP1,gene_assignment,True
8106068,MCCC2,gene_assignment,True
8106088,CARTPT,gene_assignment,True
8106098,MAP1B,gene_assignment,True
8106107,PTCD2,gene_assignment,True
8106120,,,False
8106122,TNPO1,gene_assignment,True
8106141,FCHO2,gene_assignment,True
8106168,,,False
8106170,TMEM171,gene_assignment,True
8106176,TMEM174,gene_assignment,True
8106181,BTF3,gene_assignment,True
8106189,,,False
8106193,UTP15,gene_assignment,True
8106210,RGNEF,gene_assignment,True
8106250,,,False
8106252,HEXB,gene_assignment,True
8106271,NSA2,gene_assignment,True
8106278,,,False
8106280,HMGCR,gene_assignment,True
8106303,POLK,gene_assignment,True
8106325,,,False
8106336,SV2C,gene_assignment,True
8106350,,,False
8106352,,,False
8106354,IQGAP2,gene_assignment,True
8106393,F2R,gene_assignment,True
8106401,,,False
8106403,F2RL1,gene_assignment,True
8106411,S100Z,gene_assignment,True
8106418,CRHBP,gene_assignment,True
8106429,AGGF1,gene_assignment,True
8106448,PDE8B,gene_assignment,True
8106473,,,False
8106475,,,False
8106477,,,False
8106479,SCAMP1,gene_assignment,True
8106494,BHMT2,gene_assignment,True
8106504,BHMT,gene_assignment,True
8106512,,,False
8106516,JMY,gene_assignment,True
8106528,,,False
8106530,,,False
8106532,,,False
8106534,PAPD4,gene_assignment,True
8106556,CMYA5,gene_assignment,True
8106573,THBS4,gene_assignment,True
8106597,SPZ1,gene_assignment,True
8106602,ZFYVE16,gene_assignment,True
8106626,AY358256,gene_assignment,True
8106633,MSH3,gene_assignment,True
8106660,RASGRF2,gene_assignment,True
8106689,CKMT2,gene_assignment,True
8106702,ZCCHC9,gene_assignment,True
8106709,ATG10,gene_assignment,True
8106720,,,False
8106722,ATP6AP1L,gene_assignment,True
8106727,AK123303,gene_assignment,True
8106730,XRCC4,gene_assignment,True
8106743,VCAN,gene_assignment,True
8106761,,,False
8106763,,,False
8106769,,,False
8106771,NBPF22P,gene_assignment,True
8106776,COX7C,gene_assignment,True
8106784,RASA1,gene_assignment,True
8106816,,,False
8106818,,,False
8106820,POLR3G,gene_assignment,True
8106827,GPR98,gene_assignment,True
8106919,,,False
8106923,NR2F1,gene_assignment,True
8106929,,,False
8106931,ANKRD32,gene_assignment,True
8106950,FAM81B,gene_assignment,True
8106960,,,False
8106962,ARSK,gene_assignment,True
8106976,GPR150,gene_assignment,True
8106978,RFESD,gene_assignment,True
8106986,RHOBTB3,gene_assignment,True
8106999,C5ORF27,gene_assignment,True
8107005,CAST,gene_assignment,True
8107044,ERAP2,gene_assignment,True
8107066,LNPEP,gene_assignment,True
8107094,,,False
8107096,,,False
8107100,RGMB,gene_assignment,True
8107109,,,False
8107111,,,False
8107117,,,False
8107119,FAM174A,gene_assignment,True
8107125,,,False
8107127,,,False
8107129,AF119865,gene_assignment,True
8107131,,,False
8107133,PAM,gene_assignment,True
8107162,,,False
8107164,PPIP5K2,gene_assignment,True
8107194,BC009203,gene_assignment,True
8107198,,,False
8107200,RAB9BP1,gene_assignment,True
8107208,FER,gene_assignment,True
8107232,,,False
8107234,MAN2A1,gene_assignment,True
8107259,SLC25A46,gene_assignment,True
8107270,TSLP,gene_assignment,True
8107282,WDR36,gene_assignment,True
8107307,CAMK4,gene_assignment,True
8107321,NCRNA00219,gene_assignment,True
8107326,SNORA13,gene_assignment,True
8107328,FLJ11235,gene_assignment,True
8107330,APC,gene_assignment,True
8107348,,,False
8107350,SRP19,gene_assignment,True
8107353,ENST00000512790,gene_assignment,True
8107356,DCP2,gene_assignment,True
8107375,YTHDC2,gene_assignment,True
8107406,,,False
8107408,KCNN2,gene_assignment,True
8107421,AP3S1,gene_assignment,True
8107429,AQPEP,gene_assignment,True
8107458,COMMD10,gene_assignment,True
8107468,,,False
8107470,PTMA,gene_assignment,True
8107472,,,False
8107474,DMXL1,gene_assignment,True
8107518,,,False
8107520,TNFAIP8,gene_assignment,True
8107530,,,False
8107532,HSD17B4,gene_assignment,True
8107554,FAM170A,gene_assignment,True
8107563,PRR16,gene_assignment,True
8107576,FTMT,gene_assignment,True
8107578,SRFBP1,gene_assignment,True
8107591,ZNF474,gene_assignment,True
8107594,SNCAIP,gene_assignment,True
8107613,SNX2,gene_assignment,True
8107632,SNX24,gene_assignment,True
8107644,,,False
8107646,PRDM6,gene_assignment,True
8107655,CSNK1G3,gene_assignment,True
8107673,GRAMD3,gene_assignment,True
8107691,PHAX,gene_assignment,True
8107702,BC130495,gene_assignment,True
8107706,LMNB1,gene_assignment,True
8107720,AK093561,gene_assignment,True
8107722,MEGF10,gene_assignment,True
8107750,PRRC1,gene_assignment,True
8107764,CTXN3,gene_assignment,True
8107769,SLC12A2,gene_assignment,True
8107798,SLC27A6,gene_assignment,True
8107814,ISOC1,gene_assignment,True
8107823,ADAMTS19,gene_assignment,True
8107847,,,False
8107850,CHSY3,gene_assignment,True
8107855,RNU6ATAC,gene_assignment,True
8107857,,,False
8107859,LYRM7,gene_assignment,True
8107868,CDC42SE2,gene_assignment,True
8107878,IL3,gene_assignment,True
8107887,CSF2,gene_assignment,True
8107897,PDLIM4,gene_assignment,True
8107909,SLC22A4,gene_assignment,True
8107920,SLC22A5,gene_assignment,True
8107934,C5ORF56,gene_assignment,True
8107940,,,False
8107942,RAD50,gene_assignment,True
8107970,IL13,gene_assignment,True
8107977,IL4,gene_assignment,True
8107985,CCNI2,gene_assignment,True
8107992,ANKRD43,gene_assignment,True
8107996,,,False
8107998,UQCRQ,gene_assignment,True
8108006,LEAP2,gene_assignment,True
8108013,,,False
8108015,HSPA4,gene_assignment,True
8108040,,,False
8108050,TCF7,gene_assignment,True
8108066,UBE2B,gene_assignment,True
8108080,PHF15,gene_assignment,True
8108099,SEC24A,gene_assignment,True
8108127,CAMLG,gene_assignment,True
8108134,DDX46,gene_assignment,True
8108163,C5ORF24,gene_assignment,True
8108166,TXNDC15,gene_assignment,True
8108174,PCBD2,gene_assignment,True
8108180,,,False
8108182,CATSPER3,gene_assignment,True
8108192,ENST00000511689,gene_assignment,True
8108199,SLC25A48,gene_assignment,True
8108205,FBXL21,gene_assignment,True
8108217,TGFBI,gene_assignment,True
8108238,SMAD5,gene_assignment,True
8108251,NPY6R,gene_assignment,True
8108256,MYOT,gene_assignment,True
8108267,PKD2L2,gene_assignment,True
8108287,WNT8A,gene_assignment,True
8108299,,,False
8108301,KIF20A,gene_assignment,True
8108321,FAM53C,gene_assignment,True
8108330,KDM3B,gene_assignment,True
8108359,REEP2,gene_assignment,True
8108370,EGR1,gene_assignment,True
8108376,,,False
8108378,CTNNA1,gene_assignment,True
8108399,,,False
8108403,MATR3,gene_assignment,True
8108420,SNORA74A,gene_assignment,True
8108422,,,False
8108424,PAIP2,gene_assignment,True
8108435,UBE2D2,gene_assignment,True
8108447,CXXC5,gene_assignment,True
8108453,PSD2,gene_assignment,True
8108470,,,False
8108472,PURA,gene_assignment,True
8108475,C5ORF53,gene_assignment,True
8108478,C5ORF32,gene_assignment,True
8108483,SLC4A9,gene_assignment,True
8108510,ANKHD1-EIF4EBP3,gene_assignment,True
8108558,SLC35A4,gene_assignment,True
8108566,,,False
8108568,IK,gene_assignment,True
8108579,TMCO6,gene_assignment,True
8108593,WDR55,gene_assignment,True
8108603,HARS2,gene_assignment,True
8108620,ZMAT2,gene_assignment,True
8108627,VTRNA1-1,gene_assignment,True
8108629,VTRNA1-2,gene_assignment,True
8108631,VTRNA1-3,gene_assignment,True
8108633,PCDHAC1,gene_assignment,True
8108679,PCDHB1,gene_assignment,True
8108683,PCDHB2,gene_assignment,True
8108688,PCDHB3,gene_assignment,True
8108693,PCDHB4,gene_assignment,True
8108697,PCDHB5,gene_assignment,True
8108703,PCDHB6,gene_assignment,True
8108706,PCDHB17,gene_assignment,True
8108708,PCDHB7,gene_assignment,True
8108713,PCDHB8,gene_assignment,True
8108716,PCDHB16,gene_assignment,True
8108720,PCDHB9,gene_assignment,True
8108724,PCDHB10,gene_assignment,True
8108729,PCDHB11,gene_assignment,True
8108733,PCDHB12,gene_assignment,True
8108737,PCDHB13,gene_assignment,True
8108744,PCDHB14,gene_assignment,True
8108749,PCDHB18,gene_assignment,True
8108753,PCDHB15,gene_assignment,True
8108757,PCDHGC5,gene_assignment,True
8108822,RELL2,gene_assignment,True
8108832,KIAA0141,gene_assignment,True
8108847,RNF14,gene_assignment,True
8108861,NDFIP1,gene_assignment,True
8108873,ARHGAP26,gene_assignment,True
8108900,HMHB1,gene_assignment,True
8108905,KCTD16,gene_assignment,True
8108912,SH3RF2,gene_assignment,True
8108927,RBM27,gene_assignment,True
8108949,POU4F3,gene_assignment,True
8108954,TCERG1,gene_assignment,True
8108979,,,False
8108981,STK32A,gene_assignment,True
8108995,SCGB3A2,gene_assignment,True
8109001,SPINK5,gene_assignment,True
8109039,SPINK14,gene_assignment,True
8109044,SPINK6,gene_assignment,True
8109049,SPINK7,gene_assignment,True
8109057,SPINK9,gene_assignment,True
8109062,FBXO38,gene_assignment,True
8109086,ADRB2,gene_assignment,True
8109093,ABLIM3,gene_assignment,True
8109120,AFAP1L1,gene_assignment,True
8109141,GRPEL2,gene_assignment,True
8109149,PCYOX1L,gene_assignment,True
8109157,MIR143,gene_assignment,True
8109159,MIR145,gene_assignment,True
8109161,ARHGEF37,gene_assignment,True
8109177,,,False
8109179,PPARGC1B,gene_assignment,True
8109194,SLC26A2,gene_assignment,True
8109201,HMGXB3,gene_assignment,True
8109222,RPL7,gene_assignment,True
8109226,CDX1,gene_assignment,True
8109236,SLC6A7,gene_assignment,True
8109254,TCOF1,gene_assignment,True
8109283,NDST1,gene_assignment,True
8109305,SYNPO,gene_assignment,True
8109315,MYOZ3,gene_assignment,True
8109326,C5ORF62,gene_assignment,True
8109333,GPX3,gene_assignment,True
8109344,GM2A,gene_assignment,True
8109350,SLC36A1,gene_assignment,True
8109368,G3BP1,gene_assignment,True
8109383,GRIA1,gene_assignment,True
8109401,,,False
8109403,MFAP3,gene_assignment,True
8109407,GALNT10,gene_assignment,True
8109424,,,False
8109426,AK090581,gene_assignment,True
8109428,SAP30L,gene_assignment,True
8109438,LARP1,gene_assignment,True
8109462,CNOT8,gene_assignment,True
8109475,MRPL22,gene_assignment,True
8109484,KIF4B,gene_assignment,True
8109490,SGCD,gene_assignment,True
8109503,,,False
8109505,PPP1R2P3,gene_assignment,True
8109507,ITK,gene_assignment,True
8109528,CYFIP2,gene_assignment,True
8109563,NIPAL4,gene_assignment,True
8109572,C5ORF52,gene_assignment,True
8109576,THG1L,gene_assignment,True
8109585,LSM11,gene_assignment,True
8109591,,,False
8109593,,,False
8109597,UBLCP1,gene_assignment,True
8109612,ADRA1B,gene_assignment,True
8109618,,,False
8109620,TTC1,gene_assignment,True
8109629,FABP6,gene_assignment,True
8109639,PTTG1,gene_assignment,True
8109649,MIR146A,gene_assignment,True
8109651,GABRA6,gene_assignment,True
8109663,GABRA1,gene_assignment,True
8109677,GABRG2,gene_assignment,True
8109697,CCNG1,gene_assignment,True
8109712,HMMR,gene_assignment,True
8109732,MAT2B,gene_assignment,True
8109750,RPLP0,gene_assignment,True
8109752,AK302302,gene_assignment,True
8109773,WWC1,gene_assignment,True
8109802,RARS,gene_assignment,True
8109819,FBLL1,gene_assignment,True
8109821,RPL10,gene_assignment,True
8109824,,,False
8109828,,,False
8109830,CCDC99,gene_assignment,True
8109843,DOCK2,gene_assignment,True
8109901,FOXI1,gene_assignment,True
8109908,AK093725,gene_assignment,True
8109912,KCNIP1,gene_assignment,True
8109926,GABRP,gene_assignment,True
8109938,RANBP17,gene_assignment,True
8109967,,,False
8109969,TLX3,gene_assignment,True
8109973,,,False
8109975,NPM1,gene_assignment,True
8109981,FGF18,gene_assignment,True
8109990,ENST00000330910,gene_assignment,True
8109995,AK097772,gene_assignment,True
8109999,ERGIC1,gene_assignment,True
8110018,RPL26L1,gene_assignment,True
8110022,ATP6V0E1,gene_assignment,True
8110032,C5ORF41,gene_assignment,True
8110043,BNIP1,gene_assignment,True
8110055,CPEB4,gene_assignment,True
8110068,C5ORF47,gene_assignment,True
8110074,HMP19,gene_assignment,True
8110084,MSX2,gene_assignment,True
8110090,SFXN1,gene_assignment,True
8110104,,,False
8110106,HRH2,gene_assignment,True
8110112,,,False
8110114,CPLX2,gene_assignment,True
8110123,FAM153B,gene_assignment,True
8110147,C5ORF25,gene_assignment,True
8110158,ARL10,gene_assignment,True
8110166,HIGD2A,gene_assignment,True
8110169,FAF2,gene_assignment,True
8110183,CDHR2,gene_assignment,True
8110216,,,False
8110218,EIF4E1B,gene_assignment,True
8110224,TSPAN17,gene_assignment,True
8110237,UNC5A,gene_assignment,True
8110253,ZNF346,gene_assignment,True
8110265,FGFR4,gene_assignment,True
8110289,NSD1,gene_assignment,True
8110318,PRELID1,gene_assignment,True
8110327,RGS14,gene_assignment,True
8110347,SLC34A1,gene_assignment,True
8110362,GRK6,gene_assignment,True
8110382,PRR7,gene_assignment,True
8110392,TMED9,gene_assignment,True
8110399,B4GALT7,gene_assignment,True
8110408,THOC3,gene_assignment,True
8110415,SUDS3,gene_assignment,True
8110417,FAM153C,gene_assignment,True
8110427,,,False
8110430,N4BP3,gene_assignment,True
8110437,RMND5B,gene_assignment,True
8110450,HNRNPAB,gene_assignment,True
8110461,,,False
8110463,ZNF354B,gene_assignment,True
8110472,ZFP2,gene_assignment,True
8110478,ZNF454,gene_assignment,True
8110486,ZNF879,gene_assignment,True
8110491,ZNF354C,gene_assignment,True
8110499,RUFY1,gene_assignment,True
8110518,ENST00000448248,gene_assignment,True
8110520,,,False
8110522,CANX,gene_assignment,True
8110546,MAML1,gene_assignment,True
8110562,LTC4S,gene_assignment,True
8110569,SQSTM1,gene_assignment,True
8110585,,,False
8110587,,,False
8110589,CNOT6,gene_assignment,True
8110604,,,False
8110606,BTNL8,gene_assignment,True
8110616,,,False
8110618,ARPP19,gene_assignment,True
8110620,BTNL3,gene_assignment,True
8110629,,,False
8110631,BTNL9,gene_assignment,True
8110647,OR2V2,gene_assignment,True
8110649,TRIM41,gene_assignment,True
8110666,TRIM52,gene_assignment,True
8110668,,,False
8110670,ENST00000388975,gene_assignment,True
8110672,OR4F16,gene_assignment,True
8110674,,,False
8110676,AK126844,gene_assignment,True
8110678,CCDC127,gene_assignment,True
8110681,C5ORF55,gene_assignment,True
8110685,LOC25845,gene_assignment,True
8110688,SLC9A3,gene_assignment,True
8110706,,,False
8110708,TPPP,gene_assignment,True
8110721,ZDHHC11,gene_assignment,True
8110734,BRD9,gene_assignment,True
8110755,SLC12A7,gene_assignment,True
8110783,TERT,gene_assignment,True
8110803,CLPTM1L,gene_assignment,True
8110821,SLC6A3,gene_assignment,True
8110841,LPCAT1,gene_assignment,True
8110858,LOC728613,gene_assignment,True
8110861,MRPL36,gene_assignment,True
8110865,IRX4,gene_assignment,True
8110872,IRX2,gene_assignment,True
8110880,,,False
8110882,FLJ33360,gene_assignment,True
8110886,MED10,gene_assignment,True
8110894,NSUN2,gene_assignment,True
8110914,,,False
8110916,LOC442132,gene_assignment,True
8110920,FASTKD3,gene_assignment,True
8110932,SEMA5A,gene_assignment,True
8110960,TAS2R1,gene_assignment,True
8110966,FAM173B,gene_assignment,True
8110971,CMBL,gene_assignment,True
8110982,DAP,gene_assignment,True
8110990,CTNND2,gene_assignment,True
8111017,,,False
8111019,DNAH5,gene_assignment,True
8111099,,,False
8111101,ANKH,gene_assignment,True
8111118,,,False
8111122,,,False
8111124,MARCH11,gene_assignment,True
8111127,MARCH11,gene_assignment,True
8111129,ZNF622,gene_assignment,True
8111136,FAM134B,gene_assignment,True
8111151,,,False
8111153,MYO10,gene_assignment,True
8111197,,,False
8111199,,,False
8111203,LOC285696,gene_assignment,True
8111210,,,False
8111212,,,False
8111214,LOC391766,gene_assignment,True
8111216,,,False
8111220,CDH18,gene_assignment,True
8111234,CDH12,gene_assignment,True
8111253,,,False
8111255,CDH10,gene_assignment,True
8111269,,,False
8111271,CDH9,gene_assignment,True
8111284,,,False
8111286,DROSHA,gene_assignment,True
8111327,,,False
8111331,GOLPH3,gene_assignment,True
8111339,MTMR12,gene_assignment,True
8111358,,,False
8111360,ZFR,gene_assignment,True
8111387,ADAMTS12,gene_assignment,True
8111415,,,False
8111417,SLC45A2,gene_assignment,True
8111430,AMACR,gene_assignment,True
8111443,C1QTNF3,gene_assignment,True
8111455,GUSBP1,gene_assignment,True
8111457,RAD1,gene_assignment,True
8111474,AGXT2,gene_assignment,True
8111490,PRLR,gene_assignment,True
8111506,CAPSL,gene_assignment,True
8111512,UGT3A1,gene_assignment,True
8111524,UGT3A2,gene_assignment,True
8111533,LMBRD2,gene_assignment,True
8111552,C5ORF33,gene_assignment,True
8111569,RANBP3L,gene_assignment,True
8111584,BC144069,gene_assignment,True
8111627,,,False
8111629,NUP155,gene_assignment,True
8111666,,,False
8111668,,,False
8111670,GDNF,gene_assignment,True
8111677,LIFR,gene_assignment,True
8111698,RICTOR,gene_assignment,True
8111739,FYB,gene_assignment,True
8111757,C9,gene_assignment,True
8111772,DAB2,gene_assignment,True
8111788,TTC33,gene_assignment,True
8111796,PRKAA1,gene_assignment,True
8111812,,,False
8111814,RPL37,gene_assignment,True
8111821,HEATR7B2,gene_assignment,True
8111864,C6,gene_assignment,True
8111885,,,False
8111887,PLCXD3,gene_assignment,True
8111892,OXCT1,gene_assignment,True
8111913,,,False
8111915,SEPP1,gene_assignment,True
8111922,LOC648987,gene_assignment,True
8111925,C5ORF39,gene_assignment,True
8111930,LOC100132356,gene_assignment,True
8111932,CCL28,gene_assignment,True
8111941,HMGCS1,gene_assignment,True
8111952,C5ORF28,gene_assignment,True
8111960,C5ORF34,gene_assignment,True
8111974,PAIP1,gene_assignment,True
8111989,,,False
8111991,,,False
8111993,FGF10,gene_assignment,True
8111998,HCN1,gene_assignment,True
8112007,EMB,gene_assignment,True
8112014,,,False
8112016,,,False
8112020,MOCS2,gene_assignment,True
8112033,ARL15,gene_assignment,True
8112041,,,False
8112043,,,False
8112045,ESM1,gene_assignment,True
8112053,CDC20B,gene_assignment,True
8112070,,,False
8112072,CCNO,gene_assignment,True
8112081,DHX29,gene_assignment,True
8112107,PPAP2A,gene_assignment,True
8112121,SLC38A9,gene_assignment,True
8112139,IL6ST,gene_assignment,True
8112157,,,False
8112159,ANKRD55,gene_assignment,True
8112174,,,False
8112176,RNU6ATAC,gene_assignment,True
8112178,,,False
8112180,,,False
8112182,MIER3,gene_assignment,True
8112196,,,False
8112198,ACTBL2,gene_assignment,True
8112202,PLK2,gene_assignment,True
8112220,PDE4D,gene_assignment,True
8112258,,,False
8112260,DEPDC1B,gene_assignment,True
8112274,ELOVL7,gene_assignment,True
8112285,ERCC8,gene_assignment,True
8112302,C5ORF43,gene_assignment,True
8112306,AF264626,gene_assignment,True
8112310,,,False
8112312,DIMT1L,gene_assignment,True
8112327,CKS1B,gene_assignment,True
8112329,,,False
8112331,ISCA1,gene_assignment,True
8112333,HTR1A,gene_assignment,True
8112335,,,False
8112337,SREK1IP1,gene_assignment,True
8112342,ADAMTS6,gene_assignment,True
8112376,CENPK,gene_assignment,True
8112388,TRIM23,gene_assignment,True
8112407,,,False
8112409,SGTB,gene_assignment,True
8112424,,,False
8112428,CD180,gene_assignment,True
8112435,,,False
8112437,,,False
8112439,CCDC125,gene_assignment,True
8112458,TAF9,gene_assignment,True
8112469,GUSBP3,gene_assignment,True
8112476,,,False
8112478,NAIP,gene_assignment,True
8112491,SMA5,gene_assignment,True
8112519,,,False
8112521,NAIP,gene_assignment,True
8112538,GTF2H2,gene_assignment,True
8112558,GUSBL1,gene_assignment,True
8112560,SMA5,gene_assignment,True
8112564,GUSBP3,gene_assignment,True
8112570,MRPS27,gene_assignment,True
8112582,,,False
8112584,ZNF366,gene_assignment,True
8112592,FOXD1,gene_assignment,True
8112596,ANKRA2,gene_assignment,True
8112607,,,False
8112611,,,False
8112615,ENC1,gene_assignment,True
8112622,GFM2,gene_assignment,True
8112647,,,False
8112649,FAM169A,gene_assignment,True
8112664,,,False
8112666,,,False
8112668,GCNT4,gene_assignment,True
8112672,ANKRD31,gene_assignment,True
8112687,COL4A3BP,gene_assignment,True
8112709,POC5,gene_assignment,True
8112724,,,False
8112728,RAP1B,gene_assignment,True
8112731,F2RL2,gene_assignment,True
8112738,,,False
8112740,ZBED3,gene_assignment,True
8112746,WDR41,gene_assignment,True
8112763,OTP,gene_assignment,True
8112767,TBCA,gene_assignment,True
8112772,AP3B1,gene_assignment,True
8112801,,,False
8112803,LHFPL2,gene_assignment,True
8112807,ARSB,gene_assignment,True
8112822,DMGDH,gene_assignment,True
8112841,HOMER1,gene_assignment,True
8112857,MTX3,gene_assignment,True
8112865,SERINC5,gene_assignment,True
8112881,,,False
8112883,LOC644936,gene_assignment,True
8112888,,,False
8112890,CRSP8P,gene_assignment,True
8112892,,,False
8112894,,,False
8112896,ANKRD34B,gene_assignment,True
8112902,DHFR,gene_assignment,True
8112914,,,False
8112916,,,False
8112918,,,False
8112920,ACOT12,gene_assignment,True
8112940,SSBP2,gene_assignment,True
8112959,,,False
8112961,RPS23,gene_assignment,True
8112967,TMEM167A,gene_assignment,True
8112971,HAPLN1,gene_assignment,True
8112980,EDIL3,gene_assignment,True
8112996,,,False
8112998,AF258587,gene_assignment,True
8113003,AK002104,gene_assignment,True
8113008,,,False
8113010,CCNH,gene_assignment,True
8113023,TMEM161B,gene_assignment,True
8113035,,,False
8113037,MIR9-2,gene_assignment,True
8113039,MEF2C,gene_assignment,True
8113050,CETN3,gene_assignment,True
8113059,MBLAC2,gene_assignment,True
8113064,LYSMD3,gene_assignment,True
8113071,AF452720,gene_assignment,True
8113073,ARRDC3,gene_assignment,True
8113083,FAM172A,gene_assignment,True
8113094,POU5F2,gene_assignment,True
8113097,C5ORF36,gene_assignment,True
8113103,C5ORF36,gene_assignment,True
8113113,C5ORF36,gene_assignment,True
8113120,BC028919,gene_assignment,True
8113122,,,False
8113124,ANKRD32,gene_assignment,True
8113130,MCTP1,gene_assignment,True
8113157,TTC37,gene_assignment,True
8113202,SPATA9,gene_assignment,True
8113214,GLRX,gene_assignment,True
8113220,ELL2,gene_assignment,True
8113232,,,False
8113234,PCSK1,gene_assignment,True
8113250,ERAP1,gene_assignment,True
8113274,,,False
8113276,,,False
8113278,LIX1,gene_assignment,True
8113286,RIOK2,gene_assignment,True
8113299,,,False
8113305,CHD1,gene_assignment,True
8113342,,,False
8113344,,,False
8113356,AK172782,gene_assignment,True
8113358,ST8SIA4,gene_assignment,True
8113367,,,False
8113369,SLCO4C1,gene_assignment,True
8113385,SLCO6A1,gene_assignment,True
8113403,GIN1,gene_assignment,True
8113413,NUDT12,gene_assignment,True
8113421,,,False
8113427,,,False
8113431,,,False
8113433,EFNA5,gene_assignment,True
8113443,,,False
8113445,FBXL17,gene_assignment,True
8113467,,,False
8113469,PJA2,gene_assignment,True
8113481,,,False
8113483,TMEM232,gene_assignment,True
8113489,,,False
8113491,STARD4,gene_assignment,True
8113504,C5ORF13,gene_assignment,True
8113512,EPB41L4A,gene_assignment,True
8113542,REEP5,gene_assignment,True
8113551,MCC,gene_assignment,True
8113573,TSSK1B,gene_assignment,True
8113577,TRIM36,gene_assignment,True
8113591,PGGT1B,gene_assignment,True
8113602,CCDC112,gene_assignment,True
8113616,FEM1C,gene_assignment,True
8113623,TMED7,gene_assignment,True
8113639,,,False
8113641,CDO1,gene_assignment,True
8113651,ATG12,gene_assignment,True
8113658,AQPEP,gene_assignment,True
8113660,RPS25,gene_assignment,True
8113664,,,False
8113666,SEMA6A,gene_assignment,True
8113689,,,False
8113691,DTWD2,gene_assignment,True
8113699,,,False
8113701,,,False
8113703,,,False
8113707,,,False
8113709,LOX,gene_assignment,True
8113717,,,False
8113724,,,False
8113726,PPIC,gene_assignment,True
8113733,CEP120,gene_assignment,True
8113759,,,False
8113761,ZNF608,gene_assignment,True
8113771,,,False
8113773,ALDH7A1,gene_assignment,True
8113782,,,False
8113784,,,False
8113790,MARCH3,gene_assignment,True
8113796,FLJ44606,gene_assignment,True
8113800,FBN2,gene_assignment,True
8113871,,,False
8113873,HINT1,gene_assignment,True
8113879,,,False
8113881,RAPGEF6,gene_assignment,True
8113914,FNIP1,gene_assignment,True
8113936,,,False
8113938,ACSL6,gene_assignment,True
8113981,P4HA2,gene_assignment,True
8114002,ENST00000439698,gene_assignment,True
8114006,,,False
8114010,IRF1,gene_assignment,True
8114023,IL5,gene_assignment,True
8114030,KIF3A,gene_assignment,True
8114050,SEPT8,gene_assignment,True
8114068,SHROOM1,gene_assignment,True
8114080,GDF9,gene_assignment,True
8114083,AFF4,gene_assignment,True
8114111,,,False
8114113,ZCCHC10,gene_assignment,True
8114119,FSTL4,gene_assignment,True
8114136,,,False
8114138,C5ORF15,gene_assignment,True
8114145,VDAC1,gene_assignment,True
8114152,SKP1,gene_assignment,True
8114158,PPP2CA,gene_assignment,True
8114171,CDKL3,gene_assignment,True
8114185,CDKN2AIPNL,gene_assignment,True
8114191,,,False
8114193,SAR1B,gene_assignment,True
8114203,,,False
8114205,,,False
8114207,,,False
8114215,PITX1,gene_assignment,True
8114225,H2AFY,gene_assignment,True
8114239,C5ORF20,gene_assignment,True
8114245,NEUROG1,gene_assignment,True
8114249,CXCL14,gene_assignment,True
8114256,IL9,gene_assignment,True
8114263,LECT2,gene_assignment,True
8114270,AF071111,gene_assignment,True
8114273,TRPC7,gene_assignment,True
8114285,,,False
8114287,SPOCK1,gene_assignment,True
8114300,KLHL3,gene_assignment,True
8114320,HNRNPA0,gene_assignment,True
8114326,FAM13B,gene_assignment,True
8114352,,,False
8114354,NME5,gene_assignment,True
8114363,,,False
8114365,BRD8,gene_assignment,True
8114396,CDC23,gene_assignment,True
8114415,GFRA3,gene_assignment,True
8114425,CDC25C,gene_assignment,True
8114443,ETF1,gene_assignment,True
8114455,HSPA9,gene_assignment,True
8114468,SNORD63,gene_assignment,True
8114470,LRRTM2,gene_assignment,True
8114476,SIL1,gene_assignment,True
8114491,SLC23A1,gene_assignment,True
8114511,MGC29506,gene_assignment,True
8114518,SPATA24,gene_assignment,True
8114526,DNAJC18,gene_assignment,True
8114536,TMEM173,gene_assignment,True
8114546,,,False
8114548,,,False
8114550,NRG2,gene_assignment,True
8114567,PFDN1,gene_assignment,True
8114572,HBEGF,gene_assignment,True
8114579,,,False
8114581,,,False
8114583,SRA1,gene_assignment,True
8114593,APBB3,gene_assignment,True
8114612,CD14,gene_assignment,True
8114618,NDUFA2,gene_assignment,True
8114625,DND1,gene_assignment,True
8114628,HARS,gene_assignment,True
8114643,,,False
8114645,,,False
8114647,SLC25A2,gene_assignment,True
8114653,TAF7,gene_assignment,True
8114658,DIAPH1,gene_assignment,True
8114691,HDAC3,gene_assignment,True
8114709,FCHSD1,gene_assignment,True
8114733,ARAP3,gene_assignment,True
8114767,PCDH1,gene_assignment,True
8114778,GCSH,gene_assignment,True
8114780,PCDH12,gene_assignment,True
8114787,GNPDA1,gene_assignment,True
8114797,SPRY4,gene_assignment,True
8114805,FGF1,gene_assignment,True
8114812,,,False
8114814,NR3C1,gene_assignment,True
8114829,YIPF5,gene_assignment,True
8114843,,,False
8114845,PRELID2,gene_assignment,True
8114856,PLAC8L1,gene_assignment,True
8114861,LARS,gene_assignment,True
8114896,GPR151,gene_assignment,True
8114900,PPP2R2B,gene_assignment,True
8114918,,,False
8114920,DPYSL3,gene_assignment,True
8114938,JAKMIP2,gene_assignment,True
8114964,SPINK1,gene_assignment,True
8114970,C5ORF46,gene_assignment,True
8114977,HTR4,gene_assignment,True
8114991,SH3TC2,gene_assignment,True
8115012,,,False
8115014,IL17B,gene_assignment,True
8115022,CSNK1A1,gene_assignment,True
8115037,,,False
8115039,,,False
8115041,PDE6A,gene_assignment,True
8115064,,,False
8115068,TIGD6,gene_assignment,True
8115074,,,False
8115076,CSF1R,gene_assignment,True
8115099,PDGFRB,gene_assignment,True
8115122,CAMK2A,gene_assignment,True
8115144,ARSI,gene_assignment,True
8115147,CD74,gene_assignment,True
8115158,RPS14,gene_assignment,True
8115164,,,False
8115166,,,False
8115168,RBM22,gene_assignment,True
8115181,DCTN4,gene_assignment,True
8115196,ZNF300,gene_assignment,True
8115205,ZNF300P1,gene_assignment,True
8115210,TNIP1,gene_assignment,True
8115234,ANXA6,gene_assignment,True
8115261,CCDC69,gene_assignment,True
8115274,SLC36A3,gene_assignment,True
8115287,SLC36A2,gene_assignment,True
8115300,,,False
8115302,FAT2,gene_assignment,True
8115327,SPARC,gene_assignment,True
8115344,,,False
8115346,ATOX1,gene_assignment,True
8115355,GLRA1,gene_assignment,True
8115366,,,False
8115368,NMUR2,gene_assignment,True
8115375,FAM114A2,gene_assignment,True
8115391,HAND1,gene_assignment,True
8115395,,,False
8115397,C5ORF4,gene_assignment,True
8115410,GEMIN5,gene_assignment,True
8115445,TIMD4,gene_assignment,True
8115455,HAVCR1,gene_assignment,True
8115464,HAVCR2,gene_assignment,True
8115476,MED7,gene_assignment,True
8115481,FAM71B,gene_assignment,True
8115487,C5ORF40,gene_assignment,True
8115490,ADAM19,gene_assignment,True
8115516,SOX30,gene_assignment,True
8115524,CLINT1,gene_assignment,True
8115541,,,False
8115543,EBF1,gene_assignment,True
8115562,RNF145,gene_assignment,True
8115570,IL12B,gene_assignment,True
8115580,PWWP2A,gene_assignment,True
8115584,CCNJL,gene_assignment,True
8115594,C1QTNF2,gene_assignment,True
8115600,C5ORF54,gene_assignment,True
8115606,SLU7,gene_assignment,True
8115623,ATP10B,gene_assignment,True
8115651,GABRB2,gene_assignment,True
8115664,,,False
8115666,NUDCD2,gene_assignment,True
8115675,,,False
8115681,PANK3,gene_assignment,True
8115689,MIR103-1,gene_assignment,True
8115691,SLIT3,gene_assignment,True
8115730,MIR218-2,gene_assignment,True
8115732,AY358216,gene_assignment,True
8115734,LCP2,gene_assignment,True
8115756,KCNMB1,gene_assignment,True
8115765,FBXW11,gene_assignment,True
8115783,STK10,gene_assignment,True
8115806,UBTD2,gene_assignment,True
8115812,,,False
8115814,SH3PXD2B,gene_assignment,True
8115828,,,False
8115831,DUSP1,gene_assignment,True
8115836,,,False
8115838,,,False
8115840,NKX2-5,gene_assignment,True
8115847,,,False
8115851,STC2,gene_assignment,True
8115863,,,False
8115865,BOD1,gene_assignment,True
8115871,AK131247,gene_assignment,True
8115875,DRD1,gene_assignment,True
8115884,,,False
8115886,THOC3,gene_assignment,True
8115895,KIAA1191,gene_assignment,True
8115907,NOP16,gene_assignment,True
8115918,CLTB,gene_assignment,True
8115927,RNF44,gene_assignment,True
8115939,,,False
8115941,GPRIN1,gene_assignment,True
8115948,SNCB,gene_assignment,True
8115957,HK3,gene_assignment,True
8115978,UIMC1,gene_assignment,True
8115997,RAB24,gene_assignment,True
8116012,MXD3,gene_assignment,True
8116020,LMAN2,gene_assignment,True
8116031,PFN3,gene_assignment,True
8116033,F12,gene_assignment,True
8116051,DBN1,gene_assignment,True
8116070,PDLIM7,gene_assignment,True
8116086,DOK3,gene_assignment,True
8116096,DDX41,gene_assignment,True
8116113,FAM193B,gene_assignment,True
8116128,LOC202181,gene_assignment,True
8116130,FAM153B,gene_assignment,True
8116162,PROP1,gene_assignment,True
8116168,NHP2,gene_assignment,True
8116174,GMCL1L,gene_assignment,True
8116177,AGXT2L2,gene_assignment,True
8116195,COL23A1,gene_assignment,True
8116227,CLK4,gene_assignment,True
8116245,BC063116,gene_assignment,True
8116247,ZNF354A,gene_assignment,True
8116253,GRM6,gene_assignment,True
8116272,ADAMTS2,gene_assignment,True
8116295,,,False
8116297,HNRNPH1,gene_assignment,True
8116313,ENST00000432586,gene_assignment,True
8116316,MGAT4B,gene_assignment,True
8116335,C5ORF45,gene_assignment,True
8116348,TBC1D9B,gene_assignment,True
8116372,RNF130,gene_assignment,True
8116384,RASGEF1C,gene_assignment,True
8116400,,,False
8116402,MAPK9,gene_assignment,True
8116418,GFPT2,gene_assignment,True
8116439,SCGB3A1,gene_assignment,True
8116445,FLT4,gene_assignment,True
8116479,,,False
8116482,OR2Y1,gene_assignment,True
8116484,MGAT1,gene_assignment,True
8116494,ZFP62,gene_assignment,True
8116500,ENST00000329365,gene_assignment,True
8116504,TRIM7,gene_assignment,True
8116520,GNB2L1,gene_assignment,True
8116530,SNORD96A,gene_assignment,True
8116532,SNORD95,gene_assignment,True
8116534,TRIM52,gene_assignment,True
8116537,BTNL8,gene_assignment,True
8116545,ENST00000381078,gene_assignment,True
8116548,DUSP22,gene_assignment,True
8116559,IRF4,gene_assignment,True
8116571,,,False
8116573,,,False
8116577,,,False
8116579,FOXQ1,gene_assignment,True
8116582,FOXF2,gene_assignment,True
8116591,FOXC1,gene_assignment,True
8116593,,,False
8116595,WRNIP1,gene_assignment,True
8116607,DKFZP686I15217,gene_assignment,True
8116610,NQO2,gene_assignment,True
8116620,FAM136B,gene_assignment,True
8116622,RIPK1,gene_assignment,True
8116635,BPHL,gene_assignment,True
8116649,TUBB2A,gene_assignment,True
8116651,,,False
8116653,TUBB2A,gene_assignment,True
8116655,PSMG4,gene_assignment,True
8116658,FAM50B,gene_assignment,True
8116662,,,False
8116664,PRPF4B,gene_assignment,True
8116696,C6ORF201,gene_assignment,True
8116707,AY870321,gene_assignment,True
8116710,CDYL,gene_assignment,True
8116722,AY358807,gene_assignment,True
8116724,FARS2,gene_assignment,True
8116734,LY86,gene_assignment,True
8116740,RREB1,gene_assignment,True
8116760,RIOK1,gene_assignment,True
8116780,DSP,gene_assignment,True
8116807,SNRNP48,gene_assignment,True
8116818,BMP6,gene_assignment,True
8116827,PIP5K1P1,gene_assignment,True
8116829,,,False
8116831,TFAP2A,gene_assignment,True
8116835,GCNT2,gene_assignment,True
8116846,,,False
8116848,PAK1IP1,gene_assignment,True
8116859,TMEM14C,gene_assignment,True
8116867,TMEM14B,gene_assignment,True
8116874,SYCP2L,gene_assignment,True
8116904,,,False
8116908,,,False
8116910,HIVEP1,gene_assignment,True
8116921,EDN1,gene_assignment,True
8116929,RPL15,gene_assignment,True
8116932,PHACTR1,gene_assignment,True
8116952,,,False
8116954,,,False
8116956,SIRT5,gene_assignment,True
8116969,NOL7,gene_assignment,True
8116980,RNF182,gene_assignment,True
8116983,CD83,gene_assignment,True
8116992,,,False
8116994,,,False
8116996,,,False
8116998,JARID2,gene_assignment,True
8117018,,,False
8117020,MYLIP,gene_assignment,True
8117034,GMPR,gene_assignment,True
8117045,RBM24,gene_assignment,True
8117054,CAP2,gene_assignment,True
8117071,FAM8A1,gene_assignment,True
8117077,,,False
8117079,BC047037,gene_assignment,True
8117081,KDM1B,gene_assignment,True
8117106,RNF144B,gene_assignment,True
8117118,,,False
8117120,ID4,gene_assignment,True
8117128,E2F3,gene_assignment,True
8117138,,,False
8117140,CDKAL1,gene_assignment,True
8117161,,,False
8117165,SOX4,gene_assignment,True
8117170,,,False
8117172,HDGFL1,gene_assignment,True
8117176,ENST00000400287,gene_assignment,True
8117178,NRSN1,gene_assignment,True
8117189,KAAG1,gene_assignment,True
8117192,,,False
8117194,MRS2,gene_assignment,True
8117207,ALDH5A1,gene_assignment,True
8117219,ACOT13,gene_assignment,True
8117225,GMNN,gene_assignment,True
8117237,,,False
8117239,,,False
8117241,,,False
8117243,LRRC16A,gene_assignment,True
8117284,,,False
8117286,,,False
8117288,SCGN,gene_assignment,True
8117301,HIST1H2BA,gene_assignment,True
8117304,SLC17A4,gene_assignment,True
8117321,TRIM38,gene_assignment,True
8117330,HIST1H3A,gene_assignment,True
8117334,HIST1H4A,gene_assignment,True
8117339,HIST1H3C,gene_assignment,True
8117343,HFE,gene_assignment,True
8117368,HIST1H4C,gene_assignment,True
8117372,HIST1H2AC,gene_assignment,True
8117377,HIST1H1E,gene_assignment,True
8117382,HIST1H2BD,gene_assignment,True
8117389,HIST1H2BE,gene_assignment,True
8117395,HIST1H2BF,gene_assignment,True
8117402,HIST1H4E,gene_assignment,True
8117408,HIST1H2AE,gene_assignment,True
8117415,HIST1H3E,gene_assignment,True
8117422,HIST1H4F,gene_assignment,True
8117426,HIST1H2BH,gene_assignment,True
8117429,HIST1H2BI,gene_assignment,True
8117435,BTN3A2,gene_assignment,True
8117447,BTN2A2,gene_assignment,True
8117458,BTN3A1,gene_assignment,True
8117470,BTN2A3,gene_assignment,True
8117476,BTN3A3,gene_assignment,True
8117485,BTN2A1,gene_assignment,True
8117498,BTN1A1,gene_assignment,True
8117510,HMGN4,gene_assignment,True
8117522,ABT1,gene_assignment,True
8117535,HIST1H2AG,gene_assignment,True
8117537,HIST1H4I,gene_assignment,True
8117543,HIST1H2AH,gene_assignment,True
8117547,PRSS16,gene_assignment,True
8117567,FKSG83,gene_assignment,True
8117572,ZNF391,gene_assignment,True
8117576,,,False
8117578,,,False
8117580,HIST1H2AI,gene_assignment,True
8117583,HIST1H2AI,gene_assignment,True
8117589,HIST1H3H,gene_assignment,True
8117594,HIST1H2BM,gene_assignment,True
8117598,HIST1H4J,gene_assignment,True
8117600,HIST1H2BN,gene_assignment,True
8117608,HIST1H2AL,gene_assignment,True
8117614,HIST1H2BO,gene_assignment,True
8117620,,,False
8117622,OR2B6,gene_assignment,True
8117624,,,False
8117626,,,False
8117628,,,False
8117630,ZNF165,gene_assignment,True
8117640,ZSCAN16,gene_assignment,True
8117646,ZNF192,gene_assignment,True
8117655,ZNF193,gene_assignment,True
8117663,NKAPL,gene_assignment,True
8117667,ZNF187,gene_assignment,True
8117675,PGBD1,gene_assignment,True
8117685,ZKSCAN3,gene_assignment,True
8117696,COX11,gene_assignment,True
8117700,GPX5,gene_assignment,True
8117707,ENST00000438403,gene_assignment,True
8117710,,,False
8117712,ENST00000377171,gene_assignment,True
8117714,OR2J3,gene_assignment,True
8117716,OR2J2,gene_assignment,True
8117718,,,False
8117720,,,False
8117722,OR14J1,gene_assignment,True
8117724,OR12D2,gene_assignment,True
8117727,OR10C1,gene_assignment,True
8117732,OR2H1,gene_assignment,True
8117739,,,False
8117741,OR2H2,gene_assignment,True
8117746,SNORD32B,gene_assignment,True
8117748,MOG,gene_assignment,True
8117760,HLA-F,gene_assignment,True
8117773,AK128290,gene_assignment,True
8117777,HLA-H,gene_assignment,True
8117800,HLA-A,gene_assignment,True
8117809,HCG9,gene_assignment,True
8117813,HLA-J,gene_assignment,True
8117822,ZNRD1,gene_assignment,True
8117834,PPP1R11,gene_assignment,True
8117840,TRIM40,gene_assignment,True
8117849,TRIM15,gene_assignment,True
8117861,HLA-L,gene_assignment,True
8117869,TRIM39,gene_assignment,True
8117881,RPP21,gene_assignment,True
8117888,RAN,gene_assignment,True
8117890,HLA-E,gene_assignment,True
8117900,DDR1,gene_assignment,True
8117922,PRR3,gene_assignment,True
8117929,ABCF1,gene_assignment,True
8117955,MRPS18B,gene_assignment,True
8117965,ATAT1,gene_assignment,True
8117987,C6ORF136,gene_assignment,True
8117995,TUBB,gene_assignment,True
8118005,,,False
8118007,GTF2H4,gene_assignment,True
8118023,GTF2H4,gene_assignment,True
8118028,VARS2,gene_assignment,True
8118061,DPCR1,gene_assignment,True
8118069,MUC21,gene_assignment,True
8118076,PSORS1C1,gene_assignment,True
8118086,TCF19,gene_assignment,True
8118093,HCG27,gene_assignment,True
8118098,,,False
8118100,MICA,gene_assignment,True
8118111,HCP5,gene_assignment,True
8118116,MICB,gene_assignment,True
8118124,MCCD1,gene_assignment,True
8118127,NFKBIL1,gene_assignment,True
8118137,LTA,gene_assignment,True
8118142,TNF,gene_assignment,True
8118147,,,False
8118149,LST1,gene_assignment,True
8118158,AIF1,gene_assignment,True
8118174,BAT2,gene_assignment,True
8118207,SNORA38,gene_assignment,True
8118209,APOM,gene_assignment,True
8118216,,,False
8118218,CSNK2B,gene_assignment,True
8118228,LY6G5B,gene_assignment,True
8118235,LY6G6F,gene_assignment,True
8118242,LY6G6D,gene_assignment,True
8118249,C6ORF25,gene_assignment,True
8118259,MSH5,gene_assignment,True
8118293,MSH5,gene_assignment,True
8118302,C6ORF26,gene_assignment,True
8118310,HSPA1A,gene_assignment,True
8118314,HSPA1B,gene_assignment,True
8118319,,,False
8118322,SNORD52,gene_assignment,True
8118324,C2,gene_assignment,True
8118345,CFB,gene_assignment,True
8118367,SKIV2L,gene_assignment,True
8118395,STK19,gene_assignment,True
8118409,C4A,gene_assignment,True
8118455,C4A,gene_assignment,True
8118498,CYP21A2,gene_assignment,True
8118509,PPT2,gene_assignment,True
8118535,RNF5,gene_assignment,True
8118544,,,False
8118548,HLA-DRA,gene_assignment,True
8118556,HLA-DQA1,gene_assignment,True
8118564,HLA-DQA2,gene_assignment,True
8118571,PSMB9,gene_assignment,True
8118580,BRD2,gene_assignment,True
8118594,HLA-DPB1,gene_assignment,True
8118607,HLA-DPB2,gene_assignment,True
8118611,,,False
8118613,SLC39A7,gene_assignment,True
8118622,HSD17B8,gene_assignment,True
8118632,MIR219-1,gene_assignment,True
8118634,RING1,gene_assignment,True
8118644,RPS18,gene_assignment,True
8118655,B3GALT4,gene_assignment,True
8118661,PFDN6,gene_assignment,True
8118667,,,False
8118669,KIFC1,gene_assignment,True
8118682,PHF1,gene_assignment,True
8118696,SYNGAP1,gene_assignment,True
8118721,ZBTB9,gene_assignment,True
8118724,,,False
8118726,GGNBP1,gene_assignment,True
8118734,ITPR3,gene_assignment,True
8118794,HMGA1,gene_assignment,True
8118804,PACSIN1,gene_assignment,True
8118818,,,False
8118820,,,False
8118824,,,False
8118826,SNRPC,gene_assignment,True
8118833,UHRF1BP1,gene_assignment,True
8118861,,,False
8118863,ANKS1A,gene_assignment,True
8118890,SCUBE3,gene_assignment,True
8118915,ZNF76,gene_assignment,True
8118932,DEF6,gene_assignment,True
8118945,PPARD,gene_assignment,True
8118963,FANCE,gene_assignment,True
8118974,RPL10A,gene_assignment,True
8118979,,,False
8118981,BC033033,gene_assignment,True
8118990,C6ORF126,gene_assignment,True
8118995,LHFPL5,gene_assignment,True
8119000,MAPK14,gene_assignment,True
8119016,MAPK13,gene_assignment,True
8119034,BRPF3,gene_assignment,True
8119052,PNPLA1,gene_assignment,True
8119067,KCTD20,gene_assignment,True
8119076,,,False
8119078,,,False
8119080,SRSF3,gene_assignment,True
8119088,CDKN1A,gene_assignment,True
8119096,ENST00000355623,gene_assignment,True
8119102,ENST00000229824,gene_assignment,True
8119107,,,False
8119109,C6ORF89,gene_assignment,True
8119124,PI16,gene_assignment,True
8119132,FGD2,gene_assignment,True
8119153,COX6A1,gene_assignment,True
8119159,,,False
8119161,PIM1,gene_assignment,True
8119169,TBC1D22B,gene_assignment,True
8119184,RNF8,gene_assignment,True
8119196,ENST00000469316,gene_assignment,True
8119198,FTSJD2,gene_assignment,True
8119223,AK127725,gene_assignment,True
8119227,ZFAND3,gene_assignment,True
8119235,,,False
8119237,AK092662,gene_assignment,True
8119239,,,False
8119241,,,False
8119243,DNAH8,gene_assignment,True
8119336,,,False
8119338,GLP1R,gene_assignment,True
8119357,DAAM2,gene_assignment,True
8119386,DQ168992,gene_assignment,True
8119390,LRFN2,gene_assignment,True
8119396,TSPO2,gene_assignment,True
8119403,APOBEC2,gene_assignment,True
8119408,NFYA,gene_assignment,True
8119423,LOC221442,gene_assignment,True
8119427,TREML4,gene_assignment,True
8119435,NCR2,gene_assignment,True
8119444,FOXP4,gene_assignment,True
8119466,MDFI,gene_assignment,True
8119473,PRICKLE4,gene_assignment,True
8119490,,,False
8119492,BYSL,gene_assignment,True
8119503,TAF8,gene_assignment,True
8119515,GUCA1A,gene_assignment,True
8119525,AY465895,gene_assignment,True
8119527,,,False
8119529,UBR2,gene_assignment,True
8119580,,,False
8119582,KIAA0240,gene_assignment,True
8119595,RPL7L1,gene_assignment,True
8119599,PTCRA,gene_assignment,True
8119609,CNPY3,gene_assignment,True
8119620,GNMT,gene_assignment,True
8119627,PPP2R5D,gene_assignment,True
8119648,KLHDC3,gene_assignment,True
8119661,RRP36,gene_assignment,True
8119670,KLC4,gene_assignment,True
8119689,PTK7,gene_assignment,True
8119712,SRF,gene_assignment,True
8119722,CUL9,gene_assignment,True
8119765,TTBK1,gene_assignment,True
8119782,SLC22A7,gene_assignment,True
8119799,,,False
8119801,ABCC10,gene_assignment,True
8119827,,,False
8119829,TJAP1,gene_assignment,True
8119842,POLR1C,gene_assignment,True
8119856,,,False
8119858,POLH,gene_assignment,True
8119874,MAD2L1BP,gene_assignment,True
8119882,RSPH9,gene_assignment,True
8119894,,,False
8119896,,,False
8119898,VEGFA,gene_assignment,True
8119915,LOC100132354,gene_assignment,True
8119918,C6ORF223,gene_assignment,True
8119926,TMEM63B,gene_assignment,True
8119951,CAPN11,gene_assignment,True
8119974,SLC29A1,gene_assignment,True
8119993,HSP90AB1,gene_assignment,True
8120004,TMEM151B,gene_assignment,True
8120011,SPATS1,gene_assignment,True
8120022,CDC5L,gene_assignment,True
8120043,RUNX2,gene_assignment,True
8120059,,,False
8120061,ENPP4,gene_assignment,True
8120067,SLC25A27,gene_assignment,True
8120082,TDRD6,gene_assignment,True
8120088,MEP1A,gene_assignment,True
8120102,CD2AP,gene_assignment,True
8120124,GPR111,gene_assignment,True
8120135,GPR115,gene_assignment,True
8120151,OPN5,gene_assignment,True
8120163,,,False
8120165,CENPQ,gene_assignment,True
8120176,C6ORF141,gene_assignment,True
8120184,TFAP2D,gene_assignment,True
8120194,TFAP2B,gene_assignment,True
8120206,MIR206,gene_assignment,True
8120208,MIR133B,gene_assignment,True
8120210,IL17A,gene_assignment,True
8120215,PAQR8,gene_assignment,True
8120222,EFHC1,gene_assignment,True
8120239,TMEM14A,gene_assignment,True
8120247,,,False
8120249,RN7SK,gene_assignment,True
8120251,FBXO9,gene_assignment,True
8120269,AK095315,gene_assignment,True
8120271,AK095307,gene_assignment,True
8120273,,,False
8120275,,,False
8120277,ENST00000407079,gene_assignment,True
8120279,LRRC1,gene_assignment,True
8120300,C6ORF142,gene_assignment,True
8120315,TINAG,gene_assignment,True
8120335,FAM83B,gene_assignment,True
8120342,HCRTR2,gene_assignment,True
8120350,GFRAL,gene_assignment,True
8120360,,,False
8120362,BEND6,gene_assignment,True
8120378,KIAA1586,gene_assignment,True
8120382,ZNF451,gene_assignment,True
8120402,BAG2,gene_assignment,True
8120411,PRIM2,gene_assignment,True
8120428,FKBP1A,gene_assignment,True
8120431,PTP4A1,gene_assignment,True
8120441,PHF3,gene_assignment,True
8120460,MCART3P,gene_assignment,True
8120462,,,False
8120464,,,False
8120466,,,False
8120468,BAI3,gene_assignment,True
8120501,COL19A1,gene_assignment,True
8120552,FAM135A,gene_assignment,True
8120579,C6ORF57,gene_assignment,True
8120585,SMAP1,gene_assignment,True
8120600,,,False
8120602,OGFRL1,gene_assignment,True
8120613,RIMS1,gene_assignment,True
8120654,KCNQ5,gene_assignment,True
8120675,C6ORF221,gene_assignment,True
8120679,DDX43,gene_assignment,True
8120698,MTO1,gene_assignment,True
8120715,,,False
8120719,CD109,gene_assignment,True
8120758,SENP6,gene_assignment,True
8120783,MYO6,gene_assignment,True
8120820,,,False
8120822,,,False
8120824,,,False
8120826,IRAK1BP1,gene_assignment,True
8120833,SH3BGRL2,gene_assignment,True
8120838,TTK,gene_assignment,True
8120860,BCKDHB,gene_assignment,True
8120876,,,False
8120878,,,False
8120880,TPBG,gene_assignment,True
8120883,DOPEY1,gene_assignment,True
8120927,RWDD2A,gene_assignment,True
8120932,PRSS35,gene_assignment,True
8120937,RIPPLY2,gene_assignment,True
8120943,CYB5R4,gene_assignment,True
8120961,MRAP2,gene_assignment,True
8120967,NT5E,gene_assignment,True
8120979,,,False
8120983,HTR1E,gene_assignment,True
8120992,ZNF292,gene_assignment,True
8121002,C6ORF162,gene_assignment,True
8121009,C6ORF163,gene_assignment,True
8121015,C6ORF165,gene_assignment,True
8121031,SLC35A1,gene_assignment,True
8121041,,,False
8121043,ORC3,gene_assignment,True
8121062,,,False
8121064,,,False
8121066,SPACA1,gene_assignment,True
8121076,PNRC1,gene_assignment,True
8121085,,,False
8121087,PM20D2,gene_assignment,True
8121095,ANKRD6,gene_assignment,True
8121112,,,False
8121116,,,False
8121118,CASP8AP2,gene_assignment,True
8121130,,,False
8121132,GJA10,gene_assignment,True
8121136,,,False
8121138,,,False
8121140,,,False
8121144,MANEA,gene_assignment,True
8121152,FUT9,gene_assignment,True
8121159,,,False
8121161,KIAA0776,gene_assignment,True
8121181,FHL5,gene_assignment,True
8121193,KLHL32,gene_assignment,True
8121209,POU3F2,gene_assignment,True
8121212,,,False
8121214,,,False
8121216,PRDM13,gene_assignment,True
8121223,,,False
8121225,GRIK2,gene_assignment,True
8121247,,,False
8121251,LIN28B,gene_assignment,True
8121255,,,False
8121257,PRDM1,gene_assignment,True
8121273,,,False
8121275,,,False
8121277,AIM1,gene_assignment,True
8121298,,,False
8121300,QRSL1,gene_assignment,True
8121312,C6ORF203,gene_assignment,True
8121319,SOBP,gene_assignment,True
8121330,,,False
8121332,,,False
8121334,NR2E1,gene_assignment,True
8121347,,,False
8121349,LACE1,gene_assignment,True
8121363,,,False
8121365,FOXO3,gene_assignment,True
8121370,ARMC2,gene_assignment,True
8121392,CEP57L1,gene_assignment,True
8121405,AK094715,gene_assignment,True
8121416,,,False
8121418,SMPD2,gene_assignment,True
8121429,FIG4,gene_assignment,True
8121454,GPR6,gene_assignment,True
8121461,CDC40,gene_assignment,True
8121485,,,False
8121487,,,False
8121489,AMD1,gene_assignment,True
8121502,GTF3C6,gene_assignment,True
8121508,,,False
8121510,RPF2,gene_assignment,True
8121515,SLC16A10,gene_assignment,True
8121525,KIAA1919,gene_assignment,True
8121532,WISP3,gene_assignment,True
8121547,C6ORF225,gene_assignment,True
8121553,RFPL4B,gene_assignment,True
8121557,,,False
8121559,,,False
8121561,,,False
8121563,MARCKS,gene_assignment,True
8121569,AK091822,gene_assignment,True
8121578,NT5DC1,gene_assignment,True
8121588,DSE,gene_assignment,True
8121596,BC146842,gene_assignment,True
8121601,FAM26E,gene_assignment,True
8121605,FAM26D,gene_assignment,True
8121613,RWDD1,gene_assignment,True
8121622,RSPH4A,gene_assignment,True
8121632,KPNA5,gene_assignment,True
8121649,RFX6,gene_assignment,True
8121670,,,False
8121672,VGLL2,gene_assignment,True
8121683,,,False
8121685,DCBLD1,gene_assignment,True
8121704,NUS1,gene_assignment,True
8121712,SLC35F1,gene_assignment,True
8121725,BRD7P3,gene_assignment,True
8121727,BRD7P3,gene_assignment,True
8121729,PLN,gene_assignment,True
8121734,ASF1A,gene_assignment,True
8121739,,,False
8121741,,,False
8121747,,,False
8121749,GJA1,gene_assignment,True
8121755,,,False
8121757,HSF2,gene_assignment,True
8121768,PKIB,gene_assignment,True
8121782,,,False
8121784,FABP7,gene_assignment,True
8121794,SMPDL3A,gene_assignment,True
8121803,CLVS2,gene_assignment,True
8121814,NKAIN2,gene_assignment,True
8121825,RNF217,gene_assignment,True
8121838,TPD52L1,gene_assignment,True
8121850,HEY2,gene_assignment,True
8121861,NCOA7,gene_assignment,True
8121884,,,False
8121886,HINT3,gene_assignment,True
8121895,TRMT11,gene_assignment,True
8121911,CENPW,gene_assignment,True
8121916,RSPO3,gene_assignment,True
8121927,RNF146,gene_assignment,True
8121936,AK303850,gene_assignment,True
8121943,,,False
8121945,,,False
8121949,LAMA2,gene_assignment,True
8122013,L3MBTL3,gene_assignment,True
8122038,TMEM200A,gene_assignment,True
8122045,AKAP7,gene_assignment,True
8122058,ARG1,gene_assignment,True
8122071,ENPP3,gene_assignment,True
8122099,ENPP1,gene_assignment,True
8122125,,,False
8122127,TAAR9,gene_assignment,True
8122129,TAAR8,gene_assignment,True
8122131,TAAR6,gene_assignment,True
8122136,RPS12,gene_assignment,True
8122142,SNORD101,gene_assignment,True
8122144,SNORA33,gene_assignment,True
8122146,LOC285735,gene_assignment,True
8122150,EYA4,gene_assignment,True
8122176,TCF21,gene_assignment,True
8122182,TBPL1,gene_assignment,True
8122194,,,False
8122196,,,False
8122198,,,False
8122202,MYB,gene_assignment,True
8122222,PDE7B,gene_assignment,True
8122240,,,False
8122242,PEX7,gene_assignment,True
8122256,SLC35D3,gene_assignment,True
8122259,,,False
8122261,,,False
8122263,,,False
8122265,TNFAIP3,gene_assignment,True
8122277,,,False
8122279,KIAA1244,gene_assignment,True
8122317,HEBP2,gene_assignment,True
8122327,CCDC28A,gene_assignment,True
8122334,CCRL1,gene_assignment,True
8122336,C6ORF115,gene_assignment,True
8122343,HECA,gene_assignment,True
8122348,VTA1,gene_assignment,True
8122365,GPR126,gene_assignment,True
8122396,AIG1,gene_assignment,True
8122405,,,False
8122409,PEX3,gene_assignment,True
8122426,PHACTR2,gene_assignment,True
8122440,LTV1,gene_assignment,True
8122452,C6ORF94,gene_assignment,True
8122457,STX11,gene_assignment,True
8122464,UTRN,gene_assignment,True
8122537,GRM1,gene_assignment,True
8122552,,,False
8122554,RAB32,gene_assignment,True
8122561,C6ORF103,gene_assignment,True
8122598,,,False
8122600,STXBP5,gene_assignment,True
8122634,SAMD5,gene_assignment,True
8122637,SASH1,gene_assignment,True
8122658,,,False
8122660,UST,gene_assignment,True
8122670,,,False
8122672,TAB2,gene_assignment,True
8122684,SUMO4,gene_assignment,True
8122689,AY358952,gene_assignment,True
8122699,BC071678,gene_assignment,True
8122701,,,False
8122703,,,False
8122705,PCMT1,gene_assignment,True
8122717,LRP11,gene_assignment,True
8122720,ULBP2,gene_assignment,True
8122724,ULBP1,gene_assignment,True
8122732,,,False
8122734,PPP1R14C,gene_assignment,True
8122740,,,False
8122744,IYD,gene_assignment,True
8122756,PLEKHG1,gene_assignment,True
8122773,MTHFD1L,gene_assignment,True
8122803,,,False
8122805,,,False
8122807,AKAP12,gene_assignment,True
8122816,,,False
8122818,BC011348,gene_assignment,True
8122827,C6ORF97,gene_assignment,True
8122840,ESR1,gene_assignment,True
8122843,ESR1,gene_assignment,True
8122858,,,False
8122860,MYCT1,gene_assignment,True
8122865,VIP,gene_assignment,True
8122875,,,False
8122885,,,False
8122887,OPRM1,gene_assignment,True
8122909,RBM16,gene_assignment,True
8122933,TIAM2,gene_assignment,True
8122966,CLDN20,gene_assignment,True
8122969,,,False
8122971,ARID1B,gene_assignment,True
8122982,ZDHHC14,gene_assignment,True
8122986,SNX9,gene_assignment,True
8123006,SYNJ2,gene_assignment,True
8123038,GTF2H5,gene_assignment,True
8123044,TULP4,gene_assignment,True
8123060,,,False
8123062,TMEM181,gene_assignment,True
8123080,SYTL3,gene_assignment,True
8123101,C6ORF99,gene_assignment,True
8123104,FNDC1,gene_assignment,True
8123129,WTAP,gene_assignment,True
8123137,ACAT2,gene_assignment,True
8123148,MRPL18,gene_assignment,True
8123155,PNLDC1,gene_assignment,True
8123176,MAS1,gene_assignment,True
8123181,IGF2R,gene_assignment,True
8123230,LOC729603,gene_assignment,True
8123232,SLC22A1,gene_assignment,True
8123246,SLC22A3,gene_assignment,True
8123259,PLG,gene_assignment,True
8123274,MAP3K4,gene_assignment,True
8123303,PACRG,gene_assignment,True
8123313,,,False
8123315,QKI,gene_assignment,True
8123332,,,False
8123334,LOC441177,gene_assignment,True
8123336,,,False
8123338,,,False
8123340,,,False
8123342,FGFR1OP,gene_assignment,True
8123362,BX647686,gene_assignment,True
8123364,CCR6,gene_assignment,True
8123372,BX647686,gene_assignment,True
8123374,TCP10,gene_assignment,True
8123388,UNC93A,gene_assignment,True
8123398,TTLL2,gene_assignment,True
8123405,AB016901,gene_assignment,True
8123407,MLLT4,gene_assignment,True
8123437,KIF25,gene_assignment,True
8123446,SMOC2,gene_assignment,True
8123463,PHF10,gene_assignment,True
8123467,C6ORF70,gene_assignment,True
8123488,C6ORF208,gene_assignment,True
8123494,FAM120B,gene_assignment,True
8123507,TBP,gene_assignment,True
8123520,BC118988,gene_assignment,True
8123524,EXOC2,gene_assignment,True
8123558,HUS1B,gene_assignment,True
8123562,GMDS,gene_assignment,True
8123579,C6ORF195,gene_assignment,True
8123584,MYLK4,gene_assignment,True
8123598,SERPINB1,gene_assignment,True
8123606,MGC39372,gene_assignment,True
8123609,SERPINB9,gene_assignment,True
8123621,SERPINB6,gene_assignment,True
8123637,NQO2,gene_assignment,True
8123642,,,False
8123644,TUBB2A,gene_assignment,True
8123651,TUBB2B,gene_assignment,True
8123658,SLC22A23,gene_assignment,True
8123678,C6ORF145,gene_assignment,True
8123685,BC039349,gene_assignment,True
8123695,PECI,gene_assignment,True
8123714,,,False
8123717,RPP40,gene_assignment,True
8123728,LYRM4,gene_assignment,True
8123737,,,False
8123739,NRN1,gene_assignment,True
8123744,F13A1,gene_assignment,True
8123760,LY86-AS,gene_assignment,True
8123763,,,False
8123765,,,False
8123767,SSR1,gene_assignment,True
8123780,CAGE1,gene_assignment,True
8123800,,,False
8123802,MUTED,gene_assignment,True
8123819,EEF1E1,gene_assignment,True
8123825,SLC35B3,gene_assignment,True
8123843,AF520800,gene_assignment,True
8123864,TFAP2A,gene_assignment,True
8123876,C6ORF218,gene_assignment,True
8123884,C6ORF52,gene_assignment,True
8123889,,,False
8123891,,,False
8123893,MAK,gene_assignment,True
8123910,GCM2,gene_assignment,True
8123920,ELOVL2,gene_assignment,True
8123929,ERVFRDE1,gene_assignment,True
8123936,NEDD9,gene_assignment,True
8123949,,,False
8123951,C6ORF105,gene_assignment,True
8123959,,,False
8123961,TBC1D7,gene_assignment,True
8123976,GFOD1,gene_assignment,True
8123981,AF264036,gene_assignment,True
8123985,NOL7,gene_assignment,True
8123989,RANBP9,gene_assignment,True
8124008,CCDC90A,gene_assignment,True
8124020,,,False
8124022,DTNBP1,gene_assignment,True
8124038,,,False
8124040,ATXN1,gene_assignment,True
8124057,,,False
8124059,NUP153,gene_assignment,True
8124082,,,False
8124086,,,False
8124088,KIF13A,gene_assignment,True
8124129,NHLRC1,gene_assignment,True
8124134,TPMT,gene_assignment,True
8124144,DEK,gene_assignment,True
8124156,,,False
8124158,,,False
8124160,,,False
8124162,,,False
8124164,,,False
8124166,MBOAT1,gene_assignment,True
8124181,,,False
8124183,,,False
8124185,PRL,gene_assignment,True
8124196,DCDC2,gene_assignment,True
8124211,GPLD1,gene_assignment,True
8124240,KIAA0319,gene_assignment,True
8124262,TDP2,gene_assignment,True
8124273,C6ORF62,gene_assignment,True
8124280,FAM65B,gene_assignment,True
8124305,,,False
8124307,CMAH,gene_assignment,True
8124327,,,False
8124331,HIST1H2AA,gene_assignment,True
8124335,,,False
8124337,SLC17A1,gene_assignment,True
8124351,SLC17A3,gene_assignment,True
8124365,SLC17A2,gene_assignment,True
8124380,HIST1H1A,gene_assignment,True
8124385,HIST1H4B,gene_assignment,True
8124388,HIST1H3B,gene_assignment,True
8124391,HIST1H2AB,gene_assignment,True
8124394,HIST1H2BB,gene_assignment,True
8124397,HIST1H1C,gene_assignment,True
8124402,HIST1H1T,gene_assignment,True
8124406,HIST1H2BC,gene_assignment,True
8124413,HIST1H4D,gene_assignment,True
8124416,HIST1H3D,gene_assignment,True
8124423,HIST1H2BG,gene_assignment,True
8124430,HIST1H1D,gene_assignment,True
8124433,HIST1H4G,gene_assignment,True
8124437,HIST1H3F,gene_assignment,True
8124440,HIST1H3G,gene_assignment,True
8124446,,,False
8124448,HIST1H4H,gene_assignment,True
8124455,,,False
8124459,ZNF322A,gene_assignment,True
8124469,SMA5,gene_assignment,True
8124482,,,False
8124484,HIST1H2BJ,gene_assignment,True
8124492,HIST1H2BK,gene_assignment,True
8124495,POM121L2,gene_assignment,True
8124498,ZNF204P,gene_assignment,True
8124500,AK095259,gene_assignment,True
8124502,ZNF184,gene_assignment,True
8124510,HIST1H2BL,gene_assignment,True
8124518,HIST1H2AJ,gene_assignment,True
8124521,HIST1H4K,gene_assignment,True
8124524,HIST1H2AK,gene_assignment,True
8124527,HIST1H1B,gene_assignment,True
8124531,HIST1H3I,gene_assignment,True
8124534,HIST1H4L,gene_assignment,True
8124537,HIST1H3J,gene_assignment,True
8124540,HIST1H2AM,gene_assignment,True
8124547,OR2B2,gene_assignment,True
8124549,,,False
8124551,LOC222699,gene_assignment,True
8124553,ZKSCAN4,gene_assignment,True
8124562,ZNF323,gene_assignment,True
8124574,ZSCAN12,gene_assignment,True
8124583,ZSCAN23,gene_assignment,True
8124588,GPX6,gene_assignment,True
8124594,SCAND3,gene_assignment,True
8124610,TRIM27,gene_assignment,True
8124622,ZNF311,gene_assignment,True
8124630,OR2W1,gene_assignment,True
8124632,OR2B3,gene_assignment,True
8124634,,,False
8124636,,,False
8124639,OR11A1,gene_assignment,True
8124645,OR12D3,gene_assignment,True
8124648,MAS1L,gene_assignment,True
8124650,UBD,gene_assignment,True
8124654,GABBR1,gene_assignment,True
8124684,ZFP57,gene_assignment,True
8124689,HCG4,gene_assignment,True
8124691,AY358246,gene_assignment,True
8124695,RNF39,gene_assignment,True
8124707,TRIM31,gene_assignment,True
8124716,TRIM10,gene_assignment,True
8124726,TRIM26,gene_assignment,True
8124742,GNL1,gene_assignment,True
8124756,PPP1R10,gene_assignment,True
8124775,DHX16,gene_assignment,True
8124798,KIAA1949,gene_assignment,True
8124806,NRM,gene_assignment,True
8124813,MDC1,gene_assignment,True
8124828,FLOT1,gene_assignment,True
8124846,,,False
8124848,IER3,gene_assignment,True
8124855,SFTA2,gene_assignment,True
8124859,C6ORF15,gene_assignment,True
8124862,CDSN,gene_assignment,True
8124865,PSORS1C2,gene_assignment,True
8124868,CCHCR1,gene_assignment,True
8124889,POU5F1,gene_assignment,True
8124897,AY484516,gene_assignment,True
8124901,HLA-C,gene_assignment,True
8124911,HLA-B,gene_assignment,True
8124920,,,False
8124922,,,False
8124924,,,False
8124926,BAT1,gene_assignment,True
8124940,SNORD117,gene_assignment,True
8124942,ATP6V1G2,gene_assignment,True
8124950,LTB,gene_assignment,True
8124955,NCR3,gene_assignment,True
8124967,BAT3,gene_assignment,True
8124994,C6ORF47,gene_assignment,True
8124998,BAT4,gene_assignment,True
8125007,LY6G5C,gene_assignment,True
8125017,BAT5,gene_assignment,True
8125038,LY6G6E,gene_assignment,True
8125042,LY6G6C,gene_assignment,True
8125048,DDAH2,gene_assignment,True
8125059,CLIC1,gene_assignment,True
8125072,C6ORF27,gene_assignment,True
8125091,VARS,gene_assignment,True
8125123,,,False
8125125,LSM2,gene_assignment,True
8125134,HSPA1L,gene_assignment,True
8125139,NEU1,gene_assignment,True
8125149,SLC44A4,gene_assignment,True
8125172,EHMT2,gene_assignment,True
8125201,ZBTB12,gene_assignment,True
8125204,RDBP,gene_assignment,True
8125220,DOM3Z,gene_assignment,True
8125234,TNXB,gene_assignment,True
8125289,TNXA,gene_assignment,True
8125295,ATF6B,gene_assignment,True
8125316,FKBPL,gene_assignment,True
8125321,PRRT1,gene_assignment,True
8125328,AGPAT1,gene_assignment,True
8125341,AGER,gene_assignment,True
8125360,PBX2,gene_assignment,True
8125373,GPSM3,gene_assignment,True
8125383,NOTCH4,gene_assignment,True
8125415,C6ORF10,gene_assignment,True
8125426,BTNL2,gene_assignment,True
8125434,,,False
8125436,HLA-DRB5,gene_assignment,True
8125447,HLA-DQB1,gene_assignment,True
8125461,AK097297,gene_assignment,True
8125463,ENST00000430668,gene_assignment,True
8125470,HLA-DOB,gene_assignment,True
8125483,TAP2,gene_assignment,True
8125500,PSMB8,gene_assignment,True
8125512,TAP1,gene_assignment,True
8125527,AF275684,gene_assignment,True
8125530,HLA-DMB,gene_assignment,True
8125537,HLA-DMA,gene_assignment,True
8125545,HLA-DOA,gene_assignment,True
8125556,HLA-DPA1,gene_assignment,True
8125563,,,False
8125568,COL11A2,gene_assignment,True
8125638,RXRB,gene_assignment,True
8125649,VPS52,gene_assignment,True
8125671,WDR46,gene_assignment,True
8125687,RGL2,gene_assignment,True
8125713,TAPBP,gene_assignment,True
8125731,ZBTB22,gene_assignment,True
8125734,DAXX,gene_assignment,True
8125748,LYPLA2P1,gene_assignment,True
8125750,RPL12,gene_assignment,True
8125752,CUTA,gene_assignment,True
8125766,BAK1,gene_assignment,True
8125772,C6ORF227,gene_assignment,True
8125775,AY568085,gene_assignment,True
8125780,IP6K3,gene_assignment,True
8125788,LEMD2,gene_assignment,True
8125798,MLN,gene_assignment,True
8125805,GRM4,gene_assignment,True
8125818,C6ORF1,gene_assignment,True
8125825,NUDT3,gene_assignment,True
8125835,RPS10,gene_assignment,True
8125843,SPDEF,gene_assignment,True
8125850,C6ORF106,gene_assignment,True
8125857,,,False
8125859,TAF11,gene_assignment,True
8125870,TCP11,gene_assignment,True
8125887,TEAD3,gene_assignment,True
8125903,TULP1,gene_assignment,True
8125919,FKBP5,gene_assignment,True
8125936,CLPS,gene_assignment,True
8125941,SRPK1,gene_assignment,True
8125959,SLC26A8,gene_assignment,True
8125980,C6ORF222,gene_assignment,True
8125993,ETV7,gene_assignment,True
8126007,PXT1,gene_assignment,True
8126016,,,False
8126018,STK38,gene_assignment,True
8126033,,,False
8126035,CPNE5,gene_assignment,True
8126058,PPIL1,gene_assignment,True
8126066,MTCH1,gene_assignment,True
8126086,TMEM217,gene_assignment,True
8126093,,,False
8126095,C6ORF129,gene_assignment,True
8126102,MDGA1,gene_assignment,True
8126119,,,False
8126121,BTBD9,gene_assignment,True
8126135,GLO1,gene_assignment,True
8126145,LOC100128655,gene_assignment,True
8126147,BC022007,gene_assignment,True
8126153,KCNK5,gene_assignment,True
8126163,KCNK17,gene_assignment,True
8126173,KCNK16,gene_assignment,True
8126184,KIF6,gene_assignment,True
8126214,MOCS1,gene_assignment,True
8126240,AK123643,gene_assignment,True
8126244,LRFN2,gene_assignment,True
8126248,UNC5CL,gene_assignment,True
8126259,AJ420538,gene_assignment,True
8126269,TREML1,gene_assignment,True
8126279,TREM2,gene_assignment,True
8126288,TREML2,gene_assignment,True
8126296,TREML3,gene_assignment,True
8126301,,,False
8126303,TREM1,gene_assignment,True
8126310,,,False
8126312,TFEB,gene_assignment,True
8126324,PGC,gene_assignment,True
8126337,FRS3,gene_assignment,True
8126347,USP49,gene_assignment,True
8126358,,,False
8126360,MED20,gene_assignment,True
8126369,,,False
8126371,CCND3,gene_assignment,True
8126379,C6ORF132,gene_assignment,True
8126382,C6ORF132,gene_assignment,True
8126387,GUCA1B,gene_assignment,True
8126394,MRPS10,gene_assignment,True
8126402,TRERF1,gene_assignment,True
8126428,TRERF1,gene_assignment,True
8126432,,,False
8126434,,,False
8126436,PRPH2,gene_assignment,True
8126442,TBCC,gene_assignment,True
8126446,C6ORF226,gene_assignment,True
8126450,RPL24,gene_assignment,True
8126452,PEX6,gene_assignment,True
8126474,MEA1,gene_assignment,True
8126486,CUL7,gene_assignment,True
8126512,MRPL2,gene_assignment,True
8126524,C6ORF108,gene_assignment,True
8126531,CRIP3,gene_assignment,True
8126542,ZNF318,gene_assignment,True
8126556,DLK2,gene_assignment,True
8126566,BC108661,gene_assignment,True
8126574,YIPF3,gene_assignment,True
8126588,XPO5,gene_assignment,True
8126629,GTPBP2,gene_assignment,True
8126646,MRPS18A,gene_assignment,True
8126653,MRPL14,gene_assignment,True
8126658,SLC35B2,gene_assignment,True
8126666,NFKBIE,gene_assignment,True
8126674,TCTE1,gene_assignment,True
8126681,AARS2,gene_assignment,True
8126705,,,False
8126710,SUPT3H,gene_assignment,True
8126729,CLIC5,gene_assignment,True
8126750,ENPP5,gene_assignment,True
8126760,RCAN2,gene_assignment,True
8126770,CYP39A1,gene_assignment,True
8126784,PLA2G7,gene_assignment,True
8126798,GPR116,gene_assignment,True
8126820,GPR110,gene_assignment,True
8126839,TNFRSF21,gene_assignment,True
8126853,C6ORF138,gene_assignment,True
8126855,C6ORF138,gene_assignment,True
8126860,MUT,gene_assignment,True
8126878,RHAG,gene_assignment,True
8126891,CRISP2,gene_assignment,True
8126905,CRISP3,gene_assignment,True
8126916,PGK2,gene_assignment,True
8126920,CRISP1,gene_assignment,True
8126931,DEFB133,gene_assignment,True
8126934,DEFB114,gene_assignment,True
8126937,DEFB113,gene_assignment,True
8126939,DEFB110,gene_assignment,True
8126943,DEFB112,gene_assignment,True
8126946,,,False
8126948,J04755,gene_assignment,True
8126952,WTAP,gene_assignment,True
8126954,PKHD1,gene_assignment,True
8127024,IL17F,gene_assignment,True
8127031,MCM3,gene_assignment,True
8127051,TRAM2,gene_assignment,True
8127065,GSTA2,gene_assignment,True
8127072,GSTA1,gene_assignment,True
8127079,GSTA5,gene_assignment,True
8127087,GSTA3,gene_assignment,True
8127094,GSTA4,gene_assignment,True
8127109,ICK,gene_assignment,True
8127128,FBXO9,gene_assignment,True
8127130,GCM1,gene_assignment,True
8127145,ELOVL5,gene_assignment,True
8127158,GCLC,gene_assignment,True
8127177,KLHL31,gene_assignment,True
8127180,HMGCLL1,gene_assignment,True
8127193,BMP5,gene_assignment,True
8127201,COL21A1,gene_assignment,True
8127234,DST,gene_assignment,True
8127346,RAB23,gene_assignment,True
8127364,GUSBP4,gene_assignment,True
8127370,KHDRBS2,gene_assignment,True
8127380,LGSN,gene_assignment,True
8127391,EYS,gene_assignment,True
8127393,EYS,gene_assignment,True
8127396,EYS,gene_assignment,True
8127399,EYS,gene_assignment,True
8127408,EYS,gene_assignment,True
8127419,,,False
8127423,,,False
8127425,LMBRD1,gene_assignment,True
8127446,COL9A1,gene_assignment,True
8127484,B3GAT2,gene_assignment,True
8127496,,,False
8127498,MIR30C2,gene_assignment,True
8127500,MIR30A,gene_assignment,True
8127502,C6ORF155,gene_assignment,True
8127507,,,False
8127509,,,False
8127511,KHDC1,gene_assignment,True
8127522,DPPA5,gene_assignment,True
8127526,RPL39,gene_assignment,True
8127532,,,False
8127534,C6ORF150,gene_assignment,True
8127542,,,False
8127544,EEF1A1,gene_assignment,True
8127549,SLC17A5,gene_assignment,True
8127563,COL12A1,gene_assignment,True
8127629,COX7A2,gene_assignment,True
8127637,TMEM30A,gene_assignment,True
8127646,FILIP1,gene_assignment,True
8127656,,,False
8127658,,,False
8127660,,,False
8127664,,,False
8127666,IMPG1,gene_assignment,True
8127688,,,False
8127690,,,False
8127692,HTR1B,gene_assignment,True
8127696,,,False
8127698,PHIP,gene_assignment,True
8127743,HMGN3,gene_assignment,True
8127752,,,False
8127754,BC070061,gene_assignment,True
8127756,LCA5,gene_assignment,True
8127767,ELOVL4,gene_assignment,True
8127776,,,False
8127778,FAM46A,gene_assignment,True
8127787,IBTK,gene_assignment,True
8127822,,,False
8127824,UBE2CBP,gene_assignment,True
8127841,PGM3,gene_assignment,True
8127854,ME1,gene_assignment,True
8127872,SNAP91,gene_assignment,True
8127903,KIAA1009,gene_assignment,True
8127932,TBX18,gene_assignment,True
8127943,SNX14,gene_assignment,True
8127977,SYNCRIP,gene_assignment,True
8127987,SNORD50A,gene_assignment,True
8127989,SNORD50B,gene_assignment,True
8127991,,,False
8127993,,,False
8127995,,,False
8127997,,,False
8127999,,,False
8128001,CGA,gene_assignment,True
8128007,GJB7,gene_assignment,True
8128013,RARS2,gene_assignment,True
8128034,AKIRIN2,gene_assignment,True
8128043,CNR1,gene_assignment,True
8128052,RNGTT,gene_assignment,True
8128075,,,False
8128077,,,False
8128079,SRSF12,gene_assignment,True
8128087,GABRR1,gene_assignment,True
8128099,GABRR2,gene_assignment,True
8128111,UBE2J1,gene_assignment,True
8128123,RRAGD,gene_assignment,True
8128133,LYRM2,gene_assignment,True
8128138,MDN1,gene_assignment,True
8128247,BACH2,gene_assignment,True
8128258,,,False
8128260,MAP3K7,gene_assignment,True
8128284,EPHA7,gene_assignment,True
8128308,,,False
8128314,,,False
8128316,GPR63,gene_assignment,True
8128322,NDUFAF4,gene_assignment,True
8128327,,,False
8128329,MMS22L,gene_assignment,True
8128356,FBXL4,gene_assignment,True
8128371,C6ORF168,gene_assignment,True
8128383,COQ3,gene_assignment,True
8128394,SFRS18,gene_assignment,True
8128409,USP45,gene_assignment,True
8128429,CCNC,gene_assignment,True
8128445,,,False
8128447,MCHR2,gene_assignment,True
8128459,SIM1,gene_assignment,True
8128472,ASCC3,gene_assignment,True
8128522,HACE1,gene_assignment,True
8128553,BVES,gene_assignment,True
8128565,POPDC3,gene_assignment,True
8128572,PREP,gene_assignment,True
8128592,ATG5,gene_assignment,True
8128604,,,False
8128606,RTN4IP1,gene_assignment,True
8128618,,,False
8128620,BEND3,gene_assignment,True
8128626,PDSS2,gene_assignment,True
8128638,SCML4,gene_assignment,True
8128650,SEC63,gene_assignment,True
8128669,OSTM1,gene_assignment,True
8128683,SNX3,gene_assignment,True
8128695,ENST00000368982,gene_assignment,True
8128698,SESN1,gene_assignment,True
8128712,,,False
8128714,,,False
8128716,CD164,gene_assignment,True
8128726,PPIL6,gene_assignment,True
8128737,MICAL1,gene_assignment,True
8128767,ZBTB24,gene_assignment,True
8128777,AKD1,gene_assignment,True
8128788,AKD1,gene_assignment,True
8128795,AKD1,gene_assignment,True
8128818,WASF1,gene_assignment,True
8128837,C6ORF186,gene_assignment,True
8128843,DDO,gene_assignment,True
8128850,SLC22A16,gene_assignment,True
8128865,,,False
8128867,CDK19,gene_assignment,True
8128886,,,False
8128888,,,False
8128890,GSTM2P1,gene_assignment,True
8128892,,,False
8128894,REV3L,gene_assignment,True
8128936,,,False
8128939,TRAF3IP2,gene_assignment,True
8128954,,,False
8128956,FYN,gene_assignment,True
8128977,TUBE1,gene_assignment,True
8128991,LAMA4,gene_assignment,True
8129037,,,False
8129039,,,False
8129045,HDAC2,gene_assignment,True
8129062,HS3ST5,gene_assignment,True
8129067,,,False
8129071,FRK,gene_assignment,True
8129082,COL10A1,gene_assignment,True
8129087,,,False
8129089,TSPYL4,gene_assignment,True
8129095,,,False
8129097,TSPYL1,gene_assignment,True
8129099,TSPYL1,gene_assignment,True
8129105,BET3L,gene_assignment,True
8129108,ZUFSP,gene_assignment,True
8129120,FAM162B,gene_assignment,True
8129125,GPRC6A,gene_assignment,True
8129134,ROS1,gene_assignment,True
8129179,,,False
8129181,GOPC,gene_assignment,True
8129193,C6ORF204,gene_assignment,True
8129214,AK299076,gene_assignment,True
8129218,MCM9,gene_assignment,True
8129231,FAM184A,gene_assignment,True
8129254,MAN1A1,gene_assignment,True
8129271,,,False
8129273,C6ORF170,gene_assignment,True
8129309,,,False
8129311,,,False
8129313,,,False
8129315,,,False
8129317,SERINC1,gene_assignment,True
8129330,TRDN,gene_assignment,True
8129363,HDDC2,gene_assignment,True
8129375,,,False
8129377,,,False
8129379,ECHDC1,gene_assignment,True
8129392,C6ORF174,gene_assignment,True
8129410,THEMIS,gene_assignment,True
8129418,PTPRK,gene_assignment,True
8129454,,,False
8129456,,,False
8129458,ARHGAP18,gene_assignment,True
8129476,C6ORF191,gene_assignment,True
8129482,SAMD3,gene_assignment,True
8129497,EPB41L2,gene_assignment,True
8129522,MED23,gene_assignment,True
8129558,OR2A4,gene_assignment,True
8129560,CTAGE4,gene_assignment,True
8129562,CTGF,gene_assignment,True
8129573,MOXD1,gene_assignment,True
8129590,STX7,gene_assignment,True
8129604,TAAR5,gene_assignment,True
8129608,TAAR3,gene_assignment,True
8129610,TAAR2,gene_assignment,True
8129615,TAAR1,gene_assignment,True
8129618,VNN1,gene_assignment,True
8129627,VNN3,gene_assignment,True
8129637,VNN2,gene_assignment,True
8129649,C6ORF192,gene_assignment,True
8129666,SLC2A12,gene_assignment,True
8129677,SGK1,gene_assignment,True
8129693,,,False
8129695,ALDH8A1,gene_assignment,True
8129706,HBS1L,gene_assignment,True
8129728,AHI1,gene_assignment,True
8129761,,,False
8129763,FAM54A,gene_assignment,True
8129773,BCLAF1,gene_assignment,True
8129783,MAP7,gene_assignment,True
8129804,MAP3K5,gene_assignment,True
8129835,,,False
8129837,IL20RA,gene_assignment,True
8129848,IL22RA2,gene_assignment,True
8129861,IFNGR1,gene_assignment,True
8129872,OLIG3,gene_assignment,True
8129876,PBOV1,gene_assignment,True
8129880,PERP,gene_assignment,True
8129888,NHSL1,gene_assignment,True
8129899,,,False
8129901,REPS1,gene_assignment,True
8129924,TXLNB,gene_assignment,True
8129937,CITED2,gene_assignment,True
8129943,,,False
8129947,NMBR,gene_assignment,True
8129953,HIVEP2,gene_assignment,True
8129963,ADAT2,gene_assignment,True
8129974,FUCA2,gene_assignment,True
8129985,PLAGL1,gene_assignment,True
8130003,SF3B5,gene_assignment,True
8130011,,,False
8130013,EPM2A,gene_assignment,True
8130027,,,False
8130032,FBXO30,gene_assignment,True
8130038,SHPRH,gene_assignment,True
8130071,C15ORF29,gene_assignment,True
8130073,ZC3H12D,gene_assignment,True
8130087,PPIL4,gene_assignment,True
8130102,KATNA1,gene_assignment,True
8130116,LATS1,gene_assignment,True
8130129,NUP43,gene_assignment,True
8130142,LRP11,gene_assignment,True
8130151,RAET1E,gene_assignment,True
8130163,RAET1G,gene_assignment,True
8130173,RAET1L,gene_assignment,True
8130176,ULBP3,gene_assignment,True
8130181,,,False
8130185,ZBTB2,gene_assignment,True
8130191,RMND1,gene_assignment,True
8130209,,,False
8130211,SYNE1,gene_assignment,True
8130374,FBXO5,gene_assignment,True
8130383,MTRF1L,gene_assignment,True
8130394,RGS17,gene_assignment,True
8130401,,,False
8130403,,,False
8130408,IPCEF1,gene_assignment,True
8130422,CNKSR3,gene_assignment,True
8130436,,,False
8130438,TFB1M,gene_assignment,True
8130447,NOX3,gene_assignment,True
8130464,C6ORF35,gene_assignment,True
8130470,,,False
8130474,SERAC1,gene_assignment,True
8130495,,,False
8130499,DYNLT1,gene_assignment,True
8130505,EZR,gene_assignment,True
8130522,OSTCL,gene_assignment,True
8130528,RSPH3,gene_assignment,True
8130539,TAGAP,gene_assignment,True
8130553,AK130765,gene_assignment,True
8130556,SOD2,gene_assignment,True
8130567,TCP1,gene_assignment,True
8130578,SNORA20,gene_assignment,True
8130580,SNORA29,gene_assignment,True
8130582,SLC22A2,gene_assignment,True
8130598,LPAL2,gene_assignment,True
8130608,LPA,gene_assignment,True
8130622,,,False
8130624,MAP3K4,gene_assignment,True
8130626,,,False
8130628,AGPAT4,gene_assignment,True
8130641,NCRNA00241,gene_assignment,True
8130645,PARK2,gene_assignment,True
8130660,,,False
8130664,C6ORF118,gene_assignment,True
8130674,PDE10A,gene_assignment,True
8130701,,,False
8130703,ENST00000296946,gene_assignment,True
8130715,PRR18,gene_assignment,True
8130720,SFT2D1,gene_assignment,True
8130732,BRP44L,gene_assignment,True
8130739,RPS6KA2,gene_assignment,True
8130765,BC112329,gene_assignment,True
8130768,RNASET2,gene_assignment,True
8130783,,,False
8130785,GPR31,gene_assignment,True
8130787,TCP10,gene_assignment,True
8130803,AK127120,gene_assignment,True
8130807,AL832737,gene_assignment,True
8130811,AB016901,gene_assignment,True
8130817,C6ORF124,gene_assignment,True
8130824,AB016902,gene_assignment,True
8130827,AB016899,gene_assignment,True
8130837,FRMD1,gene_assignment,True
8130859,DACT2,gene_assignment,True
8130867,THBS2,gene_assignment,True
8130891,WDR27,gene_assignment,True
8130916,PHF10,gene_assignment,True
8130927,TCTE3,gene_assignment,True
8130934,NCRNA00242,gene_assignment,True
8130939,DLL1,gene_assignment,True
8130952,PSMB1,gene_assignment,True
8130962,PDCD2,gene_assignment,True
8130976,AK127120,gene_assignment,True
8130980,AL832737,gene_assignment,True
8130982,AB016901,gene_assignment,True
8130988,C6ORF35,gene_assignment,True
8130993,FAM20C,gene_assignment,True
8130997,BC109246,gene_assignment,True
8131000,HEATR2,gene_assignment,True
8131013,SUN1,gene_assignment,True
8131042,AK126112,gene_assignment,True
8131044,GET4,gene_assignment,True
8131056,CYP2W1,gene_assignment,True
8131067,GPR146,gene_assignment,True
8131069,GPER,gene_assignment,True
8131087,UNCX,gene_assignment,True
8131091,MAFK,gene_assignment,True
8131096,ELFN1,gene_assignment,True
8131098,AK095485,gene_assignment,True
8131101,NUDT1,gene_assignment,True
8131111,EIF3B,gene_assignment,True
8131135,CHST12,gene_assignment,True
8131140,AK024457,gene_assignment,True
8131143,LFNG,gene_assignment,True
8131155,IQCE,gene_assignment,True
8131179,TTYH3,gene_assignment,True
8131195,AMZ1,gene_assignment,True
8131203,,,False
8131205,SDK1,gene_assignment,True
8131253,FOXK1,gene_assignment,True
8131263,X58060,gene_assignment,True
8131265,KIAA0415,gene_assignment,True
8131286,RNF216L,gene_assignment,True
8131292,RBAK,gene_assignment,True
8131296,LOC389458,gene_assignment,True
8131301,,,False
8131303,WIPI2,gene_assignment,True
8131326,SLC29A4,gene_assignment,True
8131335,,,False
8131337,,,False
8131339,FSCN1,gene_assignment,True
8131349,OCM,gene_assignment,True
8131356,CCZ1,gene_assignment,True
8131374,AIMP2,gene_assignment,True
8131379,,,False
8131381,ENST00000409061,gene_assignment,True
8131387,USP42,gene_assignment,True
8131406,RAC1,gene_assignment,True
8131412,,,False
8131414,ZDHHC4,gene_assignment,True
8131427,BC001076,gene_assignment,True
8131438,,,False
8131441,,,False
8131444,PMS2CL,gene_assignment,True
8131452,RSPH10B,gene_assignment,True
8131475,C1GALT1,gene_assignment,True
8131479,MIOS,gene_assignment,True
8131494,,,False
8131496,GLCCI1,gene_assignment,True
8131506,NXPH1,gene_assignment,True
8131512,,,False
8131515,,,False
8131519,PHF14,gene_assignment,True
8131539,TMEM106B,gene_assignment,True
8131550,SCIN,gene_assignment,True
8131573,ARL4A,gene_assignment,True
8131581,,,False
8131583,BZW2,gene_assignment,True
8131600,TSPAN13,gene_assignment,True
8131614,AHR,gene_assignment,True
8131631,HDAC9,gene_assignment,True
8131661,RPL21,gene_assignment,True
8131666,ITGB8,gene_assignment,True
8131682,ABCB5,gene_assignment,True
8131705,RPL23P8,gene_assignment,True
8131707,,,False
8131709,SP4,gene_assignment,True
8131719,DNAH11,gene_assignment,True
8131803,IL6,gene_assignment,True
8131815,KLHL7,gene_assignment,True
8131831,NUPL2,gene_assignment,True
8131844,GPNMB,gene_assignment,True
8131860,IGF2BP3,gene_assignment,True
8131867,,,False
8131869,RPS2P32,gene_assignment,True
8131871,CCDC126,gene_assignment,True
8131881,C7ORF46,gene_assignment,True
8131890,STK31,gene_assignment,True
8131919,NPY,gene_assignment,True
8131925,,,False
8131927,MPP6,gene_assignment,True
8131942,,,False
8131944,NFE2L3,gene_assignment,True
8131949,CBX3,gene_assignment,True
8131957,SNX10,gene_assignment,True
8131965,AK056484,gene_assignment,True
8131967,,,False
8131970,EVX1,gene_assignment,True
8131975,TAX1BP1,gene_assignment,True
8131996,CREB5,gene_assignment,True
8132013,CHN2,gene_assignment,True
8132031,PRR15,gene_assignment,True
8132036,WIPF3,gene_assignment,True
8132043,,,False
8132045,PLEKHA8,gene_assignment,True
8132055,C7ORF41,gene_assignment,True
8132062,ZNRF2,gene_assignment,True
8132070,GARS,gene_assignment,True
8132092,INMT,gene_assignment,True
8132097,FAM188B,gene_assignment,True
8132118,AQP1,gene_assignment,True
8132130,GHRHR,gene_assignment,True
8132151,ADCYAP1R1,gene_assignment,True
8132167,CCDC129,gene_assignment,True
8132182,C7ORF16,gene_assignment,True
8132188,AVL9,gene_assignment,True
8132209,LOC441208,gene_assignment,True
8132214,FKBP9,gene_assignment,True
8132218,BBS9,gene_assignment,True
8132243,,,False
8132245,AK000719,gene_assignment,True
8132248,,,False
8132250,BMPER,gene_assignment,True
8132270,NPSR1,gene_assignment,True
8132286,,,False
8132290,,,False
8132292,SEPT7,gene_assignment,True
8132302,AF447883,gene_assignment,True
8132305,EEPD1,gene_assignment,True
8132318,ANLN,gene_assignment,True
8132343,,,False
8132345,,,False
8132347,GPR141,gene_assignment,True
8132349,TXNDC3,gene_assignment,True
8132369,EPDR1,gene_assignment,True
8132376,STARD3NL,gene_assignment,True
8132387,POU6F2,gene_assignment,True
8132399,C7ORF36,gene_assignment,True
8132404,LOC646999,gene_assignment,True
8132406,RALA,gene_assignment,True
8132415,,,False
8132417,CDK13,gene_assignment,True
8132439,C7ORF10,gene_assignment,True
8132458,MRPL32,gene_assignment,True
8132463,,,False
8132465,HECW1,gene_assignment,True
8132493,AK093262,gene_assignment,True
8132501,,,False
8132503,STK17A,gene_assignment,True
8132513,,,False
8132515,BLVRA,gene_assignment,True
8132523,UBE2D4,gene_assignment,True
8132531,SPDYE1,gene_assignment,True
8132539,DBNL,gene_assignment,True
8132557,AEBP1,gene_assignment,True
8132580,YKT6,gene_assignment,True
8132589,,,False
8132592,OGDH,gene_assignment,True
8132617,ZMIZ2,gene_assignment,True
8132642,PPIA,gene_assignment,True
8132646,CCM2,gene_assignment,True
8132660,RAMP3,gene_assignment,True
8132667,ADCY1,gene_assignment,True
8132690,,,False
8132692,,,False
8132694,IGFBP1,gene_assignment,True
8132705,,,False
8132707,,,False
8132710,C7ORF69,gene_assignment,True
8132715,C7ORF57,gene_assignment,True
8132725,UPP1,gene_assignment,True
8132743,ABCA13,gene_assignment,True
8132803,CDC14C,gene_assignment,True
8132805,VWC2,gene_assignment,True
8132811,C7ORF72,gene_assignment,True
8132813,C7ORF72,gene_assignment,True
8132819,IKZF1,gene_assignment,True
8132830,,,False
8132832,DDC,gene_assignment,True
8132840,POM121L12,gene_assignment,True
8132843,HAUS6,gene_assignment,True
8132845,,,False
8132847,,,False
8132849,,,False
8132851,VSTM2A,gene_assignment,True
8132856,,,False
8132860,EGFR,gene_assignment,True
8132897,LANCL2,gene_assignment,True
8132913,,,False
8132915,,,False
8132917,ZNF713,gene_assignment,True
8132922,MRPS17,gene_assignment,True
8132929,GBAS,gene_assignment,True
8132943,CCT6A,gene_assignment,True
8132960,,,False
8132962,SNORA15,gene_assignment,True
8132964,SUMF2,gene_assignment,True
8132978,,,False
8132980,TNRC18,gene_assignment,True
8133002,,,False
8133018,ZNF716,gene_assignment,True
8133021,BC033982,gene_assignment,True
8133023,ZNF479,gene_assignment,True
8133027,AK128836,gene_assignment,True
8133030,GABPA,gene_assignment,True
8133038,,,False
8133042,ZNF679,gene_assignment,True
8133049,ZNF107,gene_assignment,True
8133057,ZNF138,gene_assignment,True
8133062,ZNF273,gene_assignment,True
8133070,,,False
8133072,SNORA15,gene_assignment,True
8133074,INTS4L1,gene_assignment,True
8133089,ZNF92,gene_assignment,True
8133095,INTS4L2,gene_assignment,True
8133106,SNORA22,gene_assignment,True
8133108,SNORA15,gene_assignment,True
8133110,,,False
8133112,AL136837,gene_assignment,True
8133114,VKORC1L1,gene_assignment,True
8133119,BC014249,gene_assignment,True
8133122,ASL,gene_assignment,True
8133145,CRCP,gene_assignment,True
8133155,TPST1,gene_assignment,True
8133165,,,False
8133167,KCTD7,gene_assignment,True
8133176,RABGEF1,gene_assignment,True
8133187,,,False
8133189,,,False
8133192,C7ORF42,gene_assignment,True
8133200,,,False
8133202,TYW1,gene_assignment,True
8133209,SPDYE7P,gene_assignment,True
8133215,STAG3L4,gene_assignment,True
8133221,,,False
8133233,AUTS2,gene_assignment,True
8133258,WBSCR17,gene_assignment,True
8133273,,,False
8133275,POM121,gene_assignment,True
8133293,FKBP6,gene_assignment,True
8133300,PMS2L2,gene_assignment,True
8133309,PMS2P5,gene_assignment,True
8133314,NCF1,gene_assignment,True
8133326,POM121,gene_assignment,True
8133331,POM121,gene_assignment,True
8133335,FZD9,gene_assignment,True
8133339,VPS37D,gene_assignment,True
8133345,WBSCR22,gene_assignment,True
8133360,CLDN4,gene_assignment,True
8133366,WBSCR28,gene_assignment,True
8133372,ELN,gene_assignment,True
8133413,LIMK1,gene_assignment,True
8133434,EIF4H,gene_assignment,True
8133442,LAT2,gene_assignment,True
8133459,CLIP2,gene_assignment,True
8133477,GTF2IRD1,gene_assignment,True
8133500,,,False
8133504,GTF2I,gene_assignment,True
8133518,NCF1,gene_assignment,True
8133531,PMS2P5,gene_assignment,True
8133540,GATSL1,gene_assignment,True
8133549,GTF2IRD2B,gene_assignment,True
8133571,SPDYE8P,gene_assignment,True
8133582,SPDYE8P,gene_assignment,True
8133590,SPDYE8P,gene_assignment,True
8133600,SPDYE8P,gene_assignment,True
8133610,STAG3L3,gene_assignment,True
8133623,,,False
8133625,TRIM73,gene_assignment,True
8133633,NSUN5P2,gene_assignment,True
8133654,SPDYE5,gene_assignment,True
8133662,RHBDD2,gene_assignment,True
8133670,POR,gene_assignment,True
8133688,SNORA14A,gene_assignment,True
8133690,MDH2,gene_assignment,True
8133704,SRRM3,gene_assignment,True
8133721,HSPB1,gene_assignment,True
8133728,ZP3,gene_assignment,True
8133736,DTX2,gene_assignment,True
8133741,UPK3B,gene_assignment,True
8133750,,,False
8133752,LOC100133091,gene_assignment,True
8133754,PMS2P11,gene_assignment,True
8133770,CCDC146,gene_assignment,True
8133788,PTPN12,gene_assignment,True
8133809,RSBN1L,gene_assignment,True
8133818,PHTF2,gene_assignment,True
8133845,,,False
8133847,RPL13AP17,gene_assignment,True
8133856,,,False
8133858,,,False
8133860,GNAI1,gene_assignment,True
8133872,,,False
8133876,CD36,gene_assignment,True
8133896,,,False
8133898,,,False
8133900,,,False
8133902,,,False
8133904,GRM3,gene_assignment,True
8133914,DMTF1,gene_assignment,True
8133938,CROT,gene_assignment,True
8133959,,,False
8133961,RUNDC3B,gene_assignment,True
8133976,DBF4,gene_assignment,True
8133983,ADAM22,gene_assignment,True
8134018,ZNF804B,gene_assignment,True
8134026,DPY19L2P4,gene_assignment,True
8134030,STEAP1,gene_assignment,True
8134036,STEAP2,gene_assignment,True
8134051,C7ORF63,gene_assignment,True
8134077,,,False
8134079,GTPBP10,gene_assignment,True
8134091,CLDN12,gene_assignment,True
8134098,CDK14,gene_assignment,True
8134117,FZD1,gene_assignment,True
8134122,AKAP9,gene_assignment,True
8134180,ANKIB1,gene_assignment,True
8134201,GATAD1,gene_assignment,True
8134211,C7ORF64,gene_assignment,True
8134219,CCDC132,gene_assignment,True
8134252,GNGT1,gene_assignment,True
8134257,GNG11,gene_assignment,True
8134263,COL1A2,gene_assignment,True
8134316,,,False
8134318,CASD1,gene_assignment,True
8134339,PEG10,gene_assignment,True
8134345,,,False
8134347,,,False
8134349,,,False
8134351,PPP1R9A,gene_assignment,True
8134372,,,False
8134374,,,False
8134376,ASB4,gene_assignment,True
8134384,DYNC1I1,gene_assignment,True
8134403,,,False
8134405,,,False
8134407,DLX6,gene_assignment,True
8134415,ACN9,gene_assignment,True
8134420,TAC1,gene_assignment,True
8134429,,,False
8134431,,,False
8134435,LMTK2,gene_assignment,True
8134452,BHLHA15,gene_assignment,True
8134454,BRI3,gene_assignment,True
8134460,AK054626,gene_assignment,True
8134463,NPTX2,gene_assignment,True
8134470,TRRAP,gene_assignment,True
8134550,,,False
8134552,ARPC1B,gene_assignment,True
8134564,MYH16,gene_assignment,True
8134581,ARPC1A,gene_assignment,True
8134589,BUD31,gene_assignment,True
8134599,CPSF4,gene_assignment,True
8134613,ZNF789,gene_assignment,True
8134621,ZKSCAN5,gene_assignment,True
8134631,ZNF655,gene_assignment,True
8134644,ZNF498,gene_assignment,True
8134655,CYP3A43,gene_assignment,True
8134676,,,False
8134678,,,False
8134680,ZKSCAN1,gene_assignment,True
8134689,ZSCAN21,gene_assignment,True
8134699,COPS6,gene_assignment,True
8134712,AP4M1,gene_assignment,True
8134730,CNPY4,gene_assignment,True
8134737,MBLAC1,gene_assignment,True
8134740,C7ORF59,gene_assignment,True
8134745,STAG3,gene_assignment,True
8134777,PVRIG,gene_assignment,True
8134785,SPDYE3,gene_assignment,True
8134789,PILRB,gene_assignment,True
8134814,PILRA,gene_assignment,True
8134821,MEPCE,gene_assignment,True
8134827,C7ORF51,gene_assignment,True
8134834,AGFG2,gene_assignment,True
8134856,FBXO24,gene_assignment,True
8134869,PCOLCE,gene_assignment,True
8134880,MOSPD3,gene_assignment,True
8134890,GNB2,gene_assignment,True
8134904,POP7,gene_assignment,True
8134907,EPO,gene_assignment,True
8134915,ZAN,gene_assignment,True
8134965,SLC12A9,gene_assignment,True
8134981,TRIP6,gene_assignment,True
8134992,SRRT,gene_assignment,True
8135015,ENST00000319509,gene_assignment,True
8135031,MUC12,gene_assignment,True
8135033,MUC12,gene_assignment,True
8135037,MUC12,gene_assignment,True
8135048,MUC17,gene_assignment,True
8135064,TRIM56,gene_assignment,True
8135069,SERPINE1,gene_assignment,True
8135080,AP1S1,gene_assignment,True
8135089,ZNHIT1,gene_assignment,True
8135099,EMID2,gene_assignment,True
8135114,CUX1,gene_assignment,True
8135149,SH2B2,gene_assignment,True
8135160,,,False
8135162,PRKRIP1,gene_assignment,True
8135172,ORAI2,gene_assignment,True
8135181,LRWD1,gene_assignment,True
8135197,SPDYE2,gene_assignment,True
8135204,SPDYE2,gene_assignment,True
8135211,FAM185A,gene_assignment,True
8135216,,,False
8135218,LRRC17,gene_assignment,True
8135224,NFE4,gene_assignment,True
8135229,ARMC10,gene_assignment,True
8135235,PMPCB,gene_assignment,True
8135250,PSMC2,gene_assignment,True
8135262,LHFPL3,gene_assignment,True
8135268,EIF4B,gene_assignment,True
8135273,,,False
8135277,MLL5,gene_assignment,True
8135321,,,False
8135323,RINT1,gene_assignment,True
8135341,CDHR3,gene_assignment,True
8135361,,,False
8135363,PIK3CG,gene_assignment,True
8135378,PRKAR2B,gene_assignment,True
8135392,HBP1,gene_assignment,True
8135405,GPR22,gene_assignment,True
8135410,DUS4L,gene_assignment,True
8135422,BCAP29,gene_assignment,True
8135436,SLC26A4,gene_assignment,True
8135458,CBLL1,gene_assignment,True
8135464,DLD,gene_assignment,True
8135480,DNAJB9,gene_assignment,True
8135488,LRRN3,gene_assignment,True
8135497,ZNF277,gene_assignment,True
8135512,AK027128,gene_assignment,True
8135514,IFRD1,gene_assignment,True
8135532,C7ORF53,gene_assignment,True
8135544,FOXP2,gene_assignment,True
8135568,MDFIC,gene_assignment,True
8135576,TES,gene_assignment,True
8135585,,,False
8135587,CAV2,gene_assignment,True
8135594,CAV1,gene_assignment,True
8135601,MET,gene_assignment,True
8135625,CAPZA2,gene_assignment,True
8135638,ST7,gene_assignment,True
8135661,CFTR,gene_assignment,True
8135688,NAA38,gene_assignment,True
8135697,ANKRD7,gene_assignment,True
8135705,KCND2,gene_assignment,True
8135718,ING3,gene_assignment,True
8135734,C7ORF58,gene_assignment,True
8135763,WNT16,gene_assignment,True
8135774,PTPRZ1,gene_assignment,True
8135804,ASB15,gene_assignment,True
8135821,LMOD2,gene_assignment,True
8135827,HYAL4,gene_assignment,True
8135835,SPAM1,gene_assignment,True
8135847,,,False
8135849,,,False
8135856,ARF5,gene_assignment,True
8135865,FSCN3,gene_assignment,True
8135876,SND1,gene_assignment,True
8135902,C7ORF54,gene_assignment,True
8135907,MIR129-1,gene_assignment,True
8135909,LEP,gene_assignment,True
8135915,C7ORF68,gene_assignment,True
8135922,METTL2B,gene_assignment,True
8135929,,,False
8135931,FLJ45340,gene_assignment,True
8135933,FAM71F2,gene_assignment,True
8135943,,,False
8135945,FAM71F1,gene_assignment,True
8135955,CALU,gene_assignment,True
8135969,CCDC136,gene_assignment,True
8135990,FLNC,gene_assignment,True
8136039,ATP6V1F,gene_assignment,True
8136045,IRF5,gene_assignment,True
8136061,TPI1P2,gene_assignment,True
8136063,,,False
8136065,LOC407835,gene_assignment,True
8136067,TSPAN33,gene_assignment,True
8136078,,,False
8136080,SMO,gene_assignment,True
8136095,AHCYL2,gene_assignment,True
8136115,FAM40B,gene_assignment,True
8136138,,,False
8136140,NRF1,gene_assignment,True
8136159,,,False
8136161,,,False
8136163,KLHDC10,gene_assignment,True
8136177,KLHDC10,gene_assignment,True
8136179,KLHDC10,gene_assignment,True
8136181,C7ORF45,gene_assignment,True
8136187,CPA2,gene_assignment,True
8136200,CPA4,gene_assignment,True
8136213,,,False
8136215,,,False
8136217,CPA5,gene_assignment,True
8136235,CPA1,gene_assignment,True
8136248,MEST,gene_assignment,True
8136259,MKLN1,gene_assignment,True
8136281,AK097607,gene_assignment,True
8136289,,,False
8136293,EXOC4,gene_assignment,True
8136315,LRGUK,gene_assignment,True
8136336,AKR1B10,gene_assignment,True
8136341,BPGM,gene_assignment,True
8136347,CALD1,gene_assignment,True
8136370,AGBL3,gene_assignment,True
8136388,TMEM140,gene_assignment,True
8136391,STRA8,gene_assignment,True
8136401,NUP205,gene_assignment,True
8136446,,,False
8136448,CHRM2,gene_assignment,True
8136457,,,False
8136459,AKR1D1,gene_assignment,True
8136469,,,False
8136471,,,False
8136473,TRIM24,gene_assignment,True
8136495,TTC26,gene_assignment,True
8136516,UBN2,gene_assignment,True
8136535,C7ORF55,gene_assignment,True
8136539,LUC7L2,gene_assignment,True
8136557,TBXAS1,gene_assignment,True
8136576,,,False
8136578,,,False
8136580,RAB19,gene_assignment,True
8136587,,,False
8136589,,,False
8136591,ADCK2,gene_assignment,True
8136602,NDUFB2,gene_assignment,True
8136610,,,False
8136612,,,False
8136614,AGK,gene_assignment,True
8136631,SSBP1,gene_assignment,True
8136641,TAS2R3,gene_assignment,True
8136645,TAS2R4,gene_assignment,True
8136647,TAS2R5,gene_assignment,True
8136654,,,False
8136660,OR9A4,gene_assignment,True
8136662,MGAM,gene_assignment,True
8136709,LOC93432,gene_assignment,True
8136727,BC030533,gene_assignment,True
8136786,,,False
8136795,PRSS1,gene_assignment,True
8136801,TRY6,gene_assignment,True
8136807,PRSS2,gene_assignment,True
8136811,EPHB6,gene_assignment,True
8136832,C7ORF34,gene_assignment,True
8136837,OR6V1,gene_assignment,True
8136839,PIP,gene_assignment,True
8136844,TAS2R39,gene_assignment,True
8136846,TAS2R40,gene_assignment,True
8136849,GSTK1,gene_assignment,True
8136863,TMEM139,gene_assignment,True
8136869,CASP2,gene_assignment,True
8136889,,,False
8136891,,,False
8136893,CLCN1,gene_assignment,True
8136918,ZYX,gene_assignment,True
8136930,TAS2R60,gene_assignment,True
8136934,TAS2R41,gene_assignment,True
8136936,CTAGE15P,gene_assignment,True
8136940,FAM115C,gene_assignment,True
8136954,FAM115C,gene_assignment,True
8136961,OR2F2,gene_assignment,True
8136963,OR2F1,gene_assignment,True
8136965,OR6B1,gene_assignment,True
8136967,OR2A5,gene_assignment,True
8136969,OR2A25,gene_assignment,True
8136971,OR2A12,gene_assignment,True
8136973,OR2A2,gene_assignment,True
8136975,OR2A14,gene_assignment,True
8136977,,,False
8136979,CTAGE4,gene_assignment,True
8136981,,,False
8136983,OR2A20P,gene_assignment,True
8136985,OR2A1,gene_assignment,True
8136987,ARHGEF5,gene_assignment,True
8137006,,,False
8137008,AK290098,gene_assignment,True
8137010,CNTNAP2,gene_assignment,True
8137042,,,False
8137044,,,False
8137046,,,False
8137050,BC021251,gene_assignment,True
8137054,CUL1,gene_assignment,True
8137081,,,False
8137089,,,False
8137091,ZNF398,gene_assignment,True
8137101,ZNF282,gene_assignment,True
8137112,ZNF212,gene_assignment,True
8137118,ZNF783,gene_assignment,True
8137131,,,False
8137133,KRBA1,gene_assignment,True
8137151,SSPO,gene_assignment,True
8137183,SSPO,gene_assignment,True
8137202,ZNF862,gene_assignment,True
8137208,ATP6V0E2,gene_assignment,True
8137215,LRRC61,gene_assignment,True
8137219,C7ORF29,gene_assignment,True
8137225,REPIN1,gene_assignment,True
8137228,ZNF775,gene_assignment,True
8137232,GIMAP8,gene_assignment,True
8137240,GIMAP7,gene_assignment,True
8137244,GIMAP4,gene_assignment,True
8137250,GIMAP2,gene_assignment,True
8137252,GIMAP1,gene_assignment,True
8137257,GIMAP5,gene_assignment,True
8137264,TMEM176A,gene_assignment,True
8137271,ABP1,gene_assignment,True
8137280,NOS3,gene_assignment,True
8137310,ABCB8,gene_assignment,True
8137330,ENST00000356058,gene_assignment,True
8137332,ABCB8,gene_assignment,True
8137334,ABCB8,gene_assignment,True
8137336,ACCN3,gene_assignment,True
8137352,SLC4A2,gene_assignment,True
8137381,AGAP3,gene_assignment,True
8137404,CHPF2,gene_assignment,True
8137414,NUB1,gene_assignment,True
8137433,,,False
8137435,,,False
8137437,GALNTL5,gene_assignment,True
8137448,GALNT11,gene_assignment,True
8137464,PSPH,gene_assignment,True
8137468,,,False
8137470,,,False
8137472,,,False
8137474,ACTR3B,gene_assignment,True
8137483,AK131514,gene_assignment,True
8137485,DPP6,gene_assignment,True
8137517,HTR5A,gene_assignment,True
8137524,,,False
8137526,INSIG1,gene_assignment,True
8137537,EN2,gene_assignment,True
8137542,RBM33,gene_assignment,True
8137558,RBM33,gene_assignment,True
8137566,RNF32,gene_assignment,True
8137582,,,False
8137584,NOM1,gene_assignment,True
8137596,UBE3C,gene_assignment,True
8137627,DNAJB6,gene_assignment,True
8137635,,,False
8137639,WDR60,gene_assignment,True
8137666,ENST00000388975,gene_assignment,True
8137668,,,False
8137670,PDGFA,gene_assignment,True
8137675,PRKAR1B,gene_assignment,True
8137680,ADAP1,gene_assignment,True
8137693,COX19,gene_assignment,True
8137700,C7ORF50,gene_assignment,True
8137707,MIR339,gene_assignment,True
8137709,ZFAND2A,gene_assignment,True
8137715,MICALL2,gene_assignment,True
8137739,INTS1,gene_assignment,True
8137781,AK124993,gene_assignment,True
8137783,TMEM184A,gene_assignment,True
8137798,PSMG3,gene_assignment,True
8137802,AK125766,gene_assignment,True
8137805,MAD1L1,gene_assignment,True
8137826,FTSJ2,gene_assignment,True
8137833,SNX8,gene_assignment,True
8137847,C7ORF27,gene_assignment,True
8137863,,,False
8137865,GNA12,gene_assignment,True
8137874,CARD11,gene_assignment,True
8137900,,,False
8137903,,,False
8137906,RADIL,gene_assignment,True
8137925,,,False
8137927,PAPOLB,gene_assignment,True
8137931,MMD2,gene_assignment,True
8137942,TNRC18,gene_assignment,True
8137953,TNRC18,gene_assignment,True
8137959,TNRC18,gene_assignment,True
8137962,AK125308,gene_assignment,True
8137964,FBXL18,gene_assignment,True
8137979,ACTB,gene_assignment,True
8137986,RNF216,gene_assignment,True
8138007,,,False
8138009,RSPH10B,gene_assignment,True
8138030,PMS2,gene_assignment,True
8138043,,,False
8138045,EIF2AK1,gene_assignment,True
8138065,,,False
8138067,CYTH3,gene_assignment,True
8138084,,,False
8138086,,,False
8138088,C7ORF70,gene_assignment,True
8138091,DAGLB,gene_assignment,True
8138108,KDELR2,gene_assignment,True
8138116,ZNF12,gene_assignment,True
8138128,CCZ1,gene_assignment,True
8138145,MGC72080,gene_assignment,True
8138147,UNC93B1,gene_assignment,True
8138151,MGC72080,gene_assignment,True
8138155,,,False
8138157,COL28A1,gene_assignment,True
8138189,RPA3,gene_assignment,True
8138202,ICA1,gene_assignment,True
8138224,NDUFA4,gene_assignment,True
8138231,THSD7A,gene_assignment,True
8138258,VWDE,gene_assignment,True
8138277,VWDE,gene_assignment,True
8138287,,,False
8138289,ETV1,gene_assignment,True
8138310,DGKB,gene_assignment,True
8138337,TMEM195,gene_assignment,True
8138353,MEOX2,gene_assignment,True
8138361,RPL36A,gene_assignment,True
8138363,SOSTDC1,gene_assignment,True
8138370,ANKMY2,gene_assignment,True
8138381,AGR2,gene_assignment,True
8138392,AGR3,gene_assignment,True
8138401,SNX13,gene_assignment,True
8138435,PRPS1L1,gene_assignment,True
8138440,,,False
8138442,TWIST1,gene_assignment,True
8138450,FERD3L,gene_assignment,True
8138454,TWISTNB,gene_assignment,True
8138459,TMEM196,gene_assignment,True
8138466,MACC1,gene_assignment,True
8138474,SP8,gene_assignment,True
8138485,,,False
8138487,,,False
8138489,CDCA7L,gene_assignment,True
8138504,RAPGEF5,gene_assignment,True
8138527,MGC87042,gene_assignment,True
8138531,EEF1A1,gene_assignment,True
8138542,IL6,gene_assignment,True
8138545,,,False
8138547,TOMM7,gene_assignment,True
8138553,FAM126A,gene_assignment,True
8138566,IGF2BP3,gene_assignment,True
8138581,TRA2A,gene_assignment,True
8138592,AB052759,gene_assignment,True
8138596,CLK2P,gene_assignment,True
8138598,,,False
8138600,,,False
8138602,DFNA5,gene_assignment,True
8138613,OSBPL3,gene_assignment,True
8138640,CYCS,gene_assignment,True
8138647,C7ORF31,gene_assignment,True
8138662,NPVF,gene_assignment,True
8138668,MIR148A,gene_assignment,True
8138670,HNRNPA2B1,gene_assignment,True
8138686,KIAA0087,gene_assignment,True
8138689,SKAP2,gene_assignment,True
8138706,,,False
8138708,HOXA1,gene_assignment,True
8138718,HOXA2,gene_assignment,True
8138721,HOXA3,gene_assignment,True
8138728,HOXA4,gene_assignment,True
8138735,HOXA5,gene_assignment,True
8138741,HOXA6,gene_assignment,True
8138745,HOXA7,gene_assignment,True
8138749,HOXA9,gene_assignment,True
8138757,HOXA10,gene_assignment,True
8138765,HOXA11,gene_assignment,True
8138770,HOXA13,gene_assignment,True
8138773,EIF4H,gene_assignment,True
8138776,HIBADH,gene_assignment,True
8138789,JAZF1,gene_assignment,True
8138795,,,False
8138797,,,False
8138799,TRIL,gene_assignment,True
8138805,CPVL,gene_assignment,True
8138822,,,False
8138824,SCRN1,gene_assignment,True
8138834,FKBP14,gene_assignment,True
8138842,NOD1,gene_assignment,True
8138857,GGCT,gene_assignment,True
8138862,,,False
8138865,CRHR2,gene_assignment,True
8138882,NEUROD6,gene_assignment,True
8138888,PDE1C,gene_assignment,True
8138912,LSM5,gene_assignment,True
8138922,KBTBD2,gene_assignment,True
8138930,RP9P,gene_assignment,True
8138941,NT5C3,gene_assignment,True
8138948,,,False
8138950,RP9,gene_assignment,True
8138956,,,False
8138958,AAA1,gene_assignment,True
8138977,DPY19L1,gene_assignment,True
8138988,DPY19L2P1,gene_assignment,True
8138997,TBX20,gene_assignment,True
8139003,HERPUD2,gene_assignment,True
8139015,,,False
8139017,,,False
8139019,,,False
8139021,KIAA0895,gene_assignment,True
8139031,,,False
8139033,AOAH,gene_assignment,True
8139055,,,False
8139057,ELMO1,gene_assignment,True
8139083,,,False
8139085,,,False
8139087,SFRP4,gene_assignment,True
8139100,M30894,gene_assignment,True
8139107,TARP,gene_assignment,True
8139113,,,False
8139118,,,False
8139121,ENST00000390346,gene_assignment,True
8139125,BC030554,gene_assignment,True
8139128,,,False
8139131,AMPH,gene_assignment,True
8139158,,,False
8139160,FAM183B,gene_assignment,True
8139163,FAM183B,gene_assignment,True
8139165,VPS41,gene_assignment,True
8139196,,,False
8139198,RWDD4,gene_assignment,True
8139201,,,False
8139203,C7ORF11,gene_assignment,True
8139207,INHBA,gene_assignment,True
8139212,GLI3,gene_assignment,True
8139228,C7ORF25,gene_assignment,True
8139232,PSMA2,gene_assignment,True
8139242,,,False
8139244,C7ORF44,gene_assignment,True
8139250,MRPS24,gene_assignment,True
8139256,URGCP,gene_assignment,True
8139264,POLR2J4,gene_assignment,True
8139270,RASA4,gene_assignment,True
8139276,PGAM2,gene_assignment,True
8139281,POLM,gene_assignment,True
8139299,POLD2,gene_assignment,True
8139307,MYL7,gene_assignment,True
8139314,GCK,gene_assignment,True
8139330,CAMK2B,gene_assignment,True
8139356,NUDCD3,gene_assignment,True
8139365,,,False
8139367,NPC1L1,gene_assignment,True
8139392,DDX56,gene_assignment,True
8139411,TMED4,gene_assignment,True
8139421,H2AFV,gene_assignment,True
8139430,PURB,gene_assignment,True
8139433,MYO1G,gene_assignment,True
8139456,SNORA9,gene_assignment,True
8139458,AK096229,gene_assignment,True
8139460,NACAD,gene_assignment,True
8139468,TBRG4,gene_assignment,True
8139482,SNORA5A,gene_assignment,True
8139484,SNORA5C,gene_assignment,True
8139486,SNORA5B,gene_assignment,True
8139488,IGFBP3,gene_assignment,True
8139500,TNS3,gene_assignment,True
8139534,PKD1L1,gene_assignment,True
8139592,HUS1,gene_assignment,True
8139606,SUN3,gene_assignment,True
8139622,ZPBP,gene_assignment,True
8139632,FIGNL1,gene_assignment,True
8139640,DDC,gene_assignment,True
8139656,GRB10,gene_assignment,True
8139678,,,False
8139680,COBL,gene_assignment,True
8139697,,,False
8139699,AK127870,gene_assignment,True
8139706,SEC61G,gene_assignment,True
8139712,VOPP1,gene_assignment,True
8139723,FKBP9L,gene_assignment,True
8139727,SEPT14,gene_assignment,True
8139737,PSPH,gene_assignment,True
8139746,PHKG1,gene_assignment,True
8139758,CHCHD2,gene_assignment,True
8139763,LOC389493,gene_assignment,True
8139765,,,False
8139767,,,False
8139769,AK125790,gene_assignment,True
8139772,ZNF479,gene_assignment,True
8139796,AK128010,gene_assignment,True
8139798,,,False
8139800,ZNF479,gene_assignment,True
8139804,BC033982,gene_assignment,True
8139820,ZNF680,gene_assignment,True
8139826,LOC168474,gene_assignment,True
8139828,,,False
8139832,ZNF117,gene_assignment,True
8139840,ERV3,gene_assignment,True
8139843,,,False
8139845,,,False
8139857,,,False
8139859,GUSB,gene_assignment,True
8139873,NCRNA00174,gene_assignment,True
8139879,,,False
8139881,,,False
8139883,,,False
8139885,,,False
8139887,,,False
8139889,,,False
8139891,SBDS,gene_assignment,True
8139896,PMS2P4,gene_assignment,True
8139901,,,False
8139907,,,False
8139915,,,False
8139917,WBSCR17,gene_assignment,True
8139919,,,False
8139921,CALN1,gene_assignment,True
8139933,,,False
8139935,TYW1B,gene_assignment,True
8139941,,,False
8139943,SPDYE7P,gene_assignment,True
8139947,NSUN5P2,gene_assignment,True
8139966,TRIM73,gene_assignment,True
8139975,,,False
8139977,STAG3L3,gene_assignment,True
8139996,SPDYE8P,gene_assignment,True
8140009,SPDYE8P,gene_assignment,True
8140020,NSUN5,gene_assignment,True
8140028,TRIM50,gene_assignment,True
8140033,,,False
8140035,,,False
8140037,BAZ1B,gene_assignment,True
8140061,BCL7B,gene_assignment,True
8140070,TBL2,gene_assignment,True
8140085,MLXIPL,gene_assignment,True
8140107,DNAJC30,gene_assignment,True
8140113,STX1A,gene_assignment,True
8140129,ABHD11,gene_assignment,True
8140140,CLDN3,gene_assignment,True
8140144,WBSCR27,gene_assignment,True
8140151,RFC2,gene_assignment,True
8140166,,,False
8140168,,,False
8140170,GTF2IRD2,gene_assignment,True
8140196,STAG3L2,gene_assignment,True
8140211,SPDYE8P,gene_assignment,True
8140220,WBSCR16,gene_assignment,True
8140227,NCF1,gene_assignment,True
8140239,PMS2L2,gene_assignment,True
8140249,GATSL1,gene_assignment,True
8140258,PMS2P5,gene_assignment,True
8140269,PMS2P5,gene_assignment,True
8140280,PMS2L2,gene_assignment,True
8140291,FKBP6,gene_assignment,True
8140297,POM121C,gene_assignment,True
8140311,PMS2P3,gene_assignment,True
8140317,,,False
8140319,HIP1,gene_assignment,True
8140356,,,False
8140358,CCL26,gene_assignment,True
8140367,CCL24,gene_assignment,True
8140371,TMEM120A,gene_assignment,True
8140386,STYXL1,gene_assignment,True
8140398,YWHAG,gene_assignment,True
8140403,SRCRB4D,gene_assignment,True
8140420,FDPSL2A,gene_assignment,True
8140424,SPDYE1,gene_assignment,True
8140433,POMZP3,gene_assignment,True
8140443,FDPSL2A,gene_assignment,True
8140445,SPDYE8P,gene_assignment,True
8140454,SPDYE1,gene_assignment,True
8140461,FAM185A,gene_assignment,True
8140463,FGL2,gene_assignment,True
8140468,PION,gene_assignment,True
8140478,PION,gene_assignment,True
8140498,,,False
8140500,TMEM60,gene_assignment,True
8140504,MAGI2,gene_assignment,True
8140530,,,False
8140532,,,False
8140534,SEMA3C,gene_assignment,True
8140556,HGF,gene_assignment,True
8140579,CACNA2D1,gene_assignment,True
8140620,PCLO,gene_assignment,True
8140650,SEMA3E,gene_assignment,True
8140668,SEMA3A,gene_assignment,True
8140686,SEMA3D,gene_assignment,True
8140707,,,False
8140709,KIAA1324L,gene_assignment,True
8140730,C7ORF23,gene_assignment,True
8140737,,,False
8140739,AB007455,gene_assignment,True
8140752,ABCB4,gene_assignment,True
8140782,ABCB1,gene_assignment,True
8140814,SLC25A40,gene_assignment,True
8140828,SRI,gene_assignment,True
8140840,STEAP4,gene_assignment,True
8140850,,,False
8140852,BC028365,gene_assignment,True
8140855,,,False
8140857,,,False
8140859,MTERF,gene_assignment,True
8140864,CYP51A1,gene_assignment,True
8140869,LOC401387,gene_assignment,True
8140878,KRIT1,gene_assignment,True
8140907,,,False
8140909,ERVWE1,gene_assignment,True
8140915,PEX1,gene_assignment,True
8140942,FAM133B,gene_assignment,True
8140955,CDK6,gene_assignment,True
8140965,,,False
8140967,SAMD9,gene_assignment,True
8140971,SAMD9L,gene_assignment,True
8140984,HEPACAM2,gene_assignment,True
8140995,CALCR,gene_assignment,True
8141016,TFPI2,gene_assignment,True
8141024,BET1,gene_assignment,True
8141035,SGCE,gene_assignment,True
8141050,RPS3A,gene_assignment,True
8141052,PON1,gene_assignment,True
8141066,PON3,gene_assignment,True
8141076,PON2,gene_assignment,True
8141094,PDK4,gene_assignment,True
8141107,SLC25A13,gene_assignment,True
8141127,ENST00000356686,gene_assignment,True
8141133,SHFM1,gene_assignment,True
8141138,,,False
8141140,DLX5,gene_assignment,True
8141148,,,False
8141150,ASNS,gene_assignment,True
8141166,AK125166,gene_assignment,True
8141169,MGC72080,gene_assignment,True
8141173,OCM2,gene_assignment,True
8141180,TECPR1,gene_assignment,True
8141206,BAIAP2L1,gene_assignment,True
8141222,RPS3A,gene_assignment,True
8141228,TMEM130,gene_assignment,True
8141239,,,False
8141241,SMURF1,gene_assignment,True
8141263,KPNA7,gene_assignment,True
8141273,PDAP1,gene_assignment,True
8141281,,,False
8141283,PTCD1,gene_assignment,True
8141295,ATP5J2,gene_assignment,True
8141305,ZNF394,gene_assignment,True
8141311,FAM200A,gene_assignment,True
8141317,CYP3A4,gene_assignment,True
8141328,CYP3A5,gene_assignment,True
8141342,CYP3A7,gene_assignment,True
8141358,,,False
8141361,OR2AE1,gene_assignment,True
8141363,TRIM4,gene_assignment,True
8141371,GJC3,gene_assignment,True
8141374,AZGP1,gene_assignment,True
8141380,ZNF3,gene_assignment,True
8141395,MCM7,gene_assignment,True
8141419,MIR25,gene_assignment,True
8141421,MIR93,gene_assignment,True
8141423,MIR106B,gene_assignment,True
8141425,TAF6,gene_assignment,True
8141445,BC015722,gene_assignment,True
8141459,GAL3ST4,gene_assignment,True
8141463,GPC2,gene_assignment,True
8141466,GPC2,gene_assignment,True
8141477,GATS,gene_assignment,True
8141490,PMS2P1,gene_assignment,True
8141498,ZCWPW1,gene_assignment,True
8141517,BC026269,gene_assignment,True
8141522,BC031966,gene_assignment,True
8141526,TSC22D4,gene_assignment,True
8141533,,,False
8141535,LRCH4,gene_assignment,True
8141560,TFR2,gene_assignment,True
8141580,ACTL6B,gene_assignment,True
8141595,GIGYF1,gene_assignment,True
8141625,EPHB4,gene_assignment,True
8141643,UFSP1,gene_assignment,True
8141648,ACHE,gene_assignment,True
8141661,ENST00000319509,gene_assignment,True
8141664,VGF,gene_assignment,True
8141669,C7ORF52,gene_assignment,True
8141676,MOGAT3,gene_assignment,True
8141688,PLOD3,gene_assignment,True
8141708,CLDN15,gene_assignment,True
8141717,FIS1,gene_assignment,True
8141726,,,False
8141728,RABL5,gene_assignment,True
8141737,MYL10,gene_assignment,True
8141750,SPDYE2,gene_assignment,True
8141757,ALKBH4,gene_assignment,True
8141762,POLR2J,gene_assignment,True
8141765,,,False
8141768,RASA4,gene_assignment,True
8141791,POLR2J3,gene_assignment,True
8141795,POLR2J3,gene_assignment,True
8141803,RASA4,gene_assignment,True
8141829,POLR2J2,gene_assignment,True
8141843,RASA4,gene_assignment,True
8141846,FBXL13,gene_assignment,True
8141872,NAPEPLD,gene_assignment,True
8141882,DPY19L2P2,gene_assignment,True
8141898,DNAJC2,gene_assignment,True
8141922,SLC26A5,gene_assignment,True
8141950,RELN,gene_assignment,True
8142017,,,False
8142019,ORC5,gene_assignment,True
8142036,SRPK2,gene_assignment,True
8142061,PUS7,gene_assignment,True
8142079,RINT1,gene_assignment,True
8142084,CR601484,gene_assignment,True
8142087,ATXN7L1,gene_assignment,True
8142096,ATXN7L1,gene_assignment,True
8142098,ATXN7L1,gene_assignment,True
8142100,ATXN7L1,gene_assignment,True
8142102,ATXN7L1,gene_assignment,True
8142104,ATXN7L1,gene_assignment,True
8142110,SYPL1,gene_assignment,True
8142120,NAMPT,gene_assignment,True
8142136,FLJ36031,gene_assignment,True
8142143,COG5,gene_assignment,True
8142171,SLC26A3,gene_assignment,True
8142194,LAMB1,gene_assignment,True
8142230,,,False
8142232,LAMB4,gene_assignment,True
8142270,NRCAM,gene_assignment,True
8142307,PNPLA8,gene_assignment,True
8142324,THAP5,gene_assignment,True
8142329,C7ORF66,gene_assignment,True
8142332,IMMP2L,gene_assignment,True
8142343,,,False
8142345,DOCK4,gene_assignment,True
8142401,,,False
8142407,TMEM168,gene_assignment,True
8142415,C7ORF60,gene_assignment,True
8142424,GPR85,gene_assignment,True
8142431,LOC401397,gene_assignment,True
8142435,PPP1R3A,gene_assignment,True
8142444,,,False
8142446,,,False
8142448,,,False
8142450,,,False
8142452,TFEC,gene_assignment,True
8142466,,,False
8142468,TPM3,gene_assignment,True
8142471,WNT2,gene_assignment,True
8142480,ASZ1,gene_assignment,True
8142497,CTTNBP2,gene_assignment,True
8142522,,,False
8142524,TSPAN12,gene_assignment,True
8142534,,,False
8142536,,,False
8142538,,,False
8142540,FAM3C,gene_assignment,True
8142554,AASS,gene_assignment,True
8142580,FEZF1,gene_assignment,True
8142585,CADPS2,gene_assignment,True
8142618,RNF133,gene_assignment,True
8142622,RNF148,gene_assignment,True
8142624,TAS2R16,gene_assignment,True
8142628,SLC13A1,gene_assignment,True
8142646,IQUB,gene_assignment,True
8142661,,,False
8142663,NDUFA5,gene_assignment,True
8142671,WASL,gene_assignment,True
8142685,TMEM229A,gene_assignment,True
8142687,GPR37,gene_assignment,True
8142692,LOC154872,gene_assignment,True
8142697,POT1,gene_assignment,True
8142718,GRM8,gene_assignment,True
8142730,ZNF800,gene_assignment,True
8142740,GCC1,gene_assignment,True
8142747,PAX4,gene_assignment,True
8142763,,,False
8142765,LRRC4,gene_assignment,True
8142770,,,False
8142774,RBM28,gene_assignment,True
8142795,IMPDH1,gene_assignment,True
8142814,OPN1SW,gene_assignment,True
8142821,KCP,gene_assignment,True
8142830,KCP,gene_assignment,True
8142852,TNPO3,gene_assignment,True
8142878,CDC26,gene_assignment,True
8142880,MIR182,gene_assignment,True
8142882,MIR96,gene_assignment,True
8142884,MIR183,gene_assignment,True
8142886,UBE2H,gene_assignment,True
8142897,,,False
8142899,ZC3HC1,gene_assignment,True
8142912,TMEM209,gene_assignment,True
8142930,TSGA14,gene_assignment,True
8142945,COPG2,gene_assignment,True
8142971,KLF14,gene_assignment,True
8142975,MIR29A,gene_assignment,True
8142977,MIR29B1,gene_assignment,True
8142979,,,False
8142981,PODXL,gene_assignment,True
8142993,LOC100128596,gene_assignment,True
8142997,PLXNA4,gene_assignment,True
8143028,CHCHD3,gene_assignment,True
8143035,,,False
8143040,SLC35B4,gene_assignment,True
8143054,AKR1B1,gene_assignment,True
8143065,C7ORF49,gene_assignment,True
8143070,WDR91,gene_assignment,True
8143088,CNOT4,gene_assignment,True
8143108,,,False
8143110,SLC13A4,gene_assignment,True
8143127,FAM180A,gene_assignment,True
8143132,LUZP6,gene_assignment,True
8143142,,,False
8143144,PTN,gene_assignment,True
8143154,DGKI,gene_assignment,True
8143188,CREB3L2,gene_assignment,True
8143205,,,False
8143207,,,False
8143209,SVOPL,gene_assignment,True
8143221,ATP6V0A4,gene_assignment,True
8143247,KIAA1549,gene_assignment,True
8143268,,,False
8143270,ZC3HAV1L,gene_assignment,True
8143279,ZC3HAV1,gene_assignment,True
8143294,,,False
8143296,KLRG2,gene_assignment,True
8143307,HIPK2,gene_assignment,True
8143327,PARP12,gene_assignment,True
8143341,JHDM1D,gene_assignment,True
8143365,,,False
8143367,SLC37A3,gene_assignment,True
8143383,,,False
8143385,,,False
8143387,MKRN1,gene_assignment,True
8143397,DENND2A,gene_assignment,True
8143417,BRAF,gene_assignment,True
8143433,MRPS33,gene_assignment,True
8143437,BX648692,gene_assignment,True
8143441,KIAA1147,gene_assignment,True
8143448,FLJ40852,gene_assignment,True
8143463,PRSS37,gene_assignment,True
8143471,CLEC5A,gene_assignment,True
8143482,TAS2R38,gene_assignment,True
8143486,TRYX3,gene_assignment,True
8143494,LOC730441,gene_assignment,True
8143499,TRPV6,gene_assignment,True
8143518,TRPV5,gene_assignment,True
8143534,KEL,gene_assignment,True
8143555,OR9A2,gene_assignment,True
8143557,OR6W1P,gene_assignment,True
8143562,,,False
8143564,FAM131B,gene_assignment,True
8143575,EPHA1,gene_assignment,True
8143594,,,False
8143597,ENST00000479870,gene_assignment,True
8143601,CTAGE6P,gene_assignment,True
8143605,AK291605,gene_assignment,True
8143610,ARHGEF5,gene_assignment,True
8143627,OR2A1,gene_assignment,True
8143629,OR2A9P,gene_assignment,True
8143633,OR2A7,gene_assignment,True
8143635,NOBOX,gene_assignment,True
8143643,TPK1,gene_assignment,True
8143657,,,False
8143663,EZH2,gene_assignment,True
8143684,PDIA4,gene_assignment,True
8143697,ZNF786,gene_assignment,True
8143702,ZNF425,gene_assignment,True
8143708,,,False
8143714,ZNF777,gene_assignment,True
8143725,ZNF746,gene_assignment,True
8143733,ZNF767,gene_assignment,True
8143749,ZNF467,gene_assignment,True
8143759,ATP6V0E2,gene_assignment,True
8143766,ACTR3C,gene_assignment,True
8143772,RARRES2,gene_assignment,True
8143781,GIMAP6,gene_assignment,True
8143788,,,False
8143790,TMEM176B,gene_assignment,True
8143803,ATG9B,gene_assignment,True
8143825,KCNH2,gene_assignment,True
8143850,CDK5,gene_assignment,True
8143863,FASTK,gene_assignment,True
8143879,TMUB1,gene_assignment,True
8143885,GBX1,gene_assignment,True
8143887,ASB10,gene_assignment,True
8143894,,,False
8143899,,,False
8143905,ABCF2,gene_assignment,True
8143919,SMARCD3,gene_assignment,True
8143937,NUB1,gene_assignment,True
8143939,AK127717,gene_assignment,True
8143941,WDR86,gene_assignment,True
8143949,CRYGN,gene_assignment,True
8143957,RHEB,gene_assignment,True
8143961,PRKAG2,gene_assignment,True
8143986,,,False
8143988,MLL3,gene_assignment,True
8144036,XRCC2,gene_assignment,True
8144042,,,False
8144044,AK124285,gene_assignment,True
8144047,PAXIP1,gene_assignment,True
8144072,CNPY1,gene_assignment,True
8144078,SHH,gene_assignment,True
8144082,C7ORF13,gene_assignment,True
8144089,LMBR1,gene_assignment,True
8144112,MNX1,gene_assignment,True
8144121,PTPRN2,gene_assignment,True
8144149,MIR153-2,gene_assignment,True
8144151,,,False
8144153,NCAPG2,gene_assignment,True
8144184,ESYT2,gene_assignment,True
8144213,VIPR2,gene_assignment,True
8144226,,,False
8144228,AK094159,gene_assignment,True
8144230,ZNF596,gene_assignment,True
8144239,FBXO25,gene_assignment,True
8144253,DLGAP2,gene_assignment,True
8144267,CLN8,gene_assignment,True
8144279,CLN8,gene_assignment,True
8144281,ARHGEF10,gene_assignment,True
8144315,BC026965,gene_assignment,True
8144317,KBTBD11,gene_assignment,True
8144322,MYOM2,gene_assignment,True
8144361,MCPH1,gene_assignment,True
8144378,AGPAT5,gene_assignment,True
8144388,FAM90A20,gene_assignment,True
8144392,DEFB109P1B,gene_assignment,True
8144395,USP17L2,gene_assignment,True
8144397,USP17L2,gene_assignment,True
8144401,DEFB105A,gene_assignment,True
8144405,DEFB107A,gene_assignment,True
8144410,LOC349196,gene_assignment,True
8144412,LOC349196,gene_assignment,True
8144414,LOC349196,gene_assignment,True
8144416,LOC349196,gene_assignment,True
8144418,LOC349196,gene_assignment,True
8144420,LOC349196,gene_assignment,True
8144422,ENST00000420198,gene_assignment,True
8144424,FAM90A13,gene_assignment,True
8144428,FAM90A13,gene_assignment,True
8144432,FAM90A8,gene_assignment,True
8144436,FAM90A13,gene_assignment,True
8144440,FAM90A18,gene_assignment,True
8144444,FAM90A8,gene_assignment,True
8144448,FAM90A10,gene_assignment,True
8144452,DEFB106A,gene_assignment,True
8144457,DEFB104A,gene_assignment,True
8144460,SPAG11B,gene_assignment,True
8144473,DEFB103A,gene_assignment,True
8144481,DEFB4A,gene_assignment,True
8144488,LOC349196,gene_assignment,True
8144490,LOC349196,gene_assignment,True
8144492,LOC349196,gene_assignment,True
8144494,LOC349196,gene_assignment,True
8144496,ENST00000420198,gene_assignment,True
8144498,FLJ10661,gene_assignment,True
8144503,ENST00000310542,gene_assignment,True
8144505,CLDN23,gene_assignment,True
8144512,,,False
8144514,,,False
8144516,ERI1,gene_assignment,True
8144526,,,False
8144528,TNKS,gene_assignment,True
8144557,MSRA,gene_assignment,True
8144569,,,False
8144571,PRSS55,gene_assignment,True
8144577,C8ORF74,gene_assignment,True
8144582,,,False
8144586,MTMR9,gene_assignment,True
8144600,AMAC1L2,gene_assignment,True
8144604,TDH,gene_assignment,True
8144621,C8ORF12,gene_assignment,True
8144625,BLK,gene_assignment,True
8144639,AJ291678,gene_assignment,True
8144643,GATA4,gene_assignment,True
8144656,BC132945,gene_assignment,True
8144658,NEIL2,gene_assignment,True
8144667,,,False
8144669,FDFT1,gene_assignment,True
8144687,DEFB135,gene_assignment,True
8144691,ZNF705D,gene_assignment,True
8144699,,,False
8144701,AK092544,gene_assignment,True
8144705,C8ORF79,gene_assignment,True
8144712,C8ORF79,gene_assignment,True
8144717,,,False
8144719,,,False
8144721,C8ORF48,gene_assignment,True
8144724,,,False
8144726,TUSC3,gene_assignment,True
8144740,,,False
8144742,EFHA2,gene_assignment,True
8144758,ZDHHC2,gene_assignment,True
8144774,VPS37A,gene_assignment,True
8144786,SLC7A2,gene_assignment,True
8144802,PDGFRL,gene_assignment,True
8144810,,,False
8144812,PCM1,gene_assignment,True
8144857,NAT1,gene_assignment,True
8144866,NAT2,gene_assignment,True
8144874,AY176665,gene_assignment,True
8144878,,,False
8144880,SH2D4A,gene_assignment,True
8144894,INTS10,gene_assignment,True
8144917,LPL,gene_assignment,True
8144931,ATP6V1B2,gene_assignment,True
8144947,,,False
8144949,,,False
8144953,XPO7,gene_assignment,True
8144982,NPM2,gene_assignment,True
8144993,,,False
8144995,FGF17,gene_assignment,True
8145005,EPB49,gene_assignment,True
8145027,FAM160B2,gene_assignment,True
8145047,SFTPC,gene_assignment,True
8145055,BMP1,gene_assignment,True
8145083,,,False
8145085,POLR3D,gene_assignment,True
8145097,PIWIL2,gene_assignment,True
8145122,SLC39A14,gene_assignment,True
8145134,,,False
8145136,PPP3CC,gene_assignment,True
8145151,SORBS3,gene_assignment,True
8145175,PDLIM2,gene_assignment,True
8145193,C8ORF58,gene_assignment,True
8145201,KIAA1967,gene_assignment,True
8145227,RHOBTB2,gene_assignment,True
8145244,TNFRSF10C,gene_assignment,True
8145259,CHMP7,gene_assignment,True
8145272,R3HCC1,gene_assignment,True
8145281,SLC25A37,gene_assignment,True
8145291,AF495725,gene_assignment,True
8145293,ADAM28,gene_assignment,True
8145317,ADAMDEC1,gene_assignment,True
8145334,ADAM7,gene_assignment,True
8145361,NEFM,gene_assignment,True
8145365,DOCK5,gene_assignment,True
8145418,CDCA2,gene_assignment,True
8145438,,,False
8145440,PPP2R2A,gene_assignment,True
8145454,BNIP3L,gene_assignment,True
8145470,DPYSL2,gene_assignment,True
8145490,PTK2B,gene_assignment,True
8145529,,,False
8145532,EPHX2,gene_assignment,True
8145555,SCARA3,gene_assignment,True
8145566,,,False
8145568,,,False
8145570,ESCO2,gene_assignment,True
8145586,ELP3,gene_assignment,True
8145603,PNOC,gene_assignment,True
8145609,,,False
8145611,FZD3,gene_assignment,True
8145622,,,False
8145624,EXTL3,gene_assignment,True
8145636,HMBOX1,gene_assignment,True
8145652,LEPROTL1,gene_assignment,True
8145660,DCTN6,gene_assignment,True
8145669,RBPMS,gene_assignment,True
8145685,,,False
8145687,,,False
8145691,UBXN8,gene_assignment,True
8145702,WRN,gene_assignment,True
8145736,NRG1,gene_assignment,True
8145766,AF176921,gene_assignment,True
8145782,MAK16,gene_assignment,True
8145793,SNORD13,gene_assignment,True
8145795,LOC100293539,gene_assignment,True
8145797,,,False
8145799,UNC5D,gene_assignment,True
8145822,,,False
8145824,AF300871,gene_assignment,True
8145827,,,False
8145829,ZNF703,gene_assignment,True
8145835,ERLIN2,gene_assignment,True
8145854,PROSC,gene_assignment,True
8145865,GPR124,gene_assignment,True
8145887,,,False
8145889,EIF4EBP1,gene_assignment,True
8145894,ASH2L,gene_assignment,True
8145912,,,False
8145914,BAG4,gene_assignment,True
8145922,DDHD2,gene_assignment,True
8145942,LETM2,gene_assignment,True
8145954,TACC1,gene_assignment,True
8145977,PLEKHA2,gene_assignment,True
8145989,HTRA4,gene_assignment,True
8146000,ADAM9,gene_assignment,True
8146024,ADAM32,gene_assignment,True
8146051,ADAM5P,gene_assignment,True
8146069,ADAM18,gene_assignment,True
8146092,IDO1,gene_assignment,True
8146105,IDO2,gene_assignment,True
8146115,C8ORF4,gene_assignment,True
8146118,,,False
8146120,,,False
8146122,GOLGA7,gene_assignment,True
8146130,GINS4,gene_assignment,True
8146142,AGPAT6,gene_assignment,True
8146157,,,False
8146159,AP3M2,gene_assignment,True
8146171,IKBKB,gene_assignment,True
8146198,POLB,gene_assignment,True
8146216,VDAC3,gene_assignment,True
8146225,C8ORF40,gene_assignment,True
8146230,CHRNB3,gene_assignment,True
8146241,,,False
8146243,HOOK3,gene_assignment,True
8146268,FNTA,gene_assignment,True
8146278,SGK196,gene_assignment,True
8146285,HGSNAT,gene_assignment,True
8146305,,,False
8146307,POTEA,gene_assignment,True
8146322,,,False
8146324,,,False
8146326,,,False
8146334,,,False
8146336,AK301677,gene_assignment,True
8146353,,,False
8146357,MCM4,gene_assignment,True
8146377,,,False
8146379,UBE2V2,gene_assignment,True
8146388,AK128232,gene_assignment,True
8146391,,,False
8146393,C8ORF22,gene_assignment,True
8146401,,,False
8146403,SNTG1,gene_assignment,True
8146423,,,False
8146427,PCMTD1,gene_assignment,True
8146429,NPBWR1,gene_assignment,True
8146435,RGS20,gene_assignment,True
8146448,MRPL15,gene_assignment,True
8146456,RNU105C,gene_assignment,True
8146458,,,False
8146462,SOX17,gene_assignment,True
8146468,RP1,gene_assignment,True
8146475,XKR4,gene_assignment,True
8146480,BC043417,gene_assignment,True
8146482,TGS1,gene_assignment,True
8146500,LYN,gene_assignment,True
8146517,CHCHD7,gene_assignment,True
8146525,,,False
8146527,AB111913,gene_assignment,True
8146533,FAM110B,gene_assignment,True
8146544,UBXN2B,gene_assignment,True
8146550,SDCBP,gene_assignment,True
8146559,,,False
8146564,RAB2A,gene_assignment,True
8146579,CHD7,gene_assignment,True
8146618,CLVS1,gene_assignment,True
8146625,NKAIN3,gene_assignment,True
8146633,LOC643763,gene_assignment,True
8146637,YTHDF3,gene_assignment,True
8146643,MIR124-2,gene_assignment,True
8146645,BHLHE22,gene_assignment,True
8146647,,,False
8146649,MTFR1,gene_assignment,True
8146660,DNAJC5B,gene_assignment,True
8146669,TRIM55,gene_assignment,True
8146685,RRS1,gene_assignment,True
8146687,ADHFE1,gene_assignment,True
8146703,C8ORF46,gene_assignment,True
8146709,,,False
8146711,ENST00000390159,gene_assignment,True
8146717,SGK3,gene_assignment,True
8146738,C8ORF45,gene_assignment,True
8146756,CSPP1,gene_assignment,True
8146794,PREX2,gene_assignment,True
8146839,C8ORF34,gene_assignment,True
8146857,,,False
8146863,SULF1,gene_assignment,True
8146892,,,False
8146894,,,False
8146896,,,False
8146898,,,False
8146900,XKR9,gene_assignment,True
8146908,KCNB2,gene_assignment,True
8146914,TERF1,gene_assignment,True
8146921,RDH10,gene_assignment,True
8146930,TMEM70,gene_assignment,True
8146934,LY96,gene_assignment,True
8146941,,,False
8146943,,,False
8146945,GDAP1,gene_assignment,True
8146955,,,False
8146957,PI15,gene_assignment,True
8146967,CRISPLD1,gene_assignment,True
8146986,HNF4G,gene_assignment,True
8147000,ZFHX4,gene_assignment,True
8147012,PKIA,gene_assignment,True
8147019,FAM164A,gene_assignment,True
8147030,STMN2,gene_assignment,True
8147038,,,False
8147040,ZBTB10,gene_assignment,True
8147049,FABP5,gene_assignment,True
8147057,CHMP4C,gene_assignment,True
8147065,RALYL,gene_assignment,True
8147079,LRRCC1,gene_assignment,True
8147101,E2F5,gene_assignment,True
8147112,CA13,gene_assignment,True
8147123,CA3,gene_assignment,True
8147132,CA2,gene_assignment,True
8147145,ATP6V0D2,gene_assignment,True
8147156,WWP1,gene_assignment,True
8147172,CPNE3,gene_assignment,True
8147194,CNBD1,gene_assignment,True
8147206,RIPK2,gene_assignment,True
8147221,OSGIN2,gene_assignment,True
8147228,DECR1,gene_assignment,True
8147242,,,False
8147244,NECAB1,gene_assignment,True
8147262,OTUD6B,gene_assignment,True
8147273,SLC26A7,gene_assignment,True
8147303,,,False
8147305,,,False
8147307,ENST00000452913,gene_assignment,True
8147313,TMEM67,gene_assignment,True
8147344,PDP1,gene_assignment,True
8147351,ESRP1,gene_assignment,True
8147373,,,False
8147375,DPY19L4,gene_assignment,True
8147396,INTS8,gene_assignment,True
8147424,C8ORF38,gene_assignment,True
8147439,PLEKHF2,gene_assignment,True
8147445,,,False
8147447,PTDSS1,gene_assignment,True
8147461,SDC2,gene_assignment,True
8147469,PGCP,gene_assignment,True
8147479,,,False
8147483,MTDH,gene_assignment,True
8147501,,,False
8147503,LAPTM4B,gene_assignment,True
8147516,MATN2,gene_assignment,True
8147543,C8ORF47,gene_assignment,True
8147548,POP1,gene_assignment,True
8147566,KCNS2,gene_assignment,True
8147573,OSR2,gene_assignment,True
8147580,VPS13B,gene_assignment,True
8147650,,,False
8147652,,,False
8147654,POLR2K,gene_assignment,True
8147661,SPAG1,gene_assignment,True
8147683,,,False
8147689,,,False
8147691,,,False
8147693,NACAP1,gene_assignment,True
8147697,GRHL2,gene_assignment,True
8147715,,,False
8147717,ODF1,gene_assignment,True
8147721,AK127183,gene_assignment,True
8147724,ATP6V1C1,gene_assignment,True
8147756,BAALC,gene_assignment,True
8147766,FZD6,gene_assignment,True
8147777,CTHRC1,gene_assignment,True
8147785,DCAF13,gene_assignment,True
8147796,RIMS2,gene_assignment,True
8147828,,,False
8147830,TM7SF4,gene_assignment,True
8147837,ZFPM2,gene_assignment,True
8147848,OXR1,gene_assignment,True
8147862,,,False
8147864,TTC35,gene_assignment,True
8147877,TRHR,gene_assignment,True
8147883,ENY2,gene_assignment,True
8147891,PKHD1L1,gene_assignment,True
8147970,EBAG9,gene_assignment,True
8147992,,,False
8147994,UTP23,gene_assignment,True
8148000,C8ORF85,gene_assignment,True
8148003,SLC30A8,gene_assignment,True
8148018,,,False
8148022,MED30,gene_assignment,True
8148029,COLEC10,gene_assignment,True
8148040,MAL2,gene_assignment,True
8148047,,,False
8148049,NOV,gene_assignment,True
8148059,DEPDC6,gene_assignment,True
8148070,COL14A1,gene_assignment,True
8148124,MTBP,gene_assignment,True
8148147,,,False
8148149,ZHX2,gene_assignment,True
8148156,,,False
8148158,WDR67,gene_assignment,True
8148184,FAM83A,gene_assignment,True
8148194,,,False
8148198,WDYHV1,gene_assignment,True
8148208,FAM91A1,gene_assignment,True
8148220,FER1L6,gene_assignment,True
8148261,,,False
8148263,TRMT12,gene_assignment,True
8148265,RNF139,gene_assignment,True
8148270,NDUFB9,gene_assignment,True
8148276,ZNF572,gene_assignment,True
8148280,SQLE,gene_assignment,True
8148293,NSMCE2,gene_assignment,True
8148302,,,False
8148304,TRIB1,gene_assignment,True
8148309,,,False
8148313,,,False
8148315,POU5F1B,gene_assignment,True
8148317,MYC,gene_assignment,True
8148325,,,False
8148327,,,False
8148329,,,False
8148333,EFR3A,gene_assignment,True
8148358,PHF20L1,gene_assignment,True
8148385,TG,gene_assignment,True
8148435,WISP1,gene_assignment,True
8148448,KHDRBS3,gene_assignment,True
8148463,AF220264,gene_assignment,True
8148465,,,False
8148467,CHRAC1,gene_assignment,True
8148476,DENND3,gene_assignment,True
8148501,PTP4A3,gene_assignment,True
8148512,FLJ43860,gene_assignment,True
8148515,,,False
8148517,BAI1,gene_assignment,True
8148548,PSCA,gene_assignment,True
8148553,LY6K,gene_assignment,True
8148559,C8ORF55,gene_assignment,True
8148565,GML,gene_assignment,True
8148572,LY6E,gene_assignment,True
8148580,BC073830,gene_assignment,True
8148591,GPIHBP1,gene_assignment,True
8148597,ZFP41,gene_assignment,True
8148607,GLI4,gene_assignment,True
8148615,ZNF696,gene_assignment,True
8148619,,,False
8148621,RHPN1,gene_assignment,True
8148640,,,False
8148642,GSDMD,gene_assignment,True
8148655,TIGD5,gene_assignment,True
8148658,ZNF623,gene_assignment,True
8148662,ZNF707,gene_assignment,True
8148671,BREA2,gene_assignment,True
8148674,MAPK15,gene_assignment,True
8148692,,,False
8148694,GRINA,gene_assignment,True
8148703,SPATC1,gene_assignment,True
8148710,EXOSC4,gene_assignment,True
8148715,GPAA1,gene_assignment,True
8148728,CYC1,gene_assignment,True
8148737,MAF1,gene_assignment,True
8148748,KIAA1875,gene_assignment,True
8148772,C8ORF30A,gene_assignment,True
8148783,HEATR7A,gene_assignment,True
8148796,SCXA,gene_assignment,True
8148799,C8ORF30A,gene_assignment,True
8148808,HEATR7A,gene_assignment,True
8148821,SCXA,gene_assignment,True
8148824,HSF1,gene_assignment,True
8148841,GPR172A,gene_assignment,True
8148850,ADCK5,gene_assignment,True
8148867,KIFC2,gene_assignment,True
8148888,PPP1R16A,gene_assignment,True
8148902,GPT,gene_assignment,True
8148917,MFSD3,gene_assignment,True
8148923,LRRC14,gene_assignment,True
8148930,,,False
8148932,ZNF517,gene_assignment,True
8148941,ZNF7,gene_assignment,True
8148949,TMED10P1,gene_assignment,True
8148951,C8ORF77,gene_assignment,True
8148955,C8ORF33,gene_assignment,True
8148962,OR4F21,gene_assignment,True
8148964,ENST00000388975,gene_assignment,True
8148966,RPL23AP53,gene_assignment,True
8148968,BC037297,gene_assignment,True
8148973,C8ORF42,gene_assignment,True
8148978,AK090404,gene_assignment,True
8148982,AK128318,gene_assignment,True
8148985,ERICH1,gene_assignment,True
8148992,CSMD1,gene_assignment,True
8149065,,,False
8149069,,,False
8149071,ANGPT2,gene_assignment,True
8149084,AK057771,gene_assignment,True
8149086,XKR5,gene_assignment,True
8149097,DEFB1,gene_assignment,True
8149104,DEFA6,gene_assignment,True
8149109,DEFA4,gene_assignment,True
8149116,DEFA3,gene_assignment,True
8149122,DEFT1P,gene_assignment,True
8149126,DEFA3,gene_assignment,True
8149132,DEFT1P,gene_assignment,True
8149137,DEFA3,gene_assignment,True
8149142,DEFA5,gene_assignment,True
8149148,AK122996,gene_assignment,True
8149151,LOC349196,gene_assignment,True
8149153,LOC349196,gene_assignment,True
8149157,LOC349196,gene_assignment,True
8149161,LOC349196,gene_assignment,True
8149165,LOC349196,gene_assignment,True
8149167,LOC349196,gene_assignment,True
8149169,DEFB4A,gene_assignment,True
8149172,DEFB103A,gene_assignment,True
8149180,SPAG11B,gene_assignment,True
8149192,DEFB104A,gene_assignment,True
8149195,DEFB106A,gene_assignment,True
8149200,,,False
8149204,FAM90A7,gene_assignment,True
8149208,ENST00000420198,gene_assignment,True
8149210,LOC349196,gene_assignment,True
8149214,LOC349196,gene_assignment,True
8149216,LOC349196,gene_assignment,True
8149218,LOC349196,gene_assignment,True
8149220,LOC349196,gene_assignment,True
8149222,LOC349196,gene_assignment,True
8149224,LOC349196,gene_assignment,True
8149226,LOC349196,gene_assignment,True
8149228,LOC349196,gene_assignment,True
8149230,DEFB107A,gene_assignment,True
8149235,DEFB105A,gene_assignment,True
8149241,USP17L2,gene_assignment,True
8149243,USP17L2,gene_assignment,True
8149245,DEFB109P1B,gene_assignment,True
8149248,,,False
8149250,SGK223,gene_assignment,True
8149256,,,False
8149258,MFHAS1,gene_assignment,True
8149264,PPP1R3B,gene_assignment,True
8149269,,,False
8149271,,,False
8149273,,,False
8149277,MIR124-1,gene_assignment,True
8149279,,,False
8149283,RP1L1,gene_assignment,True
8149289,SOX7,gene_assignment,True
8149296,PINX1,gene_assignment,True
8149307,XKR6,gene_assignment,True
8149315,,,False
8149318,ENST00000443854,gene_assignment,True
8149320,AJ291676,gene_assignment,True
8149322,,,False
8149324,FAM167A,gene_assignment,True
8149330,CTSB,gene_assignment,True
8149345,ENST00000420692,gene_assignment,True
8149347,DEFB136,gene_assignment,True
8149350,DEFB134,gene_assignment,True
8149353,DEFB130,gene_assignment,True
8149356,USP17L2,gene_assignment,True
8149358,DEFB109P1B,gene_assignment,True
8149361,FAM90A7,gene_assignment,True
8149365,FAM86B1,gene_assignment,True
8149377,DEFB130,gene_assignment,True
8149380,DEFB109P1B,gene_assignment,True
8149383,FAM90A25P,gene_assignment,True
8149387,FAM86B1,gene_assignment,True
8149389,FAM86B1,gene_assignment,True
8149396,ENST00000358192,gene_assignment,True
8149399,LONRF1,gene_assignment,True
8149413,DLC1,gene_assignment,True
8149438,SGCZ,gene_assignment,True
8149448,MSR1,gene_assignment,True
8149465,FGF20,gene_assignment,True
8149475,CNOT7,gene_assignment,True
8149485,MTMR7,gene_assignment,True
8149500,MTUS1,gene_assignment,True
8149521,FGL1,gene_assignment,True
8149534,ASAH1,gene_assignment,True
8149551,PSD3,gene_assignment,True
8149555,PSD3,gene_assignment,True
8149574,CSGALNACT1,gene_assignment,True
8149590,,,False
8149592,SLC18A1,gene_assignment,True
8149612,LZTS1,gene_assignment,True
8149629,GFRA2,gene_assignment,True
8149638,DOK2,gene_assignment,True
8149646,NUDT18,gene_assignment,True
8149652,HR,gene_assignment,True
8149673,REEP4,gene_assignment,True
8149685,LGI3,gene_assignment,True
8149699,PHYHIP,gene_assignment,True
8149705,MIR320A,gene_assignment,True
8149707,BIN3,gene_assignment,True
8149718,FLJ14107,gene_assignment,True
8149720,EGR3,gene_assignment,True
8149725,PEBP4,gene_assignment,True
8149733,TNFRSF10B,gene_assignment,True
8149749,TNFRSF10D,gene_assignment,True
8149762,TNFRSF10A,gene_assignment,True
8149774,LOXL2,gene_assignment,True
8149793,ENTPD4,gene_assignment,True
8149809,,,False
8149811,NKX3-1,gene_assignment,True
8149820,NKX2-6,gene_assignment,True
8149823,,,False
8149825,STC1,gene_assignment,True
8149833,,,False
8149835,NEFL,gene_assignment,True
8149849,GNRH1,gene_assignment,True
8149857,KCTD9,gene_assignment,True
8149865,EBF2,gene_assignment,True
8149877,PNMA2,gene_assignment,True
8149885,ADRA1A,gene_assignment,True
8149898,STMN4,gene_assignment,True
8149907,TRIM35,gene_assignment,True
8149918,CHRNA2,gene_assignment,True
8149927,CLU,gene_assignment,True
8149942,CCDC25,gene_assignment,True
8149953,,,False
8149955,PBK,gene_assignment,True
8149966,SCARA5,gene_assignment,True
8149979,C8ORF80,gene_assignment,True
8149986,ZNF395,gene_assignment,True
8150002,FBXO16,gene_assignment,True
8150014,INTS9,gene_assignment,True
8150034,,,False
8150036,KIF13B,gene_assignment,True
8150076,DUSP4,gene_assignment,True
8150087,,,False
8150089,TMEM66,gene_assignment,True
8150099,MBOAT4,gene_assignment,True
8150103,GTF2E2,gene_assignment,True
8150112,GSR,gene_assignment,True
8150126,PPP2CB,gene_assignment,True
8150138,TEX15,gene_assignment,True
8150143,PURG,gene_assignment,True
8150149,,,False
8150151,,,False
8150157,,,False
8150165,FUT10,gene_assignment,True
8150175,C8ORF41,gene_assignment,True
8150186,RNF122,gene_assignment,True
8150195,,,False
8150197,DUSP26,gene_assignment,True
8150204,,,False
8150206,LSM12,gene_assignment,True
8150212,,,False
8150214,ERLIN2,gene_assignment,True
8150217,LOC728024,gene_assignment,True
8150219,BRF2,gene_assignment,True
8150225,RAB11FIP1,gene_assignment,True
8150244,GOT1L1,gene_assignment,True
8150249,ADRB3,gene_assignment,True
8150253,STAR,gene_assignment,True
8150266,LSM1,gene_assignment,True
8150274,,,False
8150276,PPAPDC1B,gene_assignment,True
8150287,WHSC1L1,gene_assignment,True
8150318,FGFR1,gene_assignment,True
8150352,BC137511,gene_assignment,True
8150356,RNF5P1,gene_assignment,True
8150364,TM2D2,gene_assignment,True
8150373,,,False
8150375,ADAM3A,gene_assignment,True
8150395,ADAM2,gene_assignment,True
8150419,ZMAT4,gene_assignment,True
8150428,SFRP1,gene_assignment,True
8150433,NKX6-3,gene_assignment,True
8150439,ANK1,gene_assignment,True
8150489,,,False
8150491,MYST3,gene_assignment,True
8150509,PLAT,gene_assignment,True
8150529,DKK4,gene_assignment,True
8150537,SLC20A2,gene_assignment,True
8150550,CHRNA6,gene_assignment,True
8150559,THAP1,gene_assignment,True
8150565,RNF170,gene_assignment,True
8150576,,,False
8150586,,,False
8150590,,,False
8150592,CEBPD,gene_assignment,True
8150599,PRKDC,gene_assignment,True
8150685,,,False
8150691,EFCAB1,gene_assignment,True
8150698,SNAI2,gene_assignment,True
8150704,PXDNL,gene_assignment,True
8150714,PCMTD1,gene_assignment,True
8150722,ST18,gene_assignment,True
8150751,FAM150A,gene_assignment,True
8150757,RB1CC1,gene_assignment,True
8150785,OPRK1,gene_assignment,True
8150797,ATP6V1H,gene_assignment,True
8150818,TCEA1,gene_assignment,True
8150830,LYPLA1,gene_assignment,True
8150842,,,False
8150844,,,False
8150846,TMEM68,gene_assignment,True
8150862,,,False
8150866,,,False
8150868,,,False
8150870,PSMC6,gene_assignment,True
8150872,RPS20,gene_assignment,True
8150877,SNORD54,gene_assignment,True
8150879,MOS,gene_assignment,True
8150881,PLAG1,gene_assignment,True
8150889,SDR16C5,gene_assignment,True
8150901,PENK,gene_assignment,True
8150906,IMPAD1,gene_assignment,True
8150908,IMPAD1,gene_assignment,True
8150918,,,False
8150920,CYP7A1,gene_assignment,True
8150928,NSMAF,gene_assignment,True
8150960,,,False
8150962,TOX,gene_assignment,True
8150974,,,False
8150976,,,False
8150978,CA8,gene_assignment,True
8150988,ASPH,gene_assignment,True
8151030,,,False
8151032,GGH,gene_assignment,True
8151042,TTPA,gene_assignment,True
8151052,,,False
8151056,CYP7B1,gene_assignment,True
8151066,ARMC1,gene_assignment,True
8151074,PDE7A,gene_assignment,True
8151092,CRH,gene_assignment,True
8151099,,,False
8151101,MYBL1,gene_assignment,True
8151118,VCPIP1,gene_assignment,True
8151123,PTTG3P,gene_assignment,True
8151125,TCF24,gene_assignment,True
8151127,LRRC67,gene_assignment,True
8151136,COPS5,gene_assignment,True
8151149,ARFGEF1,gene_assignment,True
8151191,CPA6,gene_assignment,True
8151215,,,False
8151219,,,False
8151223,SLCO5A1,gene_assignment,True
8151234,AF205075,gene_assignment,True
8151238,,,False
8151240,PRDM14,gene_assignment,True
8151250,,,False
8151252,,,False
8151254,NCOA2,gene_assignment,True
8151279,,,False
8151281,TRAM1,gene_assignment,True
8151296,LACTB2,gene_assignment,True
8151306,,,False
8151308,,,False
8151310,EYA1,gene_assignment,True
8151332,,,False
8151334,MSC,gene_assignment,True
8151341,TRPA1,gene_assignment,True
8151367,,,False
8151369,C8ORF84,gene_assignment,True
8151376,RPL7,gene_assignment,True
8151384,STAU2,gene_assignment,True
8151401,UBE2W,gene_assignment,True
8151411,,,False
8151413,TCEB1,gene_assignment,True
8151421,,,False
8151423,JPH1,gene_assignment,True
8151430,,,False
8151434,,,False
8151436,PEX2,gene_assignment,True
8151447,IL7,gene_assignment,True
8151457,HEY1,gene_assignment,True
8151471,MRPS28,gene_assignment,True
8151475,TPD52,gene_assignment,True
8151490,,,False
8151492,,,False
8151494,,,False
8151496,ZNF704,gene_assignment,True
8151508,,,False
8151510,,,False
8151512,PAG1,gene_assignment,True
8151525,PMP2,gene_assignment,True
8151532,FABP4,gene_assignment,True
8151540,,,False
8151542,FABP12,gene_assignment,True
8151549,IMPA1,gene_assignment,True
8151559,SLC10A5,gene_assignment,True
8151561,ZFAND1,gene_assignment,True
8151572,SNX16,gene_assignment,True
8151583,,,False
8151585,,,False
8151587,C8ORF59,gene_assignment,True
8151592,CA1,gene_assignment,True
8151603,,,False
8151605,AF495523,gene_assignment,True
8151607,REXO1L2P,gene_assignment,True
8151609,REXO1L1,gene_assignment,True
8151613,AF495523,gene_assignment,True
8151615,,,False
8151617,AF495523,gene_assignment,True
8151619,REXO1L2P,gene_assignment,True
8151621,AF495523,gene_assignment,True
8151623,REXO1L2P,gene_assignment,True
8151625,AF495523,gene_assignment,True
8151627,,,False
8151631,REXO1L2P,gene_assignment,True
8151633,PSKH2,gene_assignment,True
8151637,SLC7A13,gene_assignment,True
8151644,FAM82B,gene_assignment,True
8151659,CNGB3,gene_assignment,True
8151679,DCAF4L2,gene_assignment,True
8151684,ENST00000286614,gene_assignment,True
8151686,MMP16,gene_assignment,True
8151709,,,False
8151711,NBN,gene_assignment,True
8151730,CALB1,gene_assignment,True
8151747,TMEM64,gene_assignment,True
8151756,TMEM55A,gene_assignment,True
8151766,,,False
8151768,RUNX1T1,gene_assignment,True
8151784,,,False
8151788,RBM12B,gene_assignment,True
8151795,CDH17,gene_assignment,True
8151816,GEM,gene_assignment,True
8151824,RAD54B,gene_assignment,True
8151842,KIAA1429,gene_assignment,True
8151869,,,False
8151871,CCNE2,gene_assignment,True
8151888,,,False
8151890,TP53INP1,gene_assignment,True
8151898,C8ORF37,gene_assignment,True
8151906,GDF6,gene_assignment,True
8151909,UQCRB,gene_assignment,True
8151917,MTERFD1,gene_assignment,True
8151927,,,False
8151929,,,False
8151931,TSPYL5,gene_assignment,True
8151935,RPL30,gene_assignment,True
8151942,HRSP12,gene_assignment,True
8151952,NIPAL2,gene_assignment,True
8151967,STK3,gene_assignment,True
8151987,,,False
8151989,,,False
8151991,,,False
8151993,COX6C,gene_assignment,True
8151999,RGS22,gene_assignment,True
8152031,FBXO43,gene_assignment,True
8152041,RNF19A,gene_assignment,True
8152053,ANKRD46,gene_assignment,True
8152062,SNX31,gene_assignment,True
8152079,PABPC1,gene_assignment,True
8152090,,,False
8152092,,,False
8152094,,,False
8152096,YWHAZ,gene_assignment,True
8152111,ZNF706,gene_assignment,True
8152115,,,False
8152119,NCALD,gene_assignment,True
8152131,,,False
8152133,RRM2B,gene_assignment,True
8152148,UBR5,gene_assignment,True
8152211,,,False
8152215,KLF10,gene_assignment,True
8152222,AZIN1,gene_assignment,True
8152240,,,False
8152252,C8ORF56,gene_assignment,True
8152255,SLC25A32,gene_assignment,True
8152264,DPYS,gene_assignment,True
8152278,,,False
8152280,LRP12,gene_assignment,True
8152289,,,False
8152291,ABRA,gene_assignment,True
8152297,ANGPT1,gene_assignment,True
8152314,RSPO2,gene_assignment,True
8152323,EIF3E,gene_assignment,True
8152335,TMEM74,gene_assignment,True
8152340,NUDCD1,gene_assignment,True
8152355,SYBU,gene_assignment,True
8152367,,,False
8152369,KCNV1,gene_assignment,True
8152376,CSMD3,gene_assignment,True
8152451,,,False
8152453,TRPS1,gene_assignment,True
8152463,,,False
8152465,EIF3H,gene_assignment,True
8152477,RAD21,gene_assignment,True
8152491,EXT1,gene_assignment,True
8152506,SAMD12,gene_assignment,True
8152512,TNFRSF11B,gene_assignment,True
8152522,ENPP2,gene_assignment,True
8152551,,,False
8152553,TAF2,gene_assignment,True
8152582,DSCC1,gene_assignment,True
8152595,,,False
8152597,MRPL13,gene_assignment,True
8152606,SNTB1,gene_assignment,True
8152617,HAS2,gene_assignment,True
8152628,DERL1,gene_assignment,True
8152640,,,False
8152642,LOC100131726,gene_assignment,True
8152648,BC067796,gene_assignment,True
8152656,ZHX1,gene_assignment,True
8152666,,,False
8152668,ATAD2,gene_assignment,True
8152701,,,False
8152703,FBXO32,gene_assignment,True
8152715,KLHL38,gene_assignment,True
8152719,ANXA13,gene_assignment,True
8152734,BC137357,gene_assignment,True
8152742,FER1L6,gene_assignment,True
8152750,TMEM65,gene_assignment,True
8152759,TATDN1,gene_assignment,True
8152764,MTSS1,gene_assignment,True
8152782,KIAA0196,gene_assignment,True
8152812,FAM84B,gene_assignment,True
8152815,BC137383,gene_assignment,True
8152819,,,False
8152821,BC070152,gene_assignment,True
8152828,GSDMC,gene_assignment,True
8152845,BC017297,gene_assignment,True
8152863,,,False
8152865,,,False
8152867,ASAP1,gene_assignment,True
8152900,,,False
8152902,ADCY8,gene_assignment,True
8152924,OC90,gene_assignment,True
8152938,HHLA1,gene_assignment,True
8152946,KCNQ3,gene_assignment,True
8152962,LRRC6,gene_assignment,True
8152976,TMEM71,gene_assignment,True
8152988,SLA,gene_assignment,True
8153002,NDRG1,gene_assignment,True
8153021,ST3GAL1,gene_assignment,True
8153035,,,False
8153039,,,False
8153043,ZFAT,gene_assignment,True
8153065,MIR30B,gene_assignment,True
8153067,MIR30D,gene_assignment,True
8153069,,,False
8153071,FAM135B,gene_assignment,True
8153101,COL22A1,gene_assignment,True
8153167,KCNK9,gene_assignment,True
8153175,TRAPPC9,gene_assignment,True
8153201,EIF2C2,gene_assignment,True
8153223,PTK2,gene_assignment,True
8153258,BC033223,gene_assignment,True
8153262,SLC45A4,gene_assignment,True
8153269,GPR20,gene_assignment,True
8153273,FLJ43860,gene_assignment,True
8153304,TSNARE1,gene_assignment,True
8153320,,,False
8153322,ARC,gene_assignment,True
8153328,JRK,gene_assignment,True
8153334,PSCA,gene_assignment,True
8153336,SLURP1,gene_assignment,True
8153342,LYPD2,gene_assignment,True
8153346,LYNX1,gene_assignment,True
8153359,LY6D,gene_assignment,True
8153363,CYP11B1,gene_assignment,True
8153373,CYP11B2,gene_assignment,True
8153380,LY6H,gene_assignment,True
8153390,TOP1MT,gene_assignment,True
8153405,C8ORF51,gene_assignment,True
8153409,MAFA,gene_assignment,True
8153411,ZC3H3,gene_assignment,True
8153424,C8ORF73,gene_assignment,True
8153426,C8ORF73,gene_assignment,True
8153430,NAPRT1,gene_assignment,True
8153449,EEF1D,gene_assignment,True
8153457,AY358690,gene_assignment,True
8153459,PYCRL,gene_assignment,True
8153474,TSTA3,gene_assignment,True
8153486,LOC100130274,gene_assignment,True
8153488,FAM83H,gene_assignment,True
8153497,SCRIB,gene_assignment,True
8153536,PUF60,gene_assignment,True
8153550,NRBP2,gene_assignment,True
8153568,PLEC,gene_assignment,True
8153609,PARP10,gene_assignment,True
8153625,OPLAH,gene_assignment,True
8153652,SHARPIN,gene_assignment,True
8153664,BOP1,gene_assignment,True
8153678,BOP1,gene_assignment,True
8153684,DGAT1,gene_assignment,True
8153704,SCRT1,gene_assignment,True
8153709,FBXL6,gene_assignment,True
8153727,CPSF1,gene_assignment,True
8153762,SLC39A4,gene_assignment,True
8153776,VPS28,gene_assignment,True
8153790,NFKBIL2,gene_assignment,True
8153819,CYHR1,gene_assignment,True
8153823,CYHR1,gene_assignment,True
8153828,FOXH1,gene_assignment,True
8153835,PPP1R16A,gene_assignment,True
8153838,RECQL4,gene_assignment,True
8153862,LRRC24,gene_assignment,True
8153868,LRRC24,gene_assignment,True
8153876,ARHGAP39,gene_assignment,True
8153890,ZNF251,gene_assignment,True
8153896,ZNF34,gene_assignment,True
8153903,RPL8,gene_assignment,True
8153911,COMMD5,gene_assignment,True
8153920,ZNF250,gene_assignment,True
8153930,ZNF16,gene_assignment,True
8153935,ZNF252,gene_assignment,True
8153937,SCRT1,gene_assignment,True
8153939,DGAT1,gene_assignment,True
8153959,DOCK8,gene_assignment,True
8154012,KANK1,gene_assignment,True
8154034,DMRT1,gene_assignment,True
8154043,DMRT3,gene_assignment,True
8154047,DMRT2,gene_assignment,True
8154057,,,False
8154059,SMARCA2,gene_assignment,True
8154100,VLDLR,gene_assignment,True
8154124,KCNV2,gene_assignment,True
8154128,DQ246450,gene_assignment,True
8154130,,,False
8154132,C9ORF70,gene_assignment,True
8154135,SLC1A1,gene_assignment,True
8154151,PPAPDC2,gene_assignment,True
8154153,CDC37L1,gene_assignment,True
8154163,RCL1,gene_assignment,True
8154176,MIR101-2,gene_assignment,True
8154178,JAK2,gene_assignment,True
8154229,INSL4,gene_assignment,True
8154233,CD274,gene_assignment,True
8154245,PDCD1LG2,gene_assignment,True
8154254,KIAA1432,gene_assignment,True
8154283,,,False
8154285,MLANA,gene_assignment,True
8154295,IL33,gene_assignment,True
8154305,SELT,gene_assignment,True
8154307,TPD52L3,gene_assignment,True
8154316,UHRF2,gene_assignment,True
8154333,KDM4C,gene_assignment,True
8154357,,,False
8154359,AY779046,gene_assignment,True
8154363,RPS26,gene_assignment,True
8154365,,,False
8154367,TYRP1,gene_assignment,True
8154381,C9ORF150,gene_assignment,True
8154386,,,False
8154388,,,False
8154392,,,False
8154394,SNAPC3,gene_assignment,True
8154414,,,False
8154416,AY422473,gene_assignment,True
8154447,,,False
8154449,CNTLN,gene_assignment,True
8154476,SH3GL2,gene_assignment,True
8154491,ADAMTSL1,gene_assignment,True
8154512,ADAMTSL1,gene_assignment,True
8154523,RRAGA,gene_assignment,True
8154529,,,False
8154531,DENND4C,gene_assignment,True
8154563,ACER2,gene_assignment,True
8154572,,,False
8154574,KIAA1797,gene_assignment,True
8154620,,,False
8154622,IFNA8,gene_assignment,True
8154627,IFNA1,gene_assignment,True
8154635,MTAP,gene_assignment,True
8154654,C9ORF53,gene_assignment,True
8154656,DMRTA1,gene_assignment,True
8154660,,,False
8154662,,,False
8154670,IFT74,gene_assignment,True
8154692,TEK,gene_assignment,True
8154719,,,False
8154721,IFNK,gene_assignment,True
8154725,KRT18,gene_assignment,True
8154727,AF091236,gene_assignment,True
8154733,ACO1,gene_assignment,True
8154760,TMEM215,gene_assignment,True
8154765,DNAJA1,gene_assignment,True
8154779,SPINK4,gene_assignment,True
8154785,CHMP5,gene_assignment,True
8154793,NFX1,gene_assignment,True
8154823,ENST00000290943,gene_assignment,True
8154836,ANXA2P2,gene_assignment,True
8154838,ENST00000331828,gene_assignment,True
8154841,ENST00000390389,gene_assignment,True
8154844,,,False
8154848,PRSS3,gene_assignment,True
8154856,UBE2R2,gene_assignment,True
8154866,,,False
8154870,,,False
8154872,UBAP1,gene_assignment,True
8154885,NUDT2,gene_assignment,True
8154892,DNAI1,gene_assignment,True
8154916,GALT,gene_assignment,True
8154934,IL11RA,gene_assignment,True
8154951,GLUL,gene_assignment,True
8154953,KIAA1045,gene_assignment,True
8154962,DNAJB5,gene_assignment,True
8154973,C9ORF131,gene_assignment,True
8154979,,,False
8154981,UNC13B,gene_assignment,True
8155024,,,False
8155026,ATP8B5P,gene_assignment,True
8155048,RUSC2,gene_assignment,True
8155062,TESK1,gene_assignment,True
8155073,CCDC107,gene_assignment,True
8155081,,,False
8155083,CA9,gene_assignment,True
8155096,CREB3,gene_assignment,True
8155110,RGP1,gene_assignment,True
8155121,NPR2,gene_assignment,True
8155148,TMEM8B,gene_assignment,True
8155167,HRCT1,gene_assignment,True
8155169,RECK,gene_assignment,True
8155192,GLIPR2,gene_assignment,True
8155200,CCIN,gene_assignment,True
8155203,CLTA,gene_assignment,True
8155212,,,False
8155214,MELK,gene_assignment,True
8155234,ZCCHC7,gene_assignment,True
8155246,,,False
8155248,,,False
8155250,GRHPR,gene_assignment,True
8155265,,,False
8155268,POLR1E,gene_assignment,True
8155284,FRMPD1,gene_assignment,True
8155301,RG9MTD3,gene_assignment,True
8155312,DCAF10,gene_assignment,True
8155323,,,False
8155325,,,False
8155327,ALDH1B1,gene_assignment,True
8155332,C7ORF70,gene_assignment,True
8155340,FAM75A7,gene_assignment,True
8155345,FAM74A3,gene_assignment,True
8155349,FAM75A7,gene_assignment,True
8155354,FAM74A3,gene_assignment,True
8155359,CNTNAP3,gene_assignment,True
8155371,FAM75A7,gene_assignment,True
8155376,FAM74A3,gene_assignment,True
8155383,FAM75A7,gene_assignment,True
8155388,FAM74A3,gene_assignment,True
8155393,AK292642,gene_assignment,True
8155397,ANKRD20A3,gene_assignment,True
8155414,ANKRD20B,gene_assignment,True
8155418,AL833349,gene_assignment,True
8155422,BC043420,gene_assignment,True
8155440,FOXD4L2,gene_assignment,True
8155442,AQP7P1,gene_assignment,True
8155451,,,False
8155453,,,False
8155455,AK126863,gene_assignment,True
8155458,D14041,gene_assignment,True
8155460,CNTNAP3,gene_assignment,True
8155487,KGFLP1,gene_assignment,True
8155490,AK292642,gene_assignment,True
8155493,,,False
8155497,FAM27C,gene_assignment,True
8155501,,,False
8155503,BC006438,gene_assignment,True
8155510,FAM27A,gene_assignment,True
8155514,BC032035,gene_assignment,True
8155516,BC006438,gene_assignment,True
8155519,,,False
8155521,FAM27A,gene_assignment,True
8155525,BC006438,gene_assignment,True
8155530,KGFLP2,gene_assignment,True
8155537,,,False
8155540,CNTNAP3,gene_assignment,True
8155547,LOC442421,gene_assignment,True
8155550,AK292642,gene_assignment,True
8155554,AQP7P1,gene_assignment,True
8155563,MTHFD1L,gene_assignment,True
8155567,,,False
8155569,BC119675,gene_assignment,True
8155572,FAM27A,gene_assignment,True
8155574,ANKRD20A1,gene_assignment,True
8155591,ANKRD20B,gene_assignment,True
8155596,,,False
8155602,ANKRD20A2,gene_assignment,True
8155627,AL833349,gene_assignment,True
8155630,MTHFD1L,gene_assignment,True
8155634,LOC441666,gene_assignment,True
8155636,CBWD3,gene_assignment,True
8155661,FOXD4L3,gene_assignment,True
8155665,PGM5,gene_assignment,True
8155673,PIP5K1B,gene_assignment,True
8155696,FAM122A,gene_assignment,True
8155699,FXN,gene_assignment,True
8155707,TJP2,gene_assignment,True
8155734,FAM189A2,gene_assignment,True
8155747,C9ORF135,gene_assignment,True
8155754,MAMDC2,gene_assignment,True
8155770,SMC5,gene_assignment,True
8155794,C9ORF85,gene_assignment,True
8155802,GDA,gene_assignment,True
8155824,TMC1,gene_assignment,True
8155847,,,False
8155849,ANXA1,gene_assignment,True
8155864,RORB,gene_assignment,True
8155877,,,False
8155883,OSTF1,gene_assignment,True
8155896,,,False
8155898,PCSK5,gene_assignment,True
8155930,GCNT1,gene_assignment,True
8155942,FOXB2,gene_assignment,True
8155944,,,False
8155946,VPS13A,gene_assignment,True
8156022,AK129705,gene_assignment,True
8156024,,,False
8156026,CEP78,gene_assignment,True
8156043,PSAT1,gene_assignment,True
8156058,,,False
8156060,TLE4,gene_assignment,True
8156088,,,False
8156090,FAM75D5,gene_assignment,True
8156098,FAM75D4,gene_assignment,True
8156103,FAM75D1,gene_assignment,True
8156112,,,False
8156116,C9ORF103,gene_assignment,True
8156126,RMI1,gene_assignment,True
8156132,,,False
8156134,NTRK2,gene_assignment,True
8156160,KIF27,gene_assignment,True
8156164,KIF27,gene_assignment,True
8156167,NAA35,gene_assignment,True
8156192,AK096255,gene_assignment,True
8156194,AK096255,gene_assignment,True
8156196,C9ORF170,gene_assignment,True
8156199,DAPK1,gene_assignment,True
8156228,CTSL1,gene_assignment,True
8156240,CTSL3,gene_assignment,True
8156247,C9ORF79,gene_assignment,True
8156253,FAM75C1,gene_assignment,True
8156257,FAM75C1,gene_assignment,True
8156263,SPIN1,gene_assignment,True
8156274,NXNL2,gene_assignment,True
8156278,S1PR3,gene_assignment,True
8156290,CKS2,gene_assignment,True
8156295,SECISBP2,gene_assignment,True
8156309,GADD45G,gene_assignment,True
8156319,MGC72080,gene_assignment,True
8156321,SYK,gene_assignment,True
8156341,CENPP,gene_assignment,True
8156360,ANKRD19,gene_assignment,True
8156373,FGD3,gene_assignment,True
8156393,SUSD3,gene_assignment,True
8156404,C9ORF89,gene_assignment,True
8156415,WNK2,gene_assignment,True
8156450,,,False
8156452,FAM120A,gene_assignment,True
8156476,PHF2,gene_assignment,True
8156506,PTPDC1,gene_assignment,True
8156519,MIRLET7A1,gene_assignment,True
8156521,MIRLET7F1,gene_assignment,True
8156523,MIRLET7D,gene_assignment,True
8156525,,,False
8156529,ZNF169,gene_assignment,True
8156538,HIATL1,gene_assignment,True
8156547,,,False
8156549,C9ORF3,gene_assignment,True
8156569,MIR23B,gene_assignment,True
8156571,MIR27B,gene_assignment,True
8156573,MIR24-1,gene_assignment,True
8156575,ATMIN,gene_assignment,True
8156577,,,False
8156581,C9ORF102,gene_assignment,True
8156599,,,False
8156601,AL133663,gene_assignment,True
8156604,BC022957,gene_assignment,True
8156610,HABP4,gene_assignment,True
8156620,FAM22G,gene_assignment,True
8156633,C9ORF174,gene_assignment,True
8156688,TDRD7,gene_assignment,True
8156706,TMOD1,gene_assignment,True
8156718,NCBP1,gene_assignment,True
8156743,FOXE1,gene_assignment,True
8156748,,,False
8156750,ANP32B,gene_assignment,True
8156759,,,False
8156761,NANS,gene_assignment,True
8156770,GALNT12,gene_assignment,True
8156783,COL15A1,gene_assignment,True
8156826,TGFBR1,gene_assignment,True
8156838,SEC61B,gene_assignment,True
8156844,,,False
8156846,,,False
8156848,NR4A3,gene_assignment,True
8156861,STX17,gene_assignment,True
8156873,INVS,gene_assignment,True
8156895,,,False
8156897,BC008993,gene_assignment,True
8156905,TMEFF1,gene_assignment,True
8156919,MURC,gene_assignment,True
8156923,LPPR1,gene_assignment,True
8156935,ZNF189,gene_assignment,True
8156945,RNF20,gene_assignment,True
8156969,,,False
8156971,CYLC2,gene_assignment,True
8156982,SMC2,gene_assignment,True
8157012,OR13F1,gene_assignment,True
8157014,OR13C8,gene_assignment,True
8157016,OR13D1,gene_assignment,True
8157018,,,False
8157021,NIPSNAP3A,gene_assignment,True
8157027,NIPSNAP3B,gene_assignment,True
8157036,,,False
8157038,SLC44A1,gene_assignment,True
8157058,FSD1L,gene_assignment,True
8157074,FKTN,gene_assignment,True
8157090,TAL2,gene_assignment,True
8157092,TMEM38B,gene_assignment,True
8157101,,,False
8157103,,,False
8157105,ZNF462,gene_assignment,True
8157125,RAD23B,gene_assignment,True
8157139,,,False
8157141,ACTL7A,gene_assignment,True
8157144,C9ORF6,gene_assignment,True
8157151,,,False
8157153,PALM2-AKAP2,gene_assignment,True
8157173,MUSK,gene_assignment,True
8157189,,,False
8157191,,,False
8157193,ZNF483,gene_assignment,True
8157203,DNAJC25,gene_assignment,True
8157214,,,False
8157216,UGCG,gene_assignment,True
8157227,,,False
8157229,,,False
8157231,,,False
8157233,HSDL2,gene_assignment,True
8157246,BC105048,gene_assignment,True
8157253,SNX30,gene_assignment,True
8157264,SLC31A2,gene_assignment,True
8157270,SLC31A1,gene_assignment,True
8157283,PRPF4,gene_assignment,True
8157300,BSPRY,gene_assignment,True
8157308,BC026884,gene_assignment,True
8157324,RGS3,gene_assignment,True
8157362,ZNF618,gene_assignment,True
8157381,ZNF618,gene_assignment,True
8157383,COL27A1,gene_assignment,True
8157444,MIR455,gene_assignment,True
8157446,ORM1,gene_assignment,True
8157450,ORM2,gene_assignment,True
8157454,ATP6V1G1,gene_assignment,True
8157463,C9ORF91,gene_assignment,True
8157477,DEC1,gene_assignment,True
8157487,PAPPA,gene_assignment,True
8157516,TRIM32,gene_assignment,True
8157520,,,False
8157522,,,False
8157524,TLR4,gene_assignment,True
8157534,CEP110,gene_assignment,True
8157580,,,False
8157582,GSN,gene_assignment,True
8157605,,,False
8157608,,,False
8157610,DAB2IP,gene_assignment,True
8157632,MORN5,gene_assignment,True
8157638,MRRF,gene_assignment,True
8157650,PTGS1,gene_assignment,True
8157668,OR1J2,gene_assignment,True
8157671,OR1J4,gene_assignment,True
8157674,OR1N2,gene_assignment,True
8157677,,,False
8157679,OR1Q1,gene_assignment,True
8157681,OR1L1,gene_assignment,True
8157684,OR1L3,gene_assignment,True
8157686,OR1L4,gene_assignment,True
8157688,OR1L6,gene_assignment,True
8157691,SKA2,gene_assignment,True
8157696,OR5C1,gene_assignment,True
8157698,OR1K1,gene_assignment,True
8157700,RABGAP1,gene_assignment,True
8157727,GPR21,gene_assignment,True
8157729,,,False
8157731,CRB2,gene_assignment,True
8157751,LHX2,gene_assignment,True
8157761,NEK6,gene_assignment,True
8157777,GPR144,gene_assignment,True
8157798,,,False
8157800,MIR181A2,gene_assignment,True
8157802,MIR181B2,gene_assignment,True
8157804,OLFML2A,gene_assignment,True
8157818,WDR38,gene_assignment,True
8157828,ARPC5L,gene_assignment,True
8157841,,,False
8157843,RABEPK,gene_assignment,True
8157858,GAPVD1,gene_assignment,True
8157890,PBX3,gene_assignment,True
8157905,FAM125B,gene_assignment,True
8157922,LMX1B,gene_assignment,True
8157933,ZBTB43,gene_assignment,True
8157939,ZBTB34,gene_assignment,True
8157941,ZBTB34,gene_assignment,True
8157945,ZBTB34,gene_assignment,True
8157947,ZBTB34,gene_assignment,True
8157949,RALGPS1,gene_assignment,True
8157976,GARNL3,gene_assignment,True
8158009,SLC2A8,gene_assignment,True
8158022,ZNF79,gene_assignment,True
8158028,LRSAM1,gene_assignment,True
8158057,,,False
8158059,STXBP1,gene_assignment,True
8158081,ENST00000419060,gene_assignment,True
8158094,TTC16,gene_assignment,True
8158112,CDK9,gene_assignment,True
8158123,FPGS,gene_assignment,True
8158145,,,False
8158147,SLC25A25,gene_assignment,True
8158164,LOC389791,gene_assignment,True
8158167,LCN2,gene_assignment,True
8158177,C9ORF16,gene_assignment,True
8158183,DNM1,gene_assignment,True
8158204,C9ORF119,gene_assignment,True
8158212,,,False
8158214,COQ4,gene_assignment,True
8158224,SLC27A4,gene_assignment,True
8158240,TMSB4X,gene_assignment,True
8158242,URM1,gene_assignment,True
8158250,CERCAM,gene_assignment,True
8158269,ODF2,gene_assignment,True
8158298,GLE1,gene_assignment,True
8158317,SPTAN1,gene_assignment,True
8158372,SET,gene_assignment,True
8158380,PKN3,gene_assignment,True
8158404,,,False
8158406,TBC1D13,gene_assignment,True
8158418,ENDOG,gene_assignment,True
8158424,LRRC8A,gene_assignment,True
8158431,PHYHD1,gene_assignment,True
8158446,NUP188,gene_assignment,True
8158492,BC009114,gene_assignment,True
8158513,DOLPP1,gene_assignment,True
8158523,PPP2R4,gene_assignment,True
8158539,C9ORF106,gene_assignment,True
8158542,AK092192,gene_assignment,True
8158544,METTL11A,gene_assignment,True
8158554,PRRX2,gene_assignment,True
8158560,TOR1B,gene_assignment,True
8158568,USP20,gene_assignment,True
8158597,GPR107,gene_assignment,True
8158625,AK125285,gene_assignment,True
8158627,NCS1,gene_assignment,True
8158637,AL834139,gene_assignment,True
8158664,,,False
8158666,ENST00000302481,gene_assignment,True
8158671,ASS1,gene_assignment,True
8158684,,,False
8158686,FUBP3,gene_assignment,True
8158708,PRDM12,gene_assignment,True
8158714,EXOSC2,gene_assignment,True
8158725,ABL1,gene_assignment,True
8158739,LAMC3,gene_assignment,True
8158771,AIF1L,gene_assignment,True
8158783,NUP214,gene_assignment,True
8158825,PPAPDC3,gene_assignment,True
8158829,BAT2L1,gene_assignment,True
8158839,BAT2L1,gene_assignment,True
8158862,SNORD62A,gene_assignment,True
8158864,SNORD62A,gene_assignment,True
8158866,POMT1,gene_assignment,True
8158890,NTNG2,gene_assignment,True
8158902,BC118593,gene_assignment,True
8158912,BARHL1,gene_assignment,True
8158918,GTF3C4,gene_assignment,True
8158930,C9ORF9,gene_assignment,True
8158939,GFI1B,gene_assignment,True
8158952,EEF1A1,gene_assignment,True
8158961,GTF3C5,gene_assignment,True
8158976,CEL,gene_assignment,True
8158987,CELP,gene_assignment,True
8158991,,,False
8158993,,,False
8158995,LCN1,gene_assignment,True
8158998,SNORD36C,gene_assignment,True
8159004,SNORD24,gene_assignment,True
8159006,SNORD36B,gene_assignment,True
8159008,SURF2,gene_assignment,True
8159017,C9ORF96,gene_assignment,True
8159036,ADAMTS13,gene_assignment,True
8159078,C9ORF7,gene_assignment,True
8159086,ADAMTSL2,gene_assignment,True
8159096,DBH,gene_assignment,True
8159109,NCRNA00094,gene_assignment,True
8159111,WDR5,gene_assignment,True
8159127,RXRA,gene_assignment,True
8159142,COL5A1,gene_assignment,True
8159211,FCN2,gene_assignment,True
8159220,OLFM1,gene_assignment,True
8159235,AK127261,gene_assignment,True
8159239,BC034752,gene_assignment,True
8159243,KIAA0649,gene_assignment,True
8159249,MRPS2,gene_assignment,True
8159255,LCN1,gene_assignment,True
8159259,OBP2A,gene_assignment,True
8159265,PAEP,gene_assignment,True
8159275,LCN9,gene_assignment,True
8159283,KCNT1,gene_assignment,True
8159318,GPSM1,gene_assignment,True
8159337,PMPCA,gene_assignment,True
8159350,C9ORF163,gene_assignment,True
8159354,EGFL7,gene_assignment,True
8159371,MIR126,gene_assignment,True
8159373,FAM69B,gene_assignment,True
8159379,TMEM141,gene_assignment,True
8159385,KIAA1984,gene_assignment,True
8159415,C9ORF86,gene_assignment,True
8159439,C9ORF172,gene_assignment,True
8159441,PHPT1,gene_assignment,True
8159448,MAMDC4,gene_assignment,True
8159476,TRAF2,gene_assignment,True
8159491,C8G,gene_assignment,True
8159501,LCN12,gene_assignment,True
8159519,ENST00000371629,gene_assignment,True
8159521,PTGDS,gene_assignment,True
8159531,LCNL1,gene_assignment,True
8159541,BC002613,gene_assignment,True
8159549,FUT7,gene_assignment,True
8159554,UAP1L1,gene_assignment,True
8159566,MAN1B1,gene_assignment,True
8159581,,,False
8159583,GRIN1,gene_assignment,True
8159609,SSNA1,gene_assignment,True
8159616,NDOR1,gene_assignment,True
8159624,C9ORF169,gene_assignment,True
8159627,SLC34A3,gene_assignment,True
8159642,TUBB2C,gene_assignment,True
8159646,C9ORF173,gene_assignment,True
8159654,COBRA1,gene_assignment,True
8159667,C9ORF167,gene_assignment,True
8159670,NOXA1,gene_assignment,True
8159687,MRPL41,gene_assignment,True
8159692,ARRDC1,gene_assignment,True
8159702,EHMT1,gene_assignment,True
8159732,FLJ40292,gene_assignment,True
8159734,CACNA1B,gene_assignment,True
8159786,TUBBP5,gene_assignment,True
8159790,WASH1,gene_assignment,True
8159803,FAM138A,gene_assignment,True
8159808,FOXD4,gene_assignment,True
8159815,CBWD1,gene_assignment,True
8159838,C9ORF66,gene_assignment,True
8159848,,,False
8159850,VLDLR,gene_assignment,True
8159854,KIAA0020,gene_assignment,True
8159873,,,False
8159876,RFX3,gene_assignment,True
8159900,GLIS3,gene_assignment,True
8159917,,,False
8159919,C9ORF68,gene_assignment,True
8159945,AK3,gene_assignment,True
8159957,,,False
8159959,,,False
8159971,INSL6,gene_assignment,True
8159977,RLN2,gene_assignment,True
8159981,RLN1,gene_assignment,True
8159984,C9ORF46,gene_assignment,True
8159992,ERMP1,gene_assignment,True
8160011,KIAA2026,gene_assignment,True
8160016,RANBP6,gene_assignment,True
8160020,AF090921,gene_assignment,True
8160024,GLDC,gene_assignment,True
8160033,SNRPE,gene_assignment,True
8160036,C9ORF123,gene_assignment,True
8160040,PTPRD,gene_assignment,True
8160084,,,False
8160088,MPDZ,gene_assignment,True
8160138,NFIB,gene_assignment,True
8160151,ZDHHC21,gene_assignment,True
8160163,CER1,gene_assignment,True
8160168,FREM1,gene_assignment,True
8160213,TTC39B,gene_assignment,True
8160238,PSIP1,gene_assignment,True
8160256,,,False
8160258,,,False
8160260,BNC2,gene_assignment,True
8160274,AK021795,gene_assignment,True
8160278,FAM154A,gene_assignment,True
8160284,HAUS6,gene_assignment,True
8160295,SCARNA8,gene_assignment,True
8160297,PLIN2,gene_assignment,True
8160308,RPS6,gene_assignment,True
8160317,,,False
8160321,SLC24A2,gene_assignment,True
8160332,MLLT3,gene_assignment,True
8160346,PTPLAD2,gene_assignment,True
8160360,IFNB1,gene_assignment,True
8160365,IFNW1,gene_assignment,True
8160371,IFNA21,gene_assignment,True
8160377,IFNA4,gene_assignment,True
8160383,IFNA14,gene_assignment,True
8160389,IFNA10,gene_assignment,True
8160392,IFNA16,gene_assignment,True
8160394,IFNA17,gene_assignment,True
8160401,IFNA5,gene_assignment,True
8160405,KLHL9,gene_assignment,True
8160417,IFNA6,gene_assignment,True
8160419,IFNA13,gene_assignment,True
8160422,IFNA2,gene_assignment,True
8160431,LOC554202,gene_assignment,True
8160435,IFNE,gene_assignment,True
8160439,MIR31,gene_assignment,True
8160441,CDKN2A,gene_assignment,True
8160452,CDKN2B,gene_assignment,True
8160459,ELAVL2,gene_assignment,True
8160470,,,False
8160472,TUSC1,gene_assignment,True
8160478,C9ORF82,gene_assignment,True
8160487,PLAA,gene_assignment,True
8160504,LRRC19,gene_assignment,True
8160511,C9ORF11,gene_assignment,True
8160521,MOBKL2B,gene_assignment,True
8160531,C9ORF72,gene_assignment,True
8160546,LINGO2,gene_assignment,True
8160555,,,False
8160557,,,False
8160559,DDX58,gene_assignment,True
8160581,TOPORS,gene_assignment,True
8160587,NDUFB6,gene_assignment,True
8160597,TAF1L,gene_assignment,True
8160602,APTX,gene_assignment,True
8160622,SMU1,gene_assignment,True
8160637,B4GALT1,gene_assignment,True
8160647,BAG1,gene_assignment,True
8160661,,,False
8160663,AQP7,gene_assignment,True
8160670,AQP3,gene_assignment,True
8160682,NOL6,gene_assignment,True
8160712,SUGT1P1,gene_assignment,True
8160718,PTENP1,gene_assignment,True
8160722,UBAP2,gene_assignment,True
8160756,DCAF12,gene_assignment,True
8160767,,,False
8160771,KIF24,gene_assignment,True
8160784,,,False
8160786,KIAA1161,gene_assignment,True
8160792,C9ORF24,gene_assignment,True
8160803,,,False
8160805,C9ORF25,gene_assignment,True
8160816,ENHO,gene_assignment,True
8160823,CNTFR,gene_assignment,True
8160835,C9ORF23,gene_assignment,True
8160839,DCTN3,gene_assignment,True
8160849,ARID3C,gene_assignment,True
8160857,SIGMAR1,gene_assignment,True
8160870,CCL27,gene_assignment,True
8160879,CCL19,gene_assignment,True
8160889,CCL21,gene_assignment,True
8160898,C9ORF144B,gene_assignment,True
8160900,C9ORF144,gene_assignment,True
8160906,,,False
8160912,C9ORF131,gene_assignment,True
8160914,VCP,gene_assignment,True
8160935,FANCG,gene_assignment,True
8160953,PIGO,gene_assignment,True
8160968,STOML2,gene_assignment,True
8160981,BC004406,gene_assignment,True
8161000,,,False
8161004,CD72,gene_assignment,True
8161017,SIT1,gene_assignment,True
8161024,RMRP,gene_assignment,True
8161026,C9ORF100,gene_assignment,True
8161044,TPM2,gene_assignment,True
8161056,TLN1,gene_assignment,True
8161114,GBA2,gene_assignment,True
8161133,SPAG8,gene_assignment,True
8161147,HINT2,gene_assignment,True
8161154,C9ORF128,gene_assignment,True
8161164,OR13J1,gene_assignment,True
8161166,OR2S2,gene_assignment,True
8161169,,,False
8161171,,,False
8161174,GNE,gene_assignment,True
8161190,LOC646993,gene_assignment,True
8161192,RNF38,gene_assignment,True
8161211,PAX5,gene_assignment,True
8161224,ZBTB5,gene_assignment,True
8161229,FBXO10,gene_assignment,True
8161238,U66622,gene_assignment,True
8161240,,,False
8161242,EXOSC3,gene_assignment,True
8161249,MCART1,gene_assignment,True
8161255,SHB,gene_assignment,True
8161265,IGFBPL1,gene_assignment,True
8161270,ANKRD18A,gene_assignment,True
8161288,CNTNAP3,gene_assignment,True
8161319,ZNF658,gene_assignment,True
8161326,ZNF658,gene_assignment,True
8161337,FAM74A3,gene_assignment,True
8161341,FAM75A7,gene_assignment,True
8161346,ZNF658,gene_assignment,True
8161353,AK292642,gene_assignment,True
8161362,KGFLP2,gene_assignment,True
8161368,BC006438,gene_assignment,True
8161371,BC006438,gene_assignment,True
8161373,,,False
8161375,,,False
8161377,MTHFD1L,gene_assignment,True
8161381,AL833349,gene_assignment,True
8161384,ENST00000456982,gene_assignment,True
8161388,ANKRD20A3,gene_assignment,True
8161405,,,False
8161407,FAM74A3,gene_assignment,True
8161409,FAM75A7,gene_assignment,True
8161415,ENST00000456982,gene_assignment,True
8161418,GPR116,gene_assignment,True
8161423,KGFLP1,gene_assignment,True
8161426,BC119675,gene_assignment,True
8161429,,,False
8161431,,,False
8161433,,,False
8161437,BC119675,gene_assignment,True
8161440,,,False
8161442,ENST00000417276,gene_assignment,True
8161444,,,False
8161446,BC032035,gene_assignment,True
8161451,AK292642,gene_assignment,True
8161455,KGFLP1,gene_assignment,True
8161458,KGFLP2,gene_assignment,True
8161460,CNTNAP3,gene_assignment,True
8161467,FAM74A3,gene_assignment,True
8161471,FAM75A7,gene_assignment,True
8161476,,,False
8161478,KGFLP2,gene_assignment,True
8161482,,,False
8161484,MTHFD1L,gene_assignment,True
8161488,AQP7P1,gene_assignment,True
8161499,BC032035,gene_assignment,True
8161503,FAM27A,gene_assignment,True
8161509,FRG1,gene_assignment,True
8161513,PGM5P2,gene_assignment,True
8161520,PGM5P2,gene_assignment,True
8161526,AK127288,gene_assignment,True
8161533,FOXD4L6,gene_assignment,True
8161537,CBWD3,gene_assignment,True
8161554,,,False
8161556,,,False
8161558,AQP7P1,gene_assignment,True
8161563,,,False
8161566,,,False
8161568,,,False
8161571,FOXD4L2,gene_assignment,True
8161575,BC043420,gene_assignment,True
8161580,,,False
8161583,FOXD4L2,gene_assignment,True
8161587,CBWD3,gene_assignment,True
8161610,C9ORF71,gene_assignment,True
8161615,PRKACG,gene_assignment,True
8161618,APBA1,gene_assignment,True
8161632,PTAR1,gene_assignment,True
8161644,,,False
8161646,,,False
8161648,KLF9,gene_assignment,True
8161654,TRPM3,gene_assignment,True
8161693,,,False
8161695,MIR204,gene_assignment,True
8161697,,,False
8161701,TMEM2,gene_assignment,True
8161727,FAM108B1,gene_assignment,True
8161737,,,False
8161739,C9ORF57,gene_assignment,True
8161747,ZFAND5,gene_assignment,True
8161755,ALDH1A1,gene_assignment,True
8161774,TRPM6,gene_assignment,True
8161824,C9ORF40,gene_assignment,True
8161829,BC034033,gene_assignment,True
8161839,C9ORF95,gene_assignment,True
8161852,,,False
8161854,,,False
8161857,RFK,gene_assignment,True
8161863,,,False
8161865,PRUNE2,gene_assignment,True
8161884,PRUNE2,gene_assignment,True
8161892,GNA14,gene_assignment,True
8161904,,,False
8161906,GNAQ,gene_assignment,True
8161915,,,False
8161919,TLE1,gene_assignment,True
8161938,,,False
8161943,BC047037,gene_assignment,True
8161945,RASEF,gene_assignment,True
8161964,FRMD3,gene_assignment,True
8161986,,,False
8161988,UBQLN1,gene_assignment,True
8162006,GKAP1,gene_assignment,True
8162019,KIF27,gene_assignment,True
8162039,C9ORF64,gene_assignment,True
8162047,HNRNPK,gene_assignment,True
8162059,SLC28A3,gene_assignment,True
8162080,,,False
8162082,,,False
8162084,,,False
8162086,AGTPBP1,gene_assignment,True
8162117,GOLM1,gene_assignment,True
8162132,BC108665,gene_assignment,True
8162140,,,False
8162142,ISCA1,gene_assignment,True
8162147,ZCCHC6,gene_assignment,True
8162177,,,False
8162179,GAS1,gene_assignment,True
8162183,LOC440173,gene_assignment,True
8162187,LOC494127,gene_assignment,True
8162191,ENST00000399186,gene_assignment,True
8162194,CDK20,gene_assignment,True
8162214,FAM75C2,gene_assignment,True
8162216,SHC3,gene_assignment,True
8162231,SEMA4D,gene_assignment,True
8162236,SEMA4D,gene_assignment,True
8162247,,,False
8162249,,,False
8162254,DIRAS2,gene_assignment,True
8162260,,,False
8162264,AUH,gene_assignment,True
8162276,NFIL3,gene_assignment,True
8162283,ROR2,gene_assignment,True
8162294,SPTLC1,gene_assignment,True
8162311,,,False
8162313,IARS,gene_assignment,True
8162352,NOL8,gene_assignment,True
8162373,OGN,gene_assignment,True
8162388,OMD,gene_assignment,True
8162394,ASPN,gene_assignment,True
8162404,ECM2,gene_assignment,True
8162421,IPPK,gene_assignment,True
8162438,BICD2,gene_assignment,True
8162449,ZNF484,gene_assignment,True
8162455,NINJ1,gene_assignment,True
8162462,FAM120A,gene_assignment,True
8162466,FAM120AOS,gene_assignment,True
8162472,BARX1,gene_assignment,True
8162479,FAM22F,gene_assignment,True
8162490,,,False
8162492,FBP2,gene_assignment,True
8162502,FBP1,gene_assignment,True
8162514,FANCC,gene_assignment,True
8162529,,,False
8162531,,,False
8162533,PTCH1,gene_assignment,True
8162562,C9ORF130,gene_assignment,True
8162568,,,False
8162570,HSD17B3,gene_assignment,True
8162584,,,False
8162586,SLC35D2,gene_assignment,True
8162601,ZNF367,gene_assignment,True
8162610,CDC14B,gene_assignment,True
8162624,C9ORF21,gene_assignment,True
8162631,ZNF510,gene_assignment,True
8162639,ZNF782,gene_assignment,True
8162645,HIATL2,gene_assignment,True
8162652,CTSL2,gene_assignment,True
8162664,AY358791,gene_assignment,True
8162669,ZNF322A,gene_assignment,True
8162674,LOC286359,gene_assignment,True
8162676,TSTD2,gene_assignment,True
8162696,XPA,gene_assignment,True
8162706,C9ORF156,gene_assignment,True
8162719,HEMGN,gene_assignment,True
8162729,TRIM14,gene_assignment,True
8162744,CORO2A,gene_assignment,True
8162759,TBC1D2,gene_assignment,True
8162777,GABBR2,gene_assignment,True
8162803,ANKS6,gene_assignment,True
8162827,ALG2,gene_assignment,True
8162833,ERP44,gene_assignment,True
8162848,,,False
8162850,TEX10,gene_assignment,True
8162868,,,False
8162870,BAAT,gene_assignment,True
8162880,MRPL50,gene_assignment,True
8162884,ALDOB,gene_assignment,True
8162902,C9ORF125,gene_assignment,True
8162908,GRIN3A,gene_assignment,True
8162920,PPP3R2,gene_assignment,True
8162929,OR13C4,gene_assignment,True
8162931,OR13C3,gene_assignment,True
8162934,OR13C5,gene_assignment,True
8162936,OR13C2,gene_assignment,True
8162938,OR13C9,gene_assignment,True
8162940,ABCA1,gene_assignment,True
8162996,,,False
8162998,,,False
8163000,,,False
8163002,KLF4,gene_assignment,True
8163011,,,False
8163013,,,False
8163015,,,False
8163017,,,False
8163019,ACTL7B,gene_assignment,True
8163023,IKBKAP,gene_assignment,True
8163063,CTNNAL1,gene_assignment,True
8163084,,,False
8163086,C9ORF5,gene_assignment,True
8163105,,,False
8163107,MIR32,gene_assignment,True
8163109,C9ORF4,gene_assignment,True
8163116,EPB41L4B,gene_assignment,True
8163147,,,False
8163149,PTPN3,gene_assignment,True
8163181,C9ORF152,gene_assignment,True
8163185,TXN,gene_assignment,True
8163193,TXNDC8,gene_assignment,True
8163202,SVEP1,gene_assignment,True
8163253,,,False
8163255,,,False
8163257,LPAR1,gene_assignment,True
8163271,,,False
8163273,OR2K2,gene_assignment,True
8163275,KIAA0368,gene_assignment,True
8163326,,,False
8163328,PTGR1,gene_assignment,True
8163341,C9ORF29,gene_assignment,True
8163348,C9ORF84,gene_assignment,True
8163381,,,False
8163383,SUSD1,gene_assignment,True
8163402,ROD1,gene_assignment,True
8163426,,,False
8163428,C9ORF80,gene_assignment,True
8163437,SLC46A2,gene_assignment,True
8163444,ZFP37,gene_assignment,True
8163452,FKBP15,gene_assignment,True
8163481,CDC26,gene_assignment,True
8163485,RNF183,gene_assignment,True
8163491,WDR31,gene_assignment,True
8163505,HDHD3,gene_assignment,True
8163509,ALAD,gene_assignment,True
8163525,POLE3,gene_assignment,True
8163533,AK056275,gene_assignment,True
8163535,AMBP,gene_assignment,True
8163548,KIF12,gene_assignment,True
8163569,AKNA,gene_assignment,True
8163599,DFNB31,gene_assignment,True
8163614,,,False
8163616,,,False
8163618,TNFSF15,gene_assignment,True
8163629,TNFSF8,gene_assignment,True
8163637,TNC,gene_assignment,True
8163666,AB021923,gene_assignment,True
8163672,PAPPA,gene_assignment,True
8163678,ASTN2,gene_assignment,True
8163710,SNORA70C,gene_assignment,True
8163712,,,False
8163714,,,False
8163716,DBC1,gene_assignment,True
8163729,MIR147,gene_assignment,True
8163733,CDK5RAP2,gene_assignment,True
8163775,MEGF9,gene_assignment,True
8163784,FBXW2,gene_assignment,True
8163795,PSMD5,gene_assignment,True
8163807,PHF19,gene_assignment,True
8163825,TRAF1,gene_assignment,True
8163839,C5,gene_assignment,True
8163882,RAB14,gene_assignment,True
8163892,AF220263,gene_assignment,True
8163896,STOM,gene_assignment,True
8163908,GGTA1,gene_assignment,True
8163916,TTLL11,gene_assignment,True
8163930,NDUFA8,gene_assignment,True
8163936,LHX6,gene_assignment,True
8163948,RBM18,gene_assignment,True
8163956,OR1J1,gene_assignment,True
8163958,OR1N1,gene_assignment,True
8163960,OR1L8,gene_assignment,True
8163962,OR1B1,gene_assignment,True
8163964,PDCL,gene_assignment,True
8163972,RC3H2,gene_assignment,True
8163999,ZBTB6,gene_assignment,True
8164002,ZBTB26,gene_assignment,True
8164006,,,False
8164008,NCRNA00287,gene_assignment,True
8164013,STRBP,gene_assignment,True
8164034,DENND1A,gene_assignment,True
8164062,AY567967,gene_assignment,True
8164067,PSMB7,gene_assignment,True
8164077,NR5A1,gene_assignment,True
8164087,NR6A1,gene_assignment,True
8164100,RPL35,gene_assignment,True
8164105,GOLGA1,gene_assignment,True
8164131,SCAI,gene_assignment,True
8164153,,,False
8164155,PPP6C,gene_assignment,True
8164165,HSPA5,gene_assignment,True
8164177,MAPKAP1,gene_assignment,True
8164194,,,False
8164196,AF159054,gene_assignment,True
8164200,ANGPTL2,gene_assignment,True
8164210,RPL12,gene_assignment,True
8164215,SNORA65,gene_assignment,True
8164217,FAM129B,gene_assignment,True
8164235,PTRH1,gene_assignment,True
8164243,TOR2A,gene_assignment,True
8164252,SH2D3C,gene_assignment,True
8164269,ENG,gene_assignment,True
8164293,AK1,gene_assignment,True
8164304,ST6GALNAC6,gene_assignment,True
8164314,ST6GALNAC4,gene_assignment,True
8164328,PIP5KL1,gene_assignment,True
8164336,DPM2,gene_assignment,True
8164343,FAM102A,gene_assignment,True
8164357,NAIF1,gene_assignment,True
8164362,PTGES2,gene_assignment,True
8164373,CIZ1,gene_assignment,True
8164396,MIR199B,gene_assignment,True
8164398,GOLGA2,gene_assignment,True
8164426,,,False
8164428,TRUB2,gene_assignment,True
8164438,MIR219-2,gene_assignment,True
8164440,WDR34,gene_assignment,True
8164452,ZDHHC12,gene_assignment,True
8164464,ZER1,gene_assignment,True
8164481,C9ORF114,gene_assignment,True
8164496,CCBL1,gene_assignment,True
8164515,DOLK,gene_assignment,True
8164521,SH3GLB2,gene_assignment,True
8164535,CRAT,gene_assignment,True
8164554,IER5L,gene_assignment,True
8164560,,,False
8164562,C9ORF50,gene_assignment,True
8164572,ASB6,gene_assignment,True
8164580,PTGES,gene_assignment,True
8164587,TOR1A,gene_assignment,True
8164596,C9ORF78,gene_assignment,True
8164607,FNBP1,gene_assignment,True
8164627,ENST00000358748,gene_assignment,True
8164630,QRFP,gene_assignment,True
8164632,FIBCD1,gene_assignment,True
8164644,FAM78A,gene_assignment,True
8164649,BAT2L1,gene_assignment,True
8164653,UCK1,gene_assignment,True
8164665,RAPGEF1,gene_assignment,True
8164692,AF467069,gene_assignment,True
8164696,,,False
8164698,MED27,gene_assignment,True
8164701,SETX,gene_assignment,True
8164729,TTF1,gene_assignment,True
8164742,DDX31,gene_assignment,True
8164766,C9ORF98,gene_assignment,True
8164781,TSC1,gene_assignment,True
8164808,,,False
8164810,RALGDS,gene_assignment,True
8164833,GBGT1,gene_assignment,True
8164843,OBP2B,gene_assignment,True
8164848,,,False
8164853,ABO,gene_assignment,True
8164862,SURF6,gene_assignment,True
8164870,,,False
8164872,MED22,gene_assignment,True
8164883,SURF4,gene_assignment,True
8164896,SURF1,gene_assignment,True
8164907,REXO4,gene_assignment,True
8164918,SLC2A6,gene_assignment,True
8164931,TMEM8C,gene_assignment,True
8164937,FAM163B,gene_assignment,True
8164940,SARDH,gene_assignment,True
8164967,VAV2,gene_assignment,True
8164995,BRD3,gene_assignment,True
8165011,FCN1,gene_assignment,True
8165021,,,False
8165024,C9ORF116,gene_assignment,True
8165032,GLT6D1,gene_assignment,True
8165038,SOHLH1,gene_assignment,True
8165046,CAMSAP1,gene_assignment,True
8165064,UBAC1,gene_assignment,True
8165077,NACC2,gene_assignment,True
8165083,LHX3,gene_assignment,True
8165094,QSOX2,gene_assignment,True
8165107,CARD9,gene_assignment,True
8165131,SNAPC4,gene_assignment,True
8165156,SDCCAG3,gene_assignment,True
8165171,INPP5E,gene_assignment,True
8165183,SEC16A,gene_assignment,True
8165217,NOTCH1,gene_assignment,True
8165255,,,False
8165258,AGPAT2,gene_assignment,True
8165271,LCN10,gene_assignment,True
8165277,LCN6,gene_assignment,True
8165285,LCN8,gene_assignment,True
8165295,ENST00000392896,gene_assignment,True
8165298,LCN15,gene_assignment,True
8165309,EDF1,gene_assignment,True
8165319,FBXW5,gene_assignment,True
8165334,CLIC3,gene_assignment,True
8165345,ABCA2,gene_assignment,True
8165398,FUT7,gene_assignment,True
8165406,NPDC1,gene_assignment,True
8165416,ENTPD2,gene_assignment,True
8165430,C9ORF140,gene_assignment,True
8165438,DPP7,gene_assignment,True
8165453,LRRC26,gene_assignment,True
8165458,,,False
8165462,ANAPC2,gene_assignment,True
8165478,TPRN,gene_assignment,True
8165486,TMEM203,gene_assignment,True
8165492,RNF208,gene_assignment,True
8165496,,,False
8165498,TUBB2C,gene_assignment,True
8165508,NRARP,gene_assignment,True
8165512,EXD3,gene_assignment,True
8165538,ENTPD8,gene_assignment,True
8165552,NELF,gene_assignment,True
8165575,PNPLA7,gene_assignment,True
8165610,WDR85,gene_assignment,True
8165622,ZMYND19,gene_assignment,True
8165630,C9ORF37,gene_assignment,True
8165637,RNF208,gene_assignment,True
8165639,C9ORF169,gene_assignment,True
8165642,TMEM203,gene_assignment,True
8165644,,,False
8165646,,,False
8165648,AK290098,gene_assignment,True
8165650,,,False
8165653,ENST00000361390,gene_assignment,True
8165656,,,False
8165658,ENST00000361453,gene_assignment,True
8165661,ENST00000361624,gene_assignment,True
8165663,AK172782,gene_assignment,True
8165665,ENST00000361739,gene_assignment,True
8165667,,,False
8165669,ENST00000362079,gene_assignment,True
8165672,L23320,gene_assignment,True
8165674,AY423734,gene_assignment,True
8165676,ENST00000361381,gene_assignment,True
8165680,,,False
8165682,,,False
8165684,,,False
8165686,ENST00000361567,gene_assignment,True
8165690,ENST00000361789,gene_assignment,True
8165692,,,False
8165694,,,False
8165696,,,False
8165698,,,False
8165700,,,False
8165703,AF284753,gene_assignment,True
8165705,ENST00000361681,gene_assignment,True
8165707,BC028919,gene_assignment,True
8165709,,,False
8165711,PLCXD1,gene_assignment,True
8165723,SHOX,gene_assignment,True
8165735,CSF2RA,gene_assignment,True
8165752,IL3RA,gene_assignment,True
8165765,ASMTL-AS,gene_assignment,True
8165773,ASMT,gene_assignment,True
8165794,CD99,gene_assignment,True
8165808,XG,gene_assignment,True
8165817,GYG2,gene_assignment,True
8165833,ARSH,gene_assignment,True
8165843,ARSF,gene_assignment,True
8165856,,,False
8165858,LOC100128355,gene_assignment,True
8165862,,,False
8165864,,,False
8165866,STS,gene_assignment,True
8165881,VCX,gene_assignment,True
8165888,,,False
8165890,VCX3B,gene_assignment,True
8165903,,,False
8165911,TBL1X,gene_assignment,True
8165932,,,False
8165934,SHROOM2,gene_assignment,True
8165945,LOC100288814,gene_assignment,True
8165947,WWC3,gene_assignment,True
8165974,CLCN4,gene_assignment,True
8165993,,,False
8165995,HCCS,gene_assignment,True
8166006,AMELX,gene_assignment,True
8166015,MSL3,gene_assignment,True
8166028,FRMPD4,gene_assignment,True
8166047,,,False
8166049,PRPS2,gene_assignment,True
8166059,TLR7,gene_assignment,True
8166065,TLR8,gene_assignment,True
8166072,TMSB4X,gene_assignment,True
8166079,EGFL6,gene_assignment,True
8166094,,,False
8166096,TCEANC,gene_assignment,True
8166098,RAB9A,gene_assignment,True
8166104,OFD1,gene_assignment,True
8166124,UBE2E3,gene_assignment,True
8166127,GLRA2,gene_assignment,True
8166140,MOSPD2,gene_assignment,True
8166157,BMX,gene_assignment,True
8166179,CA5BP,gene_assignment,True
8166182,,,False
8166184,CA5B,gene_assignment,True
8166195,ZRSR2,gene_assignment,True
8166202,GRPR,gene_assignment,True
8166211,ENST00000400004,gene_assignment,True
8166213,S100G,gene_assignment,True
8166219,SYAP1,gene_assignment,True
8166230,TXLNG,gene_assignment,True
8166243,REPS2,gene_assignment,True
8166264,,,False
8166266,NHS,gene_assignment,True
8166278,SCML1,gene_assignment,True
8166289,CDKL5,gene_assignment,True
8166314,PPEF1,gene_assignment,True
8166335,PDHA1,gene_assignment,True
8166349,,,False
8166353,,,False
8166355,CNKSR2,gene_assignment,True
8166382,MBTPS2,gene_assignment,True
8166398,YY2,gene_assignment,True
8166402,SMS,gene_assignment,True
8166408,PHEX,gene_assignment,True
8166433,ZNF645,gene_assignment,True
8166438,,,False
8166440,DDX53,gene_assignment,True
8166442,FAM3C,gene_assignment,True
8166447,PTCHD1,gene_assignment,True
8166455,PRDX4,gene_assignment,True
8166469,SAT1,gene_assignment,True
8166481,CXORF58,gene_assignment,True
8166493,EIF2S3,gene_assignment,True
8166498,,,False
8166500,ZFX,gene_assignment,True
8166509,FAM48B2,gene_assignment,True
8166511,PDK3,gene_assignment,True
8166525,POLA1,gene_assignment,True
8166563,SCARNA23,gene_assignment,True
8166565,MAGEB18,gene_assignment,True
8166569,,,False
8166571,MAGEB6,gene_assignment,True
8166576,ENST00000379029,gene_assignment,True
8166580,,,False
8166585,AK057304,gene_assignment,True
8166587,MAGEB10,gene_assignment,True
8166593,IL1RAPL1,gene_assignment,True
8166609,,,False
8166611,MAGEB2,gene_assignment,True
8166613,MAGEB3,gene_assignment,True
8166619,MAGEB1,gene_assignment,True
8166630,,,False
8166632,GK,gene_assignment,True
8166657,,,False
8166659,,,False
8166661,,,False
8166665,FAM47B,gene_assignment,True
8166667,,,False
8166669,MAGEB16,gene_assignment,True
8166671,CXORF22,gene_assignment,True
8166690,CXORF59,gene_assignment,True
8166703,FAM47C,gene_assignment,True
8166705,PRRG1,gene_assignment,True
8166712,,,False
8166714,LANCL3,gene_assignment,True
8166723,XK,gene_assignment,True
8166730,CYBB,gene_assignment,True
8166745,CXORF27,gene_assignment,True
8166747,SYTL5,gene_assignment,True
8166769,OTC,gene_assignment,True
8166784,TSPAN7,gene_assignment,True
8166797,MID1IP1,gene_assignment,True
8166805,ATP6AP2,gene_assignment,True
8166817,LOC347411,gene_assignment,True
8166819,,,False
8166824,,,False
8166826,USP9X,gene_assignment,True
8166872,,,False
8166876,DDX3X,gene_assignment,True
8166899,NYX,gene_assignment,True
8166906,GPR34,gene_assignment,True
8166919,GPR82,gene_assignment,True
8166925,MAOA,gene_assignment,True
8166945,,,False
8166948,,,False
8166950,DUSP21,gene_assignment,True
8166956,KDM6A,gene_assignment,True
8166989,ZNF673,gene_assignment,True
8166997,,,False
8166999,CHST7,gene_assignment,True
8167006,RP2,gene_assignment,True
8167013,PHF16,gene_assignment,True
8167027,RGN,gene_assignment,True
8167038,,,False
8167040,,,False
8167042,RBM10,gene_assignment,True
8167069,UBA1,gene_assignment,True
8167099,INE1,gene_assignment,True
8167103,CDK16,gene_assignment,True
8167125,USP11,gene_assignment,True
8167150,,,False
8167152,ZNF157,gene_assignment,True
8167163,ENST00000357412,gene_assignment,True
8167165,ARAF,gene_assignment,True
8167185,TIMP1,gene_assignment,True
8167195,CXXC1P1,gene_assignment,True
8167198,,,False
8167201,ZNF81,gene_assignment,True
8167210,SPACA5,gene_assignment,True
8167218,,,False
8167220,SSX6,gene_assignment,True
8167228,SPACA5,gene_assignment,True
8167234,RBM3,gene_assignment,True
8167251,,,False
8167254,SSX1,gene_assignment,True
8167261,SSX4,gene_assignment,True
8167270,FTSJ1,gene_assignment,True
8167287,PORCN,gene_assignment,True
8167305,EBP,gene_assignment,True
8167314,TBC1D25,gene_assignment,True
8167322,WDR13,gene_assignment,True
8167334,WAS,gene_assignment,True
8167347,SUV39H1,gene_assignment,True
8167356,GLOD5,gene_assignment,True
8167360,GATA1,gene_assignment,True
8167369,HDAC6,gene_assignment,True
8167407,ERAS,gene_assignment,True
8167412,PQBP1,gene_assignment,True
8167428,,,False
8167430,CCDC120,gene_assignment,True
8167441,,,False
8167443,MAGIX,gene_assignment,True
8167449,PLP2,gene_assignment,True
8167457,CCDC22,gene_assignment,True
8167476,PPP1R3F,gene_assignment,True
8167482,GAGE12I,gene_assignment,True
8167508,GAGE12J,gene_assignment,True
8167526,GAGE12J,gene_assignment,True
8167560,GAGE12J,gene_assignment,True
8167562,GAGE12B,gene_assignment,True
8167573,GAGE12B,gene_assignment,True
8167575,GAGE12B,gene_assignment,True
8167577,GAGE12G,gene_assignment,True
8167584,GAGE12G,gene_assignment,True
8167592,PAGE4,gene_assignment,True
8167601,USP27X,gene_assignment,True
8167603,CLCN5,gene_assignment,True
8167623,MIR188,gene_assignment,True
8167625,CCNB3,gene_assignment,True
8167638,,,False
8167640,LOC347376,gene_assignment,True
8167642,BMP15,gene_assignment,True
8167645,NUDT10,gene_assignment,True
8167650,BC046248,gene_assignment,True
8167652,CENPVL1,gene_assignment,True
8167654,GSPT2,gene_assignment,True
8167656,MAGED1,gene_assignment,True
8167673,MAGED4,gene_assignment,True
8167690,AK096379,gene_assignment,True
8167693,XAGE2,gene_assignment,True
8167701,XAGE1A,gene_assignment,True
8167710,XAGE1A,gene_assignment,True
8167721,SSX8,gene_assignment,True
8167726,,,False
8167728,SSX2,gene_assignment,True
8167742,XAGE5,gene_assignment,True
8167749,FAM156A,gene_assignment,True
8167758,GPR173,gene_assignment,True
8167763,TSPYL2,gene_assignment,True
8167772,,,False
8167774,RIBC1,gene_assignment,True
8167784,,,False
8167786,,,False
8167790,TSR2,gene_assignment,True
8167797,GNL3L,gene_assignment,True
8167815,MAGED2,gene_assignment,True
8167835,TRO,gene_assignment,True
8167854,APEX2,gene_assignment,True
8167862,PAGE2B,gene_assignment,True
8167866,PAGE2,gene_assignment,True
8167871,,,False
8167880,PAGE5,gene_assignment,True
8167887,MAGEH1,gene_assignment,True
8167893,,,False
8167895,FOXR2,gene_assignment,True
8167897,RRAGB,gene_assignment,True
8167910,,,False
8167912,KLF8,gene_assignment,True
8167924,UBQLN2,gene_assignment,True
8167930,FAAH2,gene_assignment,True
8167942,ZXDB,gene_assignment,True
8167951,,,False
8167953,,,False
8167957,ZC3H12B,gene_assignment,True
8167965,MSN,gene_assignment,True
8167971,MIR223,gene_assignment,True
8167973,HEPH,gene_assignment,True
8167998,AR,gene_assignment,True
8168018,YIPF6,gene_assignment,True
8168026,,,False
8168028,STARD8,gene_assignment,True
8168045,EFNB1,gene_assignment,True
8168058,FAM155B,gene_assignment,True
8168062,EDA,gene_assignment,True
8168079,,,False
8168081,,,False
8168083,OTUD6A,gene_assignment,True
8168087,IGBP1,gene_assignment,True
8168098,DGAT2L6,gene_assignment,True
8168107,AWAT1,gene_assignment,True
8168115,,,False
8168117,ARR3,gene_assignment,True
8168135,RAB41,gene_assignment,True
8168146,KIF4A,gene_assignment,True
8168161,,,False
8168163,GDPD2,gene_assignment,True
8168179,DLG3,gene_assignment,True
8168203,,,False
8168205,FOXO4,gene_assignment,True
8168215,MED12,gene_assignment,True
8168264,NLGN3,gene_assignment,True
8168274,GJB1,gene_assignment,True
8168280,NONO,gene_assignment,True
8168291,ITGB1BP2,gene_assignment,True
8168303,TAF1,gene_assignment,True
8168316,OGT,gene_assignment,True
8168345,ACRC,gene_assignment,True
8168357,RPS26P11,gene_assignment,True
8168359,NHSL2,gene_assignment,True
8168362,FLJ44635,gene_assignment,True
8168366,PIN4,gene_assignment,True
8168375,DMRTC1,gene_assignment,True
8168387,NCRNA00246B,gene_assignment,True
8168391,NCRNA00246B,gene_assignment,True
8168393,PABPC1L2B,gene_assignment,True
8168395,CDX4,gene_assignment,True
8168399,CHIC1,gene_assignment,True
8168408,,,False
8168412,BC029480,gene_assignment,True
8168416,USMG5,gene_assignment,True
8168420,ZCCHC13,gene_assignment,True
8168422,,,False
8168424,SLC16A2,gene_assignment,True
8168432,ENST00000332687,gene_assignment,True
8168434,,,False
8168436,,,False
8168438,UPRT,gene_assignment,True
8168447,BC001220,gene_assignment,True
8168456,,,False
8168458,MAGEE1,gene_assignment,True
8168461,,,False
8168463,FGF16,gene_assignment,True
8168466,BC018447,gene_assignment,True
8168468,,,False
8168470,COX7B,gene_assignment,True
8168472,ATP7A,gene_assignment,True
8168500,PGK1,gene_assignment,True
8168517,LPAR4,gene_assignment,True
8168524,P2RY10,gene_assignment,True
8168531,GPR174,gene_assignment,True
8168534,TBX22,gene_assignment,True
8168546,FAM46D,gene_assignment,True
8168553,,,False
8168555,,,False
8168557,SH3BGRL,gene_assignment,True
8168565,,,False
8168567,POU3F4,gene_assignment,True
8168569,CYLC1,gene_assignment,True
8168578,UBE2DNL,gene_assignment,True
8168580,APOOL,gene_assignment,True
8168589,ZNF711,gene_assignment,True
8168602,,,False
8168604,DACH2,gene_assignment,True
8168620,,,False
8168622,KLHL4,gene_assignment,True
8168638,CPXCR1,gene_assignment,True
8168646,TGIF2LX,gene_assignment,True
8168650,PABPC5,gene_assignment,True
8168657,PCDH11X,gene_assignment,True
8168672,,,False
8168674,,,False
8168678,FAM133A,gene_assignment,True
8168685,,,False
8168687,,,False
8168689,,,False
8168691,DIAPH2,gene_assignment,True
8168723,RPA4,gene_assignment,True
8168727,,,False
8168729,,,False
8168733,,,False
8168737,TNMD,gene_assignment,True
8168749,SRPX2,gene_assignment,True
8168762,CSTF2,gene_assignment,True
8168779,,,False
8168781,ARL13A,gene_assignment,True
8168790,TMEM35,gene_assignment,True
8168794,CENPI,gene_assignment,True
8168817,DRP2,gene_assignment,True
8168841,,,False
8168843,RPL36A,gene_assignment,True
8168852,HNRNPH2,gene_assignment,True
8168855,ARMCX4,gene_assignment,True
8168868,ARMCX1,gene_assignment,True
8168873,ARMCX6,gene_assignment,True
8168875,ARMCX3,gene_assignment,True
8168884,,,False
8168892,TCEAL2,gene_assignment,True
8168900,NXF2,gene_assignment,True
8168940,NXF4,gene_assignment,True
8168958,ARMCX5,gene_assignment,True
8168968,GPRASP1,gene_assignment,True
8168976,GPRASP2,gene_assignment,True
8168984,BHLHB9,gene_assignment,True
8169006,RAB40AL,gene_assignment,True
8169009,BEX4,gene_assignment,True
8169015,TCEAL7,gene_assignment,True
8169022,WBP5,gene_assignment,True
8169028,NGFRAP1,gene_assignment,True
8169035,TCEAL4,gene_assignment,True
8169044,TCEAL3,gene_assignment,True
8169049,TCEAL1,gene_assignment,True
8169056,TMEM31,gene_assignment,True
8169061,PLP1,gene_assignment,True
8169073,TMSB15B,gene_assignment,True
8169080,H2BFM,gene_assignment,True
8169083,ZCCHC18,gene_assignment,True
8169085,FAM199X,gene_assignment,True
8169094,IL1RAPL2,gene_assignment,True
8169109,,,False
8169115,NRK,gene_assignment,True
8169145,MUM1L1,gene_assignment,True
8169154,,,False
8169156,,,False
8169158,CXORF57,gene_assignment,True
8169174,RNF128,gene_assignment,True
8169186,TBC1D8B,gene_assignment,True
8169210,CLDN2,gene_assignment,True
8169221,CXORF41,gene_assignment,True
8169231,LOC100293553,gene_assignment,True
8169233,,,False
8169235,ENST00000276185,gene_assignment,True
8169240,PRPS1,gene_assignment,True
8169247,ENST00000372379,gene_assignment,True
8169249,MID2,gene_assignment,True
8169263,VSIG1,gene_assignment,True
8169272,ATG4A,gene_assignment,True
8169291,ENST00000343524,gene_assignment,True
8169294,COL4A5,gene_assignment,True
8169348,,,False
8169350,,,False
8169352,NXT2,gene_assignment,True
8169361,,,False
8169365,TMEM164,gene_assignment,True
8169378,RGAG1,gene_assignment,True
8169385,TDGF3,gene_assignment,True
8169389,PAK3,gene_assignment,True
8169412,ALG13,gene_assignment,True
8169419,ALG13,gene_assignment,True
8169432,ZCCHC16,gene_assignment,True
8169437,,,False
8169439,,,False
8169441,,,False
8169443,,,False
8169445,,,False
8169447,HTR2C,gene_assignment,True
8169459,SNORA35,gene_assignment,True
8169461,,,False
8169463,RBMXL3,gene_assignment,True
8169465,,,False
8169467,LUZP4,gene_assignment,True
8169473,PLS3,gene_assignment,True
8169492,AGTR2,gene_assignment,True
8169504,SLC6A14,gene_assignment,True
8169519,WDR44,gene_assignment,True
8169541,DOCK11,gene_assignment,True
8169580,IL13RA1,gene_assignment,True
8169598,ZCCHC12,gene_assignment,True
8169603,LONRF3,gene_assignment,True
8169617,PGRMC1,gene_assignment,True
8169624,SLC25A43,gene_assignment,True
8169634,,,False
8169636,,,False
8169640,SLC25A5,gene_assignment,True
8169645,UBE2A,gene_assignment,True
8169657,ANKRD58,gene_assignment,True
8169659,NDUFA1,gene_assignment,True
8169665,AKAP14,gene_assignment,True
8169676,RHOXF2,gene_assignment,True
8169683,ZBTB33,gene_assignment,True
8169687,ATP1B4,gene_assignment,True
8169697,,,False
8169701,MCTS1,gene_assignment,True
8169709,GLRX5,gene_assignment,True
8169711,GLUD2,gene_assignment,True
8169715,,,False
8169717,GRIA3,gene_assignment,True
8169740,H3F3A,gene_assignment,True
8169742,XIAP,gene_assignment,True
8169750,STAG2,gene_assignment,True
8169792,SH2D1A,gene_assignment,True
8169808,CXORF64,gene_assignment,True
8169811,OCRL,gene_assignment,True
8169836,XPNPEP2,gene_assignment,True
8169859,SASH3,gene_assignment,True
8169868,UTP14A,gene_assignment,True
8169882,BCORL1,gene_assignment,True
8169898,RAB33A,gene_assignment,True
8169904,SLC25A14,gene_assignment,True
8169920,RBMX2,gene_assignment,True
8169928,FAM45B,gene_assignment,True
8169931,ARHGAP36,gene_assignment,True
8169947,OR13H1,gene_assignment,True
8169949,MST4,gene_assignment,True
8169965,,,False
8169969,PHF6,gene_assignment,True
8169984,HPRT1,gene_assignment,True
8169995,FAM122C,gene_assignment,True
8170007,LOC644538,gene_assignment,True
8170009,FAM127A,gene_assignment,True
8170013,,,False
8170015,ZNF449,gene_assignment,True
8170024,NCRNA00086,gene_assignment,True
8170027,DDX26B,gene_assignment,True
8170052,CT45A1,gene_assignment,True
8170060,CT45A2,gene_assignment,True
8170068,CT45A3,gene_assignment,True
8170076,SAGE1,gene_assignment,True
8170097,SLC9A6,gene_assignment,True
8170117,,,False
8170119,FHL1,gene_assignment,True
8170135,GPR112,gene_assignment,True
8170159,BRS3,gene_assignment,True
8170166,HTATSF1,gene_assignment,True
8170179,VGLL1,gene_assignment,True
8170187,CD40LG,gene_assignment,True
8170196,,,False
8170198,,,False
8170200,ZIC3,gene_assignment,True
8170208,,,False
8170210,,,False
8170213,ENST00000309296,gene_assignment,True
8170215,F9,gene_assignment,True
8170228,,,False
8170232,,,False
8170235,,,False
8170237,,,False
8170241,SPANXB1,gene_assignment,True
8170244,SPANXB1,gene_assignment,True
8170247,AK093505,gene_assignment,True
8170249,SPANXA2,gene_assignment,True
8170257,BC042039,gene_assignment,True
8170260,MAGEC3,gene_assignment,True
8170273,MAGEC1,gene_assignment,True
8170280,,,False
8170282,SPANXN4,gene_assignment,True
8170286,,,False
8170298,UBE2NL,gene_assignment,True
8170300,,,False
8170302,SPANXN1,gene_assignment,True
8170307,SLITRK2,gene_assignment,True
8170319,CXORF1,gene_assignment,True
8170322,,,False
8170324,,,False
8170326,FMR1,gene_assignment,True
8170353,FMR1NB,gene_assignment,True
8170360,FTH1,gene_assignment,True
8170362,,,False
8170364,AFF2,gene_assignment,True
8170390,IDS,gene_assignment,True
8170393,CXORF40A,gene_assignment,True
8170400,AK131413,gene_assignment,True
8170402,HSFX1,gene_assignment,True
8170407,MAGEA9,gene_assignment,True
8170412,MAGEA8,gene_assignment,True
8170418,,,False
8170420,MAMLD1,gene_assignment,True
8170428,MTM1,gene_assignment,True
8170443,MTMR1,gene_assignment,True
8170468,HMGB3,gene_assignment,True
8170476,GPR50,gene_assignment,True
8170479,VMA21,gene_assignment,True
8170488,PASD1,gene_assignment,True
8170507,PRRG3,gene_assignment,True
8170513,FATE1,gene_assignment,True
8170520,CNGA2,gene_assignment,True
8170531,MAGEA4,gene_assignment,True
8170538,GABRQ,gene_assignment,True
8170553,MAGEA6,gene_assignment,True
8170562,MAGEA2,gene_assignment,True
8170576,CSAG1,gene_assignment,True
8170580,CSAG2,gene_assignment,True
8170590,NSDHL,gene_assignment,True
8170602,ZNF185,gene_assignment,True
8170622,PNMA3,gene_assignment,True
8170630,PNMA6A,gene_assignment,True
8170633,LOC728317,gene_assignment,True
8170635,ZNF275,gene_assignment,True
8170644,ZFP92,gene_assignment,True
8170648,BGN,gene_assignment,True
8170662,SLC6A8,gene_assignment,True
8170671,ATP2B3,gene_assignment,True
8170695,DUSP9,gene_assignment,True
8170702,,,False
8170704,ABCD1,gene_assignment,True
8170716,PLXNB3,gene_assignment,True
8170753,SRPK3,gene_assignment,True
8170775,SSR4,gene_assignment,True
8170786,AF514420,gene_assignment,True
8170794,AVPR2,gene_assignment,True
8170803,TMEM187,gene_assignment,True
8170811,OPN1LW,gene_assignment,True
8170816,OPN1MW,gene_assignment,True
8170825,OPN1MW2,gene_assignment,True
8170834,TKTL1,gene_assignment,True
8170850,EMD,gene_assignment,True
8170859,RPL10,gene_assignment,True
8170863,SNORA70,gene_assignment,True
8170865,TAZ,gene_assignment,True
8170882,ATP6AP1,gene_assignment,True
8170891,GDI1,gene_assignment,True
8170906,FAM50A,gene_assignment,True
8170921,PLXNA3,gene_assignment,True
8170955,IKBKG,gene_assignment,True
8170963,AY168775,gene_assignment,True
8170965,CTAG1A,gene_assignment,True
8170971,DKC1,gene_assignment,True
8170990,SNORA36A,gene_assignment,True
8170992,SNORA56,gene_assignment,True
8170994,H2AFB1,gene_assignment,True
8170998,F8A1,gene_assignment,True
8171001,FUNDC2,gene_assignment,True
8171006,BRCC3,gene_assignment,True
8171013,VBP1,gene_assignment,True
8171024,,,False
8171026,H2AFB1,gene_assignment,True
8171029,F8A1,gene_assignment,True
8171032,AK098761,gene_assignment,True
8171034,SPRY3,gene_assignment,True
8171041,VAMP7,gene_assignment,True
8171052,IL9R,gene_assignment,True
8171066,LOC100288778,gene_assignment,True
8171079,GTPBP6,gene_assignment,True
8171087,PPP2R3B,gene_assignment,True
8171105,CRLF2,gene_assignment,True
8171111,SLC25A6,gene_assignment,True
8171119,ASMTL,gene_assignment,True
8171136,P2RY8,gene_assignment,True
8171139,ZBED1,gene_assignment,True
8171148,ARSD,gene_assignment,True
8171161,ARSE,gene_assignment,True
8171172,MXRA5,gene_assignment,True
8171180,,,False
8171182,PRKX,gene_assignment,True
8171193,,,False
8171205,NLGN4X,gene_assignment,True
8171216,VCX3A,gene_assignment,True
8171222,HDHD1,gene_assignment,True
8171229,PNPLA4,gene_assignment,True
8171240,VCX2,gene_assignment,True
8171248,KAL1,gene_assignment,True
8171260,FAM9A,gene_assignment,True
8171271,FAM9B,gene_assignment,True
8171284,GPR143,gene_assignment,True
8171295,,,False
8171297,MID1,gene_assignment,True
8171311,,,False
8171313,ARHGAP6,gene_assignment,True
8171334,,,False
8171336,,,False
8171338,FAM9C,gene_assignment,True
8171348,ATXN3L,gene_assignment,True
8171350,TCEANC,gene_assignment,True
8171352,TRAPPC2,gene_assignment,True
8171359,GPM6B,gene_assignment,True
8171373,GEMIN8,gene_assignment,True
8171381,FANCB,gene_assignment,True
8171392,ASB9,gene_assignment,True
8171403,ASB11,gene_assignment,True
8171418,PIGA,gene_assignment,True
8171427,FIGF,gene_assignment,True
8171435,PIR,gene_assignment,True
8171449,ACE2,gene_assignment,True
8171472,TMEM27,gene_assignment,True
8171481,AP1S2,gene_assignment,True
8171489,,,False
8171491,,,False
8171493,CTPS2,gene_assignment,True
8171516,RBBP7,gene_assignment,True
8171531,,,False
8171533,,,False
8171535,,,False
8171537,,,False
8171539,RAI2,gene_assignment,True
8171545,BEND2,gene_assignment,True
8171561,SCML2,gene_assignment,True
8171577,,,False
8171579,RS1,gene_assignment,True
8171587,PHKA2,gene_assignment,True
8171624,GPR64,gene_assignment,True
8171653,MAP3K15,gene_assignment,True
8171684,SH3KBP1,gene_assignment,True
8171708,CXORF23,gene_assignment,True
8171723,,,False
8171725,MAP7D2,gene_assignment,True
8171747,EIF1AX,gene_assignment,True
8171758,SCARNA9L,gene_assignment,True
8171760,SCARNA9L,gene_assignment,True
8171762,RPS6KA3,gene_assignment,True
8171786,KLHL34,gene_assignment,True
8171791,SMPX,gene_assignment,True
8171798,,,False
8171800,,,False
8171802,ACOT9,gene_assignment,True
8171823,APOO,gene_assignment,True
8171834,RPL9,gene_assignment,True
8171837,KLHL15,gene_assignment,True
8171844,FAM48B2,gene_assignment,True
8171846,,,False
8171848,PCYT1B,gene_assignment,True
8171865,,,False
8171867,ARX,gene_assignment,True
8171874,,,False
8171876,METTL1,gene_assignment,True
8171879,LOC100508181,gene_assignment,True
8171883,SMEK3P,gene_assignment,True
8171885,DCAF8L1,gene_assignment,True
8171890,,,False
8171892,NR0B1,gene_assignment,True
8171896,CXORF21,gene_assignment,True
8171901,TAB3,gene_assignment,True
8171917,FTHL17,gene_assignment,True
8171921,DMD,gene_assignment,True
8172017,FAM47A,gene_assignment,True
8172022,TMEM47,gene_assignment,True
8172026,,,False
8172028,,,False
8172030,,,False
8172032,,,False
8172035,DYNLT3,gene_assignment,True
8172043,SRPX,gene_assignment,True
8172056,RPGR,gene_assignment,True
8172084,,,False
8172086,,,False
8172088,BCOR,gene_assignment,True
8172110,CXORF38,gene_assignment,True
8172119,MED14,gene_assignment,True
8172154,RPS2,gene_assignment,True
8172156,,,False
8172158,CASK,gene_assignment,True
8172189,,,False
8172191,,,False
8172193,,,False
8172195,,,False
8172197,PPP1R2P9,gene_assignment,True
8172204,MAOB,gene_assignment,True
8172220,NDP,gene_assignment,True
8172225,EFHC2,gene_assignment,True
8172244,FUNDC1,gene_assignment,True
8172254,CXORF36,gene_assignment,True
8172266,MIR221,gene_assignment,True
8172268,MIR222,gene_assignment,True
8172272,,,False
8172274,ZNF674,gene_assignment,True
8172280,SLC9A7,gene_assignment,True
8172296,NDUFB11,gene_assignment,True
8172305,,,False
8172307,ZNF41,gene_assignment,True
8172317,SYN1,gene_assignment,True
8172333,CFP,gene_assignment,True
8172345,ELK1,gene_assignment,True
8172358,UXT,gene_assignment,True
8172369,ZNF182,gene_assignment,True
8172379,ZNF630,gene_assignment,True
8172387,SSX5,gene_assignment,True
8172395,,,False
8172399,ENST00000376909,gene_assignment,True
8172406,SSX3,gene_assignment,True
8172415,SSX4,gene_assignment,True
8172425,SLC38A5,gene_assignment,True
8172443,,,False
8172445,,,False
8172447,PCSK1N,gene_assignment,True
8172453,TIMM17B,gene_assignment,True
8172460,SLC35A2,gene_assignment,True
8172471,PIM2,gene_assignment,True
8172478,OTUD5,gene_assignment,True
8172493,KCND1,gene_assignment,True
8172504,GRIPAP1,gene_assignment,True
8172520,TFE3,gene_assignment,True
8172531,PRAF2,gene_assignment,True
8172538,WDR45,gene_assignment,True
8172548,GPKOW,gene_assignment,True
8172561,PRICKLE3,gene_assignment,True
8172573,SYP,gene_assignment,True
8172580,CACNA1F,gene_assignment,True
8172631,FOXP3,gene_assignment,True
8172647,PAGE1,gene_assignment,True
8172654,LOC158572,gene_assignment,True
8172656,,,False
8172658,,,False
8172660,AKAP4,gene_assignment,True
8172670,DGKK,gene_assignment,True
8172698,SHROOM4,gene_assignment,True
8172708,NUDT11,gene_assignment,True
8172713,,,False
8172715,CENPVL1,gene_assignment,True
8172719,AK096379,gene_assignment,True
8172722,MAGED4,gene_assignment,True
8172739,XAGE1A,gene_assignment,True
8172749,XAGE2,gene_assignment,True
8172757,XAGE1A,gene_assignment,True
8172766,XAGE1A,gene_assignment,True
8172776,,,False
8172781,SSX7,gene_assignment,True
8172787,SSX2,gene_assignment,True
8172800,SPANXN5,gene_assignment,True
8172803,,,False
8172806,XAGE3,gene_assignment,True
8172813,FAM156A,gene_assignment,True
8172827,KDM5C,gene_assignment,True
8172858,IQSEC2,gene_assignment,True
8172876,SMC1A,gene_assignment,True
8172905,HSD17B10,gene_assignment,True
8172914,HUWE1,gene_assignment,True
8173005,MIR98,gene_assignment,True
8173007,MIRLET7F2,gene_assignment,True
8173009,PHF8,gene_assignment,True
8173041,FAM120C,gene_assignment,True
8173059,WNK3,gene_assignment,True
8173086,FGD1,gene_assignment,True
8173106,ITIH5L,gene_assignment,True
8173120,PFKFB1,gene_assignment,True
8173135,ALAS2,gene_assignment,True
8173148,FAM104B,gene_assignment,True
8173168,PAGE3,gene_assignment,True
8173174,USP51,gene_assignment,True
8173176,AJ318895,gene_assignment,True
8173179,LOC442454,gene_assignment,True
8173181,SPIN3,gene_assignment,True
8173189,SPIN2B,gene_assignment,True
8173198,SPIN2A,gene_assignment,True
8173201,ZXDA,gene_assignment,True
8173206,,,False
8173208,SPIN4,gene_assignment,True
8173217,ARHGEF9,gene_assignment,True
8173232,FAM123B,gene_assignment,True
8173238,ASB12,gene_assignment,True
8173245,MTMR8,gene_assignment,True
8173261,ZC4H2,gene_assignment,True
8173269,LAS1L,gene_assignment,True
8173287,VSIG4,gene_assignment,True
8173299,EDA2R,gene_assignment,True
8173308,,,False
8173310,OPHN1,gene_assignment,True
8173338,,,False
8173340,PJA1,gene_assignment,True
8173349,AWAT2,gene_assignment,True
8173364,,,False
8173366,P2RY4,gene_assignment,True
8173373,PDZD11,gene_assignment,True
8173381,TEX11,gene_assignment,True
8173412,,,False
8173414,SLC7A3,gene_assignment,True
8173428,,,False
8173430,SNX12,gene_assignment,True
8173437,CXORF65,gene_assignment,True
8173444,IL2RG,gene_assignment,True
8173457,ZMYM3,gene_assignment,True
8173486,INGX,gene_assignment,True
8173493,CXCR3,gene_assignment,True
8173501,,,False
8173503,RGAG4,gene_assignment,True
8173506,ERCC6L,gene_assignment,True
8173513,RPS4X,gene_assignment,True
8173522,,,False
8173524,CITED1,gene_assignment,True
8173531,HDAC8,gene_assignment,True
8173549,,,False
8173551,PHKA1,gene_assignment,True
8173579,,,False
8173581,,,False
8173583,DMRTC1,gene_assignment,True
8173596,PABPC1L2A,gene_assignment,True
8173600,NAP1L2,gene_assignment,True
8173605,,,False
8173607,,,False
8173609,,,False
8173611,,,False
8173613,RLIM,gene_assignment,True
8173615,RLIM,gene_assignment,True
8173621,KIAA2022,gene_assignment,True
8173629,ABCB7,gene_assignment,True
8173647,ZDHHC15,gene_assignment,True
8173665,MAGEE2,gene_assignment,True
8173671,,,False
8173673,ATRX,gene_assignment,True
8173713,MAGT1,gene_assignment,True
8173729,PGAM4,gene_assignment,True
8173732,TAF9B,gene_assignment,True
8173745,CYSLTR1,gene_assignment,True
8173752,ZCCHC5,gene_assignment,True
8173755,ITM2A,gene_assignment,True
8173766,BRWD3,gene_assignment,True
8173812,HMGN5,gene_assignment,True
8173823,,,False
8173825,RPS6KA6,gene_assignment,True
8173848,HDX,gene_assignment,True
8173862,SATL1,gene_assignment,True
8173869,POF1B,gene_assignment,True
8173890,,,False
8173892,CHM,gene_assignment,True
8173912,AF284768,gene_assignment,True
8173915,,,False
8173917,NAP1L3,gene_assignment,True
8173922,,,False
8173926,,,False
8173928,,,False
8173930,L22650,gene_assignment,True
8173933,PCDH19,gene_assignment,True
8173941,TSPAN6,gene_assignment,True
8173955,SYTL4,gene_assignment,True
8173977,,,False
8173979,NOX1,gene_assignment,True
8173999,XKRX,gene_assignment,True
8174005,TRMT2B,gene_assignment,True
8174026,DQ145510,gene_assignment,True
8174029,TAF7L,gene_assignment,True
8174045,,,False
8174047,TIMM8A,gene_assignment,True
8174051,BTK,gene_assignment,True
8174076,GLA,gene_assignment,True
8174086,ARMCX6,gene_assignment,True
8174092,ARMCX2,gene_assignment,True
8174103,GK,gene_assignment,True
8174105,NXF5,gene_assignment,True
8174119,ZMAT1,gene_assignment,True
8174134,TCEAL6,gene_assignment,True
8174141,BEX5,gene_assignment,True
8174149,NXF2B,gene_assignment,True
8174189,TMSB15A,gene_assignment,True
8174193,,,False
8174195,,,False
8174201,BEX1,gene_assignment,True
8174207,NXF3,gene_assignment,True
8174226,,,False
8174228,TCEAL8,gene_assignment,True
8174235,TCEAL5,gene_assignment,True
8174239,BEX2,gene_assignment,True
8174246,RAB40A,gene_assignment,True
8174251,,,False
8174253,MORF4L2,gene_assignment,True
8174263,GLRA4,gene_assignment,True
8174271,RAB9B,gene_assignment,True
8174277,,,False
8174279,LOC100507927,gene_assignment,True
8174281,,,False
8174283,H2BFWT,gene_assignment,True
8174288,MCART6,gene_assignment,True
8174291,ESX1,gene_assignment,True
8174297,TEX13A,gene_assignment,True
8174302,,,False
8174304,SERPINA7,gene_assignment,True
8174313,MORC4,gene_assignment,True
8174317,RIPPLY1,gene_assignment,True
8174322,MORC4,gene_assignment,True
8174338,MORC4,gene_assignment,True
8174340,RBM41,gene_assignment,True
8174351,NUP62CL,gene_assignment,True
8174361,TSC22D3,gene_assignment,True
8174373,,,False
8174375,TEX13B,gene_assignment,True
8174379,PSMD10,gene_assignment,True
8174389,COL4A6,gene_assignment,True
8174442,,,False
8174444,IRS4,gene_assignment,True
8174448,GUCY2F,gene_assignment,True
8174469,KCNE1L,gene_assignment,True
8174474,ACSL4,gene_assignment,True
8174496,AMMECR1,gene_assignment,True
8174507,SNORD96B,gene_assignment,True
8174509,GNG5,gene_assignment,True
8174513,CHRDL1,gene_assignment,True
8174527,CAPN6,gene_assignment,True
8174543,DCX,gene_assignment,True
8174554,,,False
8174556,TRPC5,gene_assignment,True
8174568,LHFPL1,gene_assignment,True
8174576,AMOT,gene_assignment,True
8174592,,,False
8174594,,,False
8174598,IL13RA2,gene_assignment,True
8174610,LRCH2,gene_assignment,True
8174634,,,False
8174636,SUMO2,gene_assignment,True
8174642,,,False
8174644,,,False
8174646,,,False
8174648,CXORF61,gene_assignment,True
8174654,KLHL13,gene_assignment,True
8174664,,,False
8174668,,,False
8174670,KIAA1210,gene_assignment,True
8174675,SLC25A5,gene_assignment,True
8174677,CXORF56,gene_assignment,True
8174684,NKRF,gene_assignment,True
8174692,SEPT6,gene_assignment,True
8174710,RPL39,gene_assignment,True
8174715,SNORA69,gene_assignment,True
8174717,UPF3B,gene_assignment,True
8174731,RNF113A,gene_assignment,True
8174737,NKAP,gene_assignment,True
8174750,RHOXF2,gene_assignment,True
8174755,RHOXF1,gene_assignment,True
8174761,NKAPP1,gene_assignment,True
8174767,FAM70A,gene_assignment,True
8174779,LAMP2,gene_assignment,True
8174794,CUL4B,gene_assignment,True
8174820,C1GALT1C1,gene_assignment,True
8174831,CT47B1,gene_assignment,True
8174837,CT47A1,gene_assignment,True
8174841,CT47A1,gene_assignment,True
8174845,CT47A1,gene_assignment,True
8174849,CT47A1,gene_assignment,True
8174853,CT47A1,gene_assignment,True
8174862,CT47A10,gene_assignment,True
8174867,CT47A1,gene_assignment,True
8174872,CT47A1,gene_assignment,True
8174876,CT47A1,gene_assignment,True
8174882,CT47A1,gene_assignment,True
8174887,,,False
8174889,ENST00000435941,gene_assignment,True
8174891,,,False
8174893,THOC2,gene_assignment,True
8174933,,,False
8174937,ODZ1,gene_assignment,True
8174968,DCAF12L2,gene_assignment,True
8174970,,,False
8174972,DCAF12L1,gene_assignment,True
8174979,ACTRT1,gene_assignment,True
8174983,,,False
8174985,SMARCA1,gene_assignment,True
8175016,APLN,gene_assignment,True
8175023,ZDHHC9,gene_assignment,True
8175039,ELF4,gene_assignment,True
8175052,AIFM1,gene_assignment,True
8175076,ZNF280C,gene_assignment,True
8175096,,,False
8175098,GPR119,gene_assignment,True
8175102,ENOX2,gene_assignment,True
8175119,,,False
8175121,IGSF1,gene_assignment,True
8175151,,,False
8175153,,,False
8175155,FRMD7,gene_assignment,True
8175169,RAP2C,gene_assignment,True
8175177,MBNL3,gene_assignment,True
8175193,,,False
8175195,HS6ST2,gene_assignment,True
8175206,USP26,gene_assignment,True
8175209,TFDP3,gene_assignment,True
8175215,,,False
8175217,GPC4,gene_assignment,True
8175232,,,False
8175234,GPC3,gene_assignment,True
8175246,,,False
8175248,MIR92A2,gene_assignment,True
8175250,MIR19B2,gene_assignment,True
8175252,MIR106A,gene_assignment,True
8175256,MGC16121,gene_assignment,True
8175261,MIR503,gene_assignment,True
8175263,PLAC1,gene_assignment,True
8175267,,,False
8175269,FAM122B,gene_assignment,True
8175288,MOSPD1,gene_assignment,True
8175297,,,False
8175299,FAM127C,gene_assignment,True
8175302,FAM127B,gene_assignment,True
8175308,NCRNA00087,gene_assignment,True
8175311,CXORF48,gene_assignment,True
8175317,,,False
8175319,ZNF75D,gene_assignment,True
8175330,,,False
8175332,,,False
8175336,CT45A4,gene_assignment,True
8175344,CT45A5,gene_assignment,True
8175353,CT45A6,gene_assignment,True
8175360,MMGT1,gene_assignment,True
8175365,,,False
8175367,,,False
8175369,MAP7D3,gene_assignment,True
8175391,,,False
8175393,ARHGEF6,gene_assignment,True
8175418,,,False
8175420,RBMX,gene_assignment,True
8175432,SNORD61,gene_assignment,True
8175434,GPR101,gene_assignment,True
8175436,,,False
8175440,,,False
8175442,LOC158696,gene_assignment,True
8175444,FGF13,gene_assignment,True
8175455,MIR504,gene_assignment,True
8175457,MCF2,gene_assignment,True
8175490,,,False
8175492,ATP11C,gene_assignment,True
8175524,CXORF66,gene_assignment,True
8175528,SOX3,gene_assignment,True
8175531,CDR1,gene_assignment,True
8175537,AK093505,gene_assignment,True
8175539,LDOC1,gene_assignment,True
8175543,SPANXE,gene_assignment,True
8175550,SPANXA2,gene_assignment,True
8175558,SPANXE,gene_assignment,True
8175562,MAGEC2,gene_assignment,True
8175568,,,False
8175570,,,False
8175572,SPANXN3,gene_assignment,True
8175574,SLITRK4,gene_assignment,True
8175578,SPANXN2,gene_assignment,True
8175583,,,False
8175585,ANKRD11,gene_assignment,True
8175587,MIR509-1,gene_assignment,True
8175589,,,False
8175591,,,False
8175593,IDS,gene_assignment,True
8175611,MAGEA9,gene_assignment,True
8175616,HSFX1,gene_assignment,True
8175621,TMEM185A,gene_assignment,True
8175629,MAGEA11,gene_assignment,True
8175638,AK131413,gene_assignment,True
8175642,CXORF40B,gene_assignment,True
8175647,CD99L2,gene_assignment,True
8175662,,,False
8175664,,,False
8175666,GABRE,gene_assignment,True
8175683,MIR224,gene_assignment,True
8175685,MAGEA5,gene_assignment,True
8175690,MAGEA10,gene_assignment,True
8175696,GABRA3,gene_assignment,True
8175706,MIR105-1,gene_assignment,True
8175708,MIR105-2,gene_assignment,True
8175710,CSAG2,gene_assignment,True
8175724,MAGEA12,gene_assignment,True
8175732,MAGEA2,gene_assignment,True
8175747,MAGEA3,gene_assignment,True
8175755,CETN2,gene_assignment,True
8175763,PNMA5,gene_assignment,True
8175768,PNMA6A,gene_assignment,True
8175773,,,False
8175775,MAGEA1,gene_assignment,True
8175782,HAUS7,gene_assignment,True
8175802,TREX2,gene_assignment,True
8175808,TREX2,gene_assignment,True
8175811,FAM58A,gene_assignment,True
8175815,PNCK,gene_assignment,True
8175835,BCAP31,gene_assignment,True
8175844,IDH3G,gene_assignment,True
8175860,PDZD4,gene_assignment,True
8175871,L1CAM,gene_assignment,True
8175900,ARHGAP4,gene_assignment,True
8175924,NAA10,gene_assignment,True
8175933,RENBP,gene_assignment,True
8175947,HCFC1,gene_assignment,True
8175977,IRAK1,gene_assignment,True
8175998,MECP2,gene_assignment,True
8176006,TEX28,gene_assignment,True
8176012,TEX28,gene_assignment,True
8176018,TEX28,gene_assignment,True
8176026,FLNA,gene_assignment,True
8176076,DNASE1L1,gene_assignment,True
8176091,BC009467,gene_assignment,True
8176093,LAGE3,gene_assignment,True
8176098,UBL4A,gene_assignment,True
8176109,SLC10A3,gene_assignment,True
8176117,FAM3A,gene_assignment,True
8176133,G6PD,gene_assignment,True
8176149,CTAG1A,gene_assignment,True
8176155,AY168775,gene_assignment,True
8176159,CTAG2,gene_assignment,True
8176163,GAB3,gene_assignment,True
8176174,MPP1,gene_assignment,True
8176191,HMGN1,gene_assignment,True
8176193,F8,gene_assignment,True
8176219,MTCP1,gene_assignment,True
8176230,RAB39B,gene_assignment,True
8176234,CLIC2,gene_assignment,True
8176243,AK098761,gene_assignment,True
8176245,F8A1,gene_assignment,True
8176249,H2AFB1,gene_assignment,True
8176253,,,False
8176255,TMLHE,gene_assignment,True
8176263,TAF9B,gene_assignment,True
8176276,ATRX,gene_assignment,True
8176280,,,False
8176282,PGAM4,gene_assignment,True
8176284,,,False
8176286,PLCXD1,gene_assignment,True
8176297,SHOX,gene_assignment,True
8176306,CSF2RA,gene_assignment,True
8176323,IL3RA,gene_assignment,True
8176336,ASMTL-AS,gene_assignment,True
8176342,ASMT,gene_assignment,True
8176360,CD99,gene_assignment,True
8176375,RPS4Y1,gene_assignment,True
8176384,ZFY,gene_assignment,True
8176397,TGIF2LY,gene_assignment,True
8176400,PCDH11Y,gene_assignment,True
8176415,,,False
8176419,TSPY2,gene_assignment,True
8176427,,,False
8176429,TTTY1,gene_assignment,True
8176435,TTTY7,gene_assignment,True
8176442,TBL1Y,gene_assignment,True
8176460,PRKY,gene_assignment,True
8176471,TTTY12,gene_assignment,True
8176482,,,False
8176484,TSPY3,gene_assignment,True
8176494,TSPY3,gene_assignment,True
8176508,TSPY3,gene_assignment,True
8176517,TSPY1,gene_assignment,True
8176524,TSPY3,gene_assignment,True
8176532,TSPY3,gene_assignment,True
8176544,TSPY3,gene_assignment,True
8176553,TTTY8,gene_assignment,True
8176558,TTTY2,gene_assignment,True
8176566,,,False
8176568,,,False
8176570,DUX4L4,gene_assignment,True
8176572,,,False
8176574,LOC652811,gene_assignment,True
8176578,USP9Y,gene_assignment,True
8176624,DDX3Y,gene_assignment,True
8176644,TMSB4Y,gene_assignment,True
8176648,,,False
8176650,VCY,gene_assignment,True
8176655,NLGN4Y,gene_assignment,True
8176663,,,False
8176665,,,False
8176667,,,False
8176669,,,False
8176671,CDY1,gene_assignment,True
8176673,,,False
8176675,XKRY,gene_assignment,True
8176679,,,False
8176681,HSFY2,gene_assignment,True
8176692,TTTY9A,gene_assignment,True
8176698,CYORF15A,gene_assignment,True
8176709,CYORF15B,gene_assignment,True
8176719,EIF1AY,gene_assignment,True
8176730,RPS4Y2,gene_assignment,True
8176737,,,False
8176742,RBMY1A1,gene_assignment,True
8176753,RBMY1B,gene_assignment,True
8176766,RBMY1A1,gene_assignment,True
8176779,,,False
8176782,TTTY6,gene_assignment,True
8176789,RBMY1A1,gene_assignment,True
8176806,PRY,gene_assignment,True
8176815,,,False
8176817,,,False
8176821,BPY2,gene_assignment,True
8176832,DAZ2,gene_assignment,True
8176865,,,False
8176867,BPY2,gene_assignment,True
8176878,DAZ1,gene_assignment,True
8176910,GOLGA2P2Y,gene_assignment,True
8176921,,,False
8176923,CSPG4P1Y,gene_assignment,True
8176926,CDY1,gene_assignment,True
8176931,,,False
8176933,,,False
8176935,PRY,gene_assignment,True
8176941,,,False
8176943,,,False
8176949,,,False
8176951,,,False
8176955,SPRY3,gene_assignment,True
8176962,VAMP7,gene_assignment,True
8176972,IL9R,gene_assignment,True
8176986,PPP2R3B,gene_assignment,True
8177003,SLC25A6,gene_assignment,True
8177011,ASMTL,gene_assignment,True
8177026,P2RY8,gene_assignment,True
8177029,ZBED1,gene_assignment,True
8177038,SRY,gene_assignment,True
8177044,,,False
8177046,,,False
8177048,TTTY8,gene_assignment,True
8177053,TTTY2,gene_assignment,True
8177061,AMELY,gene_assignment,True
8177068,,,False
8177072,BC041884,gene_assignment,True
8177085,TTTY11,gene_assignment,True
8177092,,,False
8177096,RBMY1A3P,gene_assignment,True
8177101,TTTY7,gene_assignment,True
8177108,TTTY1,gene_assignment,True
8177114,,,False
8177120,MAFIP,gene_assignment,True
8177130,NHEDC1,gene_assignment,True
8177137,UTY,gene_assignment,True
8177169,VCY,gene_assignment,True
8177174,,,False
8177176,,,False
8177180,XKRY,gene_assignment,True
8177184,,,False
8177186,CDY1,gene_assignment,True
8177189,,,False
8177191,,,False
8177193,,,False
8177195,TTTY9A,gene_assignment,True
8177201,HSFY2,gene_assignment,True
8177212,,,False
8177214,NCRNA00185,gene_assignment,True
8177217,TTTY14,gene_assignment,True
8177222,CD24,gene_assignment,True
8177229,BCORP1,gene_assignment,True
8177232,KDM5D,gene_assignment,True
8177261,TTTY10,gene_assignment,True
8177269,,,False
8177273,,,False
8177277,RBMY2EP,gene_assignment,True
8177280,,,False
8177282,TTTY13,gene_assignment,True
8177290,RBMY1B,gene_assignment,True
8177303,RBMY1B,gene_assignment,True
8177323,PRY,gene_assignment,True
8177331,RBMY1A1,gene_assignment,True
8177344,TTTY5,gene_assignment,True
8177347,TTTY6,gene_assignment,True
8177354,DAZ1,gene_assignment,True
8177389,,,False
8177393,,,False
8177395,PRY,gene_assignment,True
8177401,,,False
8177403,,,False
8177405,CDY1,gene_assignment,True
8177410,CSPG4P1Y,gene_assignment,True
8177413,GOLGA2P2Y,gene_assignment,True
8177424,,,False
8177426,DAZ2,gene_assignment,True
8177449,BPY2,gene_assignment,True
8177460,,,False
8177462,CDK7,gene_assignment,True
8177478,RAD17,gene_assignment,True
8177498,MARVELD2,gene_assignment,True
8177507,GTF2H2,gene_assignment,True
8177527,NAIP,gene_assignment,True
8177544,SMA5,gene_assignment,True
8177554,PMCHL2,gene_assignment,True
8177560,BDP1,gene_assignment,True
8177601,MCCC2,gene_assignment,True
8177620,CARTPT,gene_assignment,True
8177628,CCDC125,gene_assignment,True
8177635,TAF9,gene_assignment,True
8177647,SMN1,gene_assignment,True
8177658,SERF1A,gene_assignment,True
8177669,SMA5,gene_assignment,True
8177674,GTF2H2D,gene_assignment,True
8177694,OR2J3,gene_assignment,True
8177696,OR2J2,gene_assignment,True
8177698,OR14J1,gene_assignment,True
8177700,OR12D2,gene_assignment,True
8177704,OR10C1,gene_assignment,True
8177706,OR2H2,gene_assignment,True
8177709,MOG,gene_assignment,True
8177717,HLA-F,gene_assignment,True
8177725,HLA-G,gene_assignment,True
8177732,HLA-A,gene_assignment,True
8177740,HCG9,gene_assignment,True
8177744,PPP1R11,gene_assignment,True
8177750,TRIM40,gene_assignment,True
8177760,TRIM15,gene_assignment,True
8177770,TRIM39,gene_assignment,True
8177782,RPP21,gene_assignment,True
8177788,HLA-E,gene_assignment,True
8177797,ABCF1,gene_assignment,True
8177824,MRPS18B,gene_assignment,True
8177834,ATAT1,gene_assignment,True
8177851,C6ORF136,gene_assignment,True
8177858,TUBB,gene_assignment,True
8177867,DDR1,gene_assignment,True
8177885,GTF2H4,gene_assignment,True
8177901,VARS2,gene_assignment,True
8177931,MUC21,gene_assignment,True
8177938,PSORS1C1,gene_assignment,True
8177947,TCF19,gene_assignment,True
8177951,HCG27,gene_assignment,True
8177955,MICB,gene_assignment,True
8177964,MCCD1,gene_assignment,True
8177967,NFKBIL1,gene_assignment,True
8177976,LTA,gene_assignment,True
8177983,TNF,gene_assignment,True
8177988,LST1,gene_assignment,True
8177996,AIF1,gene_assignment,True
8178011,BAT2,gene_assignment,True
8178043,APOM,gene_assignment,True
8178050,CSNK2B,gene_assignment,True
8178059,LY6G5B,gene_assignment,True
8178063,LY6G6F,gene_assignment,True
8178070,LY6G6D,gene_assignment,True
8178074,C6ORF25,gene_assignment,True
8178080,C6ORF26,gene_assignment,True
8178086,HSPA1B,gene_assignment,True
8178090,C6ORF48,gene_assignment,True
8178095,C2,gene_assignment,True
8178115,CFB,gene_assignment,True
8178136,SKIV2L,gene_assignment,True
8178164,STK19,gene_assignment,True
8178177,CYP21A2,gene_assignment,True
8178188,RNF5P1,gene_assignment,True
8178193,HLA-DRA,gene_assignment,True
8178199,HLA-DQA1,gene_assignment,True
8178205,HLA-DQA2,gene_assignment,True
8178211,PSMB9,gene_assignment,True
8178220,HLA-DPB1,gene_assignment,True
8178225,SLC39A7,gene_assignment,True
8178234,HSD17B8,gene_assignment,True
8178244,RING1,gene_assignment,True
8178253,RPS18,gene_assignment,True
8178264,B3GALT4,gene_assignment,True
8178270,PFDN6,gene_assignment,True
8178275,ZNF311,gene_assignment,True
8178283,OR2W1,gene_assignment,True
8178285,OR2B3,gene_assignment,True
8178287,OR5V1,gene_assignment,True
8178289,OR12D3,gene_assignment,True
8178291,OR11A1,gene_assignment,True
8178293,MAS1L,gene_assignment,True
8178295,UBD,gene_assignment,True
8178298,GABBR1,gene_assignment,True
8178322,SUMO2,gene_assignment,True
8178324,AF032109,gene_assignment,True
8178326,RNF39,gene_assignment,True
8178330,TRIM31,gene_assignment,True
8178338,TRIM10,gene_assignment,True
8178346,GNL1,gene_assignment,True
8178358,PPP1R10,gene_assignment,True
8178377,DHX16,gene_assignment,True
8178399,NRM,gene_assignment,True
8178404,MDC1,gene_assignment,True
8178419,FLOT1,gene_assignment,True
8178435,IER3,gene_assignment,True
8178439,C6ORF15,gene_assignment,True
8178442,CDSN,gene_assignment,True
8178445,PSORS1C2,gene_assignment,True
8178448,CCHCR1,gene_assignment,True
8178470,POU5F1,gene_assignment,True
8178476,BAT1,gene_assignment,True
8178489,HLA-C,gene_assignment,True
8178498,HLA-B,gene_assignment,True
8178508,ATP6V1G2,gene_assignment,True
8178512,LTB,gene_assignment,True
8178517,NCR3,gene_assignment,True
8178526,BAT3,gene_assignment,True
8178552,C6ORF47,gene_assignment,True
8178554,LY6G5C,gene_assignment,True
8178561,BAT5,gene_assignment,True
8178582,LY6G6E,gene_assignment,True
8178586,LY6G6C,gene_assignment,True
8178590,DDAH2,gene_assignment,True
8178598,CLIC1,gene_assignment,True
8178609,VARS,gene_assignment,True
8178641,LSM2,gene_assignment,True
8178650,HSPA1L,gene_assignment,True
8178653,SLC44A4,gene_assignment,True
8178676,NEU1,gene_assignment,True
8178683,ZBTB12,gene_assignment,True
8178686,RDBP,gene_assignment,True
8178699,DOM3Z,gene_assignment,True
8178712,TNXB,gene_assignment,True
8178727,ATF6B,gene_assignment,True
8178749,FKBPL,gene_assignment,True
8178754,PRRT1,gene_assignment,True
8178762,AGPAT1,gene_assignment,True
8178771,AGER,gene_assignment,True
8178790,GPSM3,gene_assignment,True
8178795,BTNL2,gene_assignment,True
8178802,HLA-DRB3,gene_assignment,True
8178811,AK293020,gene_assignment,True
8178826,ENST00000399084,gene_assignment,True
8178833,HLA-DOB,gene_assignment,True
8178841,TAP2,gene_assignment,True
8178855,PSMB8,gene_assignment,True
8178867,TAP1,gene_assignment,True
8178882,AF275684,gene_assignment,True
8178884,HLA-DMA,gene_assignment,True
8178891,HLA-DPA1,gene_assignment,True
8178897,COL11A2,gene_assignment,True
8178903,RXRB,gene_assignment,True
8178917,VPS52,gene_assignment,True
8178939,WDR46,gene_assignment,True
8178955,RGL2,gene_assignment,True
8178977,TAPBP,gene_assignment,True
8178988,ZBTB22,gene_assignment,True
8178991,DAXX,gene_assignment,True
8179003,OR2J3,gene_assignment,True
8179005,OR2J2,gene_assignment,True
8179007,OR10C1,gene_assignment,True
8179009,OR2H2,gene_assignment,True
8179011,MOG,gene_assignment,True
8179019,HLA-F,gene_assignment,True
8179028,AK128290,gene_assignment,True
8179034,HLA-G,gene_assignment,True
8179041,D32129,gene_assignment,True
8179049,HLA-J,gene_assignment,True
8179055,ZNRD1,gene_assignment,True
8179060,TRIM40,gene_assignment,True
8179070,TRIM15,gene_assignment,True
8179080,HLA-L,gene_assignment,True
8179088,TRIM39,gene_assignment,True
8179097,RPP21,gene_assignment,True
8179103,HLA-E,gene_assignment,True
8179112,ABCF1,gene_assignment,True
8179139,MRPS18B,gene_assignment,True
8179149,ATAT1,gene_assignment,True
8179167,C6ORF136,gene_assignment,True
8179174,TUBB,gene_assignment,True
8179184,DDR1,gene_assignment,True
8179205,GTF2H4,gene_assignment,True
8179221,DPCR1,gene_assignment,True
8179224,MUC21,gene_assignment,True
8179228,TCF19,gene_assignment,True
8179235,HCG27,gene_assignment,True
8179238,MICA,gene_assignment,True
8179246,MCCD1,gene_assignment,True
8179249,NFKBIL1,gene_assignment,True
8179258,LTA,gene_assignment,True
8179263,TNF,gene_assignment,True
8179268,LST1,gene_assignment,True
8179276,AIF1,gene_assignment,True
8179291,APOM,gene_assignment,True
8179298,CSNK2B,gene_assignment,True
8179309,LY6G6D,gene_assignment,True
8179313,C6ORF25,gene_assignment,True
8179322,HSPA1A,gene_assignment,True
8179324,HSPA1B,gene_assignment,True
8179326,C6ORF48,gene_assignment,True
8179331,C2,gene_assignment,True
8179351,CFB,gene_assignment,True
8179364,SKIV2L,gene_assignment,True
8179391,STK19,gene_assignment,True
8179399,C4A,gene_assignment,True
8179440,CYP21A2,gene_assignment,True
8179451,PPT2,gene_assignment,True
8179472,RNF5,gene_assignment,True
8179481,HLA-DRA,gene_assignment,True
8179489,HLA-DQA1,gene_assignment,True
8179495,PSMB9,gene_assignment,True
8179504,BRD2,gene_assignment,True
8179519,HLA-DPB1,gene_assignment,True
8179525,SLC39A7,gene_assignment,True
8179534,HSD17B8,gene_assignment,True
8179544,RPS18,gene_assignment,True
8179555,B3GALT4,gene_assignment,True
8179559,PFDN6,gene_assignment,True
8179564,KIFC1,gene_assignment,True
8179575,TRIM27,gene_assignment,True
8179587,OR2W1,gene_assignment,True
8179589,OR2B3,gene_assignment,True
8179591,OR11A1,gene_assignment,True
8179593,MAS1L,gene_assignment,True
8179595,GABBR1,gene_assignment,True
8179617,TRIM31,gene_assignment,True
8179628,TRIM10,gene_assignment,True
8179638,TRIM26,gene_assignment,True
8179648,GNL1,gene_assignment,True
8179664,PPP1R10,gene_assignment,True
8179683,NRM,gene_assignment,True
8179688,FLOT1,gene_assignment,True
8179704,IER3,gene_assignment,True
8179709,SFTA2,gene_assignment,True
8179713,C6ORF15,gene_assignment,True
8179716,CDSN,gene_assignment,True
8179719,POU5F1,gene_assignment,True
8179727,AY484516,gene_assignment,True
8179731,BC091497,gene_assignment,True
8179750,BAT1,gene_assignment,True
8179762,ATP6V1G2,gene_assignment,True
8179768,LTB,gene_assignment,True
8179773,NCR3,gene_assignment,True
8179782,BAT3,gene_assignment,True
8179808,C6ORF47,gene_assignment,True
8179810,LY6G6E,gene_assignment,True
8179814,LY6G6C,gene_assignment,True
8179819,DDAH2,gene_assignment,True
8179827,CLIC1,gene_assignment,True
8179839,LSM2,gene_assignment,True
8179848,HSPA1L,gene_assignment,True
8179851,NEU1,gene_assignment,True
8179861,SLC44A4,gene_assignment,True
8179884,EHMT2,gene_assignment,True
8179913,RDBP,gene_assignment,True
8179926,DOM3Z,gene_assignment,True
8179935,TNXB,gene_assignment,True
8179950,PRRT1,gene_assignment,True
8179958,AGPAT1,gene_assignment,True
8179967,AGER,gene_assignment,True
8179987,GPSM3,gene_assignment,True
8179996,BTNL2,gene_assignment,True
8180003,HLA-DRB3,gene_assignment,True
8180022,ENST00000399084,gene_assignment,True
8180029,ENST00000399658,gene_assignment,True
8180034,TAP2,gene_assignment,True
8180049,PSMB8,gene_assignment,True
8180061,TAP1,gene_assignment,True
8180076,AF275684,gene_assignment,True
8180078,HLA-DMB,gene_assignment,True
8180086,HLA-DMA,gene_assignment,True
8180093,HLA-DOA,gene_assignment,True
8180100,HLA-DPA1,gene_assignment,True
8180105,COL11A2,gene_assignment,True
8180111,RXRB,gene_assignment,True
8180123,VPS52,gene_assignment,True
8180144,RGL2,gene_assignment,True
8180166,TAPBP,gene_assignment,True
8180179,DAXX,gene_assignment,True
7897293,,,False
7897422,,,False
7897661,,,False
7898355,,,False
7898373,,,False
7898405,,,False
7898570,,,False
7898675,,,False
7898856,,,False
7899151,,,False
7900350,,,False
7900538,,,False
7900876,,,False
7901036,,,False
7901071,,,False
7901227,,,False
7901361,,,False
7901495,,,False
7901563,,,False
7901710,,,False
7901712,,,False
7901746,,,False
7901911,,,False
7902036,,,False
7902203,,,False
7902472,,,False
7903008,,,False
7903026,,,False
7903030,,,False
7903109,,,False
7903111,,,False
7903113,,,False
7903186,,,False
7903399,,,False
7903455,,,False
7903906,,,False
7904713,,,False
7904863,,,False
7904865,,,False
7904867,,,False
7904877,,,False
7904921,,,False
7904946,,,False
7904955,,,False
7904959,,,False
7905033,,,False
7905035,,,False
7905037,,,False
7905039,,,False
7905698,,,False
7906753,,,False
7906898,,,False
7907368,,,False
7907464,,,False
7907535,,,False
7907747,,,False
7907960,,,False
7907962,,,False
7907964,,,False
7907966,,,False
7908159,,,False
7908593,,,False
7908610,,,False
7909125,,,False
7909811,,,False
7909896,,,False
7910672,,,False
7910676,,,False
7910897,,,False
7910899,,,False
7910903,,,False
7910905,,,False
7910907,,,False
7910909,,,False
7910911,,,False
7910944,,,False
7910946,,,False
7911047,,,False
7911094,,,False
7911108,,,False
7911110,,,False
7911136,,,False
7912155,,,False
7912164,,,False
7912207,,,False
7912252,,,False
7912529,,,False
7912535,,,False
7912625,,,False
7912627,,,False
7912806,,,False
7912882,,,False
7914038,,,False
7914040,,,False
7914137,,,False
7914182,,,False
7914200,,,False
7914496,,,False
7914498,,,False
7914555,,,False
7914628,,,False
7914807,,,False
7914992,,,False
7915331,,,False
7915466,,,False
7916075,,,False
7916246,,,False
7916487,,,False
7916491,,,False
7916725,,,False
7916832,,,False
7916834,,,False
7916851,,,False
7917000,,,False
7917050,,,False
7917672,,,False
7917735,,,False
7917739,,,False
7917790,,,False
7917792,,,False
7917794,,,False
7918149,,,False
7918151,,,False
7918153,,,False
7918898,,,False
7918923,,,False
7919026,,,False
7919129,,,False
7919153,,,False
7919382,,,False
7919384,,,False
7919386,,,False
7919388,,,False
7919403,,,False
7919566,,,False
7919568,,,False
7919572,,,False
7919574,,,False
7919598,,,False
7919600,,,False
7919602,,,False
7919761,,,False
7919776,,,False
7919778,,,False
7920025,,,False
7921119,,,False
7921932,,,False
7922266,,,False
7923003,,,False
7923037,,,False
7923039,,,False
7923041,,,False
7923440,,,False
7923705,,,False
7923956,,,False
7924148,,,False
7924205,,,False
7924754,,,False
7924756,,,False
7924895,,,False
7924908,,,False
7925056,,,False
7925126,,,False
7925242,,,False
7925244,,,False
7925246,,,False
7925248,,,False
7925318,,,False
7925417,,,False
7925432,,,False
7925434,,,False
7925436,,,False
7925438,,,False
7925440,,,False
7925442,,,False
7925444,,,False
7925446,,,False
7925448,,,False
7925701,,,False
7925724,,,False
7925821,,,False
7926168,,,False
7926383,,,False
7926541,,,False
7926543,,,False
7926672,,,False
7926871,,,False
7926914,,,False
7927058,,,False
7927106,,,False
7927167,,,False
7927641,,,False
7927647,,,False
7927706,,,False
7928058,,,False
7928060,,,False
7928062,,,False
7928328,,,False
7928514,,,False
7928547,,,False
7928549,,,False
7928817,,,False
7929612,,,False
7929614,,,False
7929954,,,False
7930168,,,False
7930629,,,False
7930880,,,False
7931726,,,False
7931850,,,False
7931926,,,False
7932445,,,False
7932447,,,False
7932449,,,False
7932451,,,False
7932550,,,False
7932612,,,False
7932614,,,False
7932742,,,False
7932860,,,False
7932962,,,False
7933045,,,False
7933078,,,False
7933080,,,False
7933082,,,False
7933088,,,False
7933090,,,False
7933113,,,False
7933147,,,False
7933296,,,False
7933421,,,False
7933535,,,False
7933634,,,False
7933758,,,False
7933931,,,False
7934066,,,False
7934072,,,False
7934091,,,False
7934093,,,False
7934095,,,False
7934097,,,False
7934099,,,False
7934154,,,False
7934295,,,False
7934651,,,False
7934810,,,False
7934840,,,False
7934868,,,False
7934883,,,False
7935142,,,False
7935228,,,False
7935690,,,False
7936062,,,False
7936282,,,False
7936406,,,False
7936576,,,False
7936612,,,False
7938299,,,False
7938561,,,False
7938667,,,False
7939003,,,False
7939116,,,False
7939420,,,False
7939432,,,False
7939640,,,False
7940018,,,False
7940042,,,False
7940185,,,False
7940491,,,False
7940660,,,False
7940735,,,False
7940822,,,False
7941795,,,False
7942061,,,False
7942525,,,False
7942814,,,False
7942816,,,False
7942818,,,False
7942820,,,False
7942822,,,False
7942985,,,False
7942987,,,False
7943124,,,False
7943437,,,False
7943513,,,False
7943515,,,False
7943517,,,False
7943519,,,False
7943526,,,False
7943734,,,False
7943954,,,False
7944111,,,False
7944363,,,False
7944716,,,False
7944718,,,False
7944720,,,False
7944765,,,False
7945031,,,False
7945069,,,False
7945260,,,False
7945728,,,False
7945942,,,False
7946328,,,False
7946678,,,False
7946851,,,False
7947136,,,False
7947268,,,False
7947361,,,False
7947510,,,False
7947551,,,False
7947561,,,False
7947607,,,False
7947740,,,False
7947742,,,False
7947890,,,False
7947892,,,False
7947932,,,False
7948033,,,False
7948035,,,False
7948037,,,False
7948320,,,False
7948397,,,False
7948879,,,False
7948918,,,False
7949742,,,False
7949763,,,False
7949946,,,False
7949954,,,False
7950282,,,False
7950423,,,False
7950699,,,False
7950724,,,False
7950762,,,False
7950794,,,False
7950897,,,False
7951161,,,False
7951335,,,False
7951337,,,False
7951339,,,False
7951341,,,False
7951343,,,False
7951345,,,False
7951347,,,False
7951349,,,False
7951420,,,False
7951652,,,False
7951670,,,False
7951701,,,False
7951715,,,False
7952223,,,False
7952225,,,False
7952675,,,False
7952750,,,False
7953620,,,False
7953687,,,False
7953697,,,False
7953979,,,False
7954008,,,False
7954100,,,False
7954102,,,False
7954375,,,False
7954465,,,False
7954488,,,False
7954490,,,False
7954602,,,False
7954783,,,False
7954787,,,False
7954938,,,False
7954961,,,False
7954963,,,False
7955421,,,False
7956741,,,False
7957006,,,False
7957273,,,False
7957431,,,False
7957476,,,False
7957497,,,False
7957499,,,False
7957532,,,False
7957733,,,False
7957960,,,False
7959010,,,False
7959100,,,False
7959144,,,False
7959292,,,False
7959572,,,False
7959775,,,False
7959823,,,False
7959825,,,False
7959848,,,False
7960355,,,False
7960512,,,False
7960700,,,False
7960813,,,False
7960815,,,False
7960817,,,False
7960819,,,False
7960846,,,False
7960863,,,False
7961438,,,False
7961602,,,False
7961652,,,False
7961887,,,False
7961962,,,False
7962083,,,False
7962181,,,False
7962197,,,False
7962240,,,False
7962246,,,False
7962248,,,False
7962325,,,False
7962345,,,False
7962347,,,False
7963137,,,False
7963206,,,False
7963208,,,False
7964260,,,False
7964594,,,False
7964598,,,False
7964629,,,False
7964675,,,False
7964685,,,False
7964720,,,False
7964785,,,False
7964979,,,False
7964985,,,False
7965673,,,False
7965840,,,False
7965842,,,False
7966225,,,False
7966257,,,False
7966666,,,False
7967032,,,False
7967654,,,False
7967656,,,False
7967658,,,False
7967874,,,False
7968002,,,False
7968197,,,False
7968252,,,False
7968329,,,False
7968970,,,False
7969565,,,False
7969567,,,False
7969611,,,False
7969772,,,False
7969774,,,False
7969828,,,False
7969879,,,False
7970565,,,False
7970840,,,False
7970842,,,False
7970945,,,False
7970973,,,False
7971367,,,False
7971417,,,False
7971535,,,False
7971537,,,False
7971862,,,False
7971903,,,False
7971911,,,False
7971931,,,False
7971933,,,False
7971935,,,False
7972215,,,False
7972253,,,False
7972255,,,False
7972289,,,False
7972365,,,False
7972367,,,False
7972418,,,False
7972709,,,False
7972803,,,False
7973032,,,False
7973114,,,False
7973754,,,False
7973838,,,False
7973867,,,False
7973869,,,False
7973873,,,False
7973898,,,False
7973946,,,False
7973983,,,False
7974192,,,False
7974194,,,False
7974247,,,False
7974335,,,False
7974445,,,False
7974479,,,False
7974687,,,False
7975408,,,False
7975455,,,False
7976053,,,False
7976055,,,False
7976061,,,False
7976063,,,False
7976065,,,False
7976067,,,False
7976152,,,False
7977103,,,False
7977117,,,False
7977201,,,False
7977480,,,False
7977611,,,False
7977613,,,False
7977953,,,False
7978054,,,False
7978064,,,False
7978401,,,False
7978405,,,False
7978664,,,False
7978909,,,False
7979127,,,False
7979355,,,False
7979398,,,False
7979412,,,False
7979414,,,False
7979755,,,False
7979806,,,False
7979902,,,False
7980001,,,False
7980003,,,False
7980113,,,False
7980304,,,False
7980574,,,False
7980578,,,False
7980603,,,False
7980688,,,False
7980700,,,False
7982127,,,False
7982290,,,False
7982591,,,False
7982935,,,False
7982955,,,False
7983270,,,False
7983391,,,False
7983614,,,False
7983775,,,False
7983826,,,False
7983922,,,False
7983924,,,False
7983926,,,False
7983951,,,False
7984188,,,False
7984261,,,False
7984538,,,False
7984624,,,False
7985442,,,False
7985569,,,False
7985932,,,False
7986327,,,False
7986348,,,False
7986567,,,False
7986633,,,False
7986975,,,False
7987308,,,False
7987379,,,False
7987464,,,False
7987466,,,False
7987468,,,False
7987470,,,False
7987572,,,False
7988344,,,False
7988348,,,False
7988424,,,False
7988440,,,False
7989157,,,False
7989193,,,False
7989197,,,False
7989216,,,False
7989218,,,False
7989487,,,False
7990029,,,False
7990616,,,False
7990755,,,False
7990808,,,False
7990825,,,False
7990914,,,False
7990963,,,False
7991104,,,False
7991169,,,False
7991451,,,False
7991467,,,False
7991540,,,False
7991562,,,False
7991638,,,False
7992742,,,False
7992756,,,False
7992841,,,False
7992861,,,False
7992891,,,False
7992893,,,False
7993017,,,False
7993157,,,False
7993165,,,False
7993181,,,False
7993183,,,False
7993798,,,False
7993831,,,False
7994091,,,False
7995320,,,False
7995322,,,False
7995324,,,False
7995326,,,False
7995328,,,False
7995330,,,False
7995332,,,False
7995334,,,False
7995336,,,False
7995338,,,False
7995340,,,False
7995342,,,False
7995344,,,False
7995346,,,False
7995348,,,False
7995350,,,False
7995352,,,False
7995417,,,False
7995523,,,False
7996943,,,False
7996945,,,False
7997228,,,False
7997245,,,False
7997319,,,False
7997498,,,False
7997500,,,False
7998927,,,False
7998929,,,False
7998961,,,False
7998963,,,False
7998965,,,False
7999171,,,False
7999315,,,False
7999404,,,False
7999406,,,False
7999408,,,False
7999410,,,False
7999476,,,False
7999999,,,False
8000001,,,False
8000614,,,False
8000632,,,False
8000746,,,False
8000928,,,False
8001183,,,False
8001535,,,False
8001680,,,False
8002320,,,False
8002937,,,False
8003066,,,False
8003075,,,False
8003226,,,False
8003465,,,False
8003857,,,False
8003889,,,False
8004532,,,False
8005153,,,False
8005221,,,False
8005574,,,False
8005601,,,False
8005628,,,False
8005630,,,False
8005632,,,False
8005634,,,False
8005636,,,False
8005655,,,False
8005683,,,False
8005745,,,False
8005749,,,False
8005751,,,False
8005753,,,False
8005755,,,False
8005757,,,False
8005759,,,False
8005761,,,False
8005763,,,False
8006081,,,False
8006296,,,False
8006502,,,False
8006590,,,False
8007497,,,False
8007499,,,False
8007501,,,False
8007605,,,False
8008038,,,False
8008170,,,False
8008778,,,False
8008780,,,False
8008782,,,False
8008965,,,False
8009006,,,False
8009275,,,False
8009299,,,False
8009324,,,False
8009524,,,False
8009759,,,False
8010057,,,False
8010768,,,False
8011009,,,False
8012841,,,False
8012852,,,False
8013354,,,False
8013356,,,False
8013358,,,False
8013360,,,False
8013362,,,False
8013484,,,False
8013517,,,False
8013519,,,False
8013521,,,False
8013523,,,False
8013525,,,False
8013527,,,False
8013529,,,False
8013531,,,False
8013572,,,False
8013915,,,False
8014140,,,False
8014158,,,False
8014167,,,False
8014452,,,False
8014954,,,False
8015410,,,False
8015735,,,False
8015796,,,False
8015804,,,False
8016868,,,False
8017829,,,False
8018078,,,False
8018816,,,False
8018870,,,False
8018935,,,False
8019643,,,False
8020239,,,False
8020449,,,False
8020453,,,False
8020491,,,False
8020549,,,False
8020666,,,False
8020722,,,False
8021013,,,False
8021043,,,False
8021185,,,False
8021363,,,False
8021368,,,False
8021480,,,False
8021664,,,False
8022043,,,False
8022174,,,False
8022245,,,False
8022249,,,False
8022279,,,False
8022471,,,False
8022608,,,False
8022642,,,False
8022761,,,False
8023061,,,False
8023078,,,False
8023189,,,False
8023312,,,False
8023547,,,False
8023708,,,False
8023755,,,False
8023939,,,False
8025982,,,False
8025990,,,False
8026363,,,False
8026418,,,False
8026420,,,False
8026422,,,False
8026696,,,False
8027167,,,False
8027266,,,False
8027352,,,False
8027383,,,False
8027429,,,False
8027437,,,False
8027519,,,False
8028002,,,False
8028102,,,False
8028275,,,False
8028277,,,False
8028279,,,False
8028281,,,False
8029278,,,False
8029299,,,False
8031011,,,False
8031680,,,False
8031682,,,False
8031684,,,False
8031865,,,False
8031867,,,False
8031931,,,False
8032507,,,False
8033330,,,False
8034297,,,False
8034330,,,False
8034332,,,False
8034871,,,False
8035232,,,False
8035787,,,False
8035859,,,False
8035937,,,False
8036416,,,False
8036418,,,False
8036557,,,False
8037001,,,False
8039084,,,False
8039090,,,False
8039092,,,False
8039094,,,False
8039164,,,False
8040034,,,False
8040334,,,False
8040336,,,False
8040372,,,False
8040426,,,False
8040514,,,False
8040549,,,False
8041234,,,False
8041255,,,False
8041281,ENST00000238831,gene_assignment,True
8041420,,,False
8041636,,,False
8041642,,,False
8042111,,,False
8042117,,,False
8042257,,,False
8042306,,,False
8042324,,,False
8042462,,,False
8042556,,,False
8042972,,,False
8043022,,,False
8043024,,,False
8043026,,,False
8043028,,,False
8043030,,,False
8043032,,,False
8043034,,,False
8043098,,,False
8043347,,,False
8043379,,,False
8043498,,,False
8043500,,,False
8043502,,,False
8043685,,,False
8044415,,,False
8044735,,,False
8044737,,,False
8044739,,,False
8044741,,,False
8044743,,,False
8044878,,,False
8044911,,,False
8044913,,,False
8044915,,,False
8044917,,,False
8044959,,,False
8044963,,,False
8045151,,,False
8045153,,,False
8045155,,,False
8045157,,,False
8045159,,,False
8045161,,,False
8045163,,,False
8045165,,,False
8045167,,,False
8045169,,,False
8045277,,,False
8045279,,,False
8045281,,,False
8045283,,,False
8045285,,,False
8045287,,,False
8045343,,,False
8045527,,,False
8045529,,,False
8045531,,,False
8045533,,,False
8045535,,,False
8045559,,,False
8045561,,,False
8045695,,,False
8045800,,,False
8045802,,,False
8045804,,,False
8045806,,,False
8045808,,,False
8045810,,,False
8046586,,,False
8046757,,,False
8047159,,,False
8047241,,,False
8047377,,,False
8047379,,,False
8047457,,,False
8047459,,,False
8047463,,,False
8047555,,,False
8047557,,,False
8047559,,,False
8047561,,,False
8047563,,,False
8047736,,,False
8048077,,,False
8048079,,,False
8048108,,,False
8048110,,,False
8048705,,,False
8048761,,,False
8049071,,,False
8049073,,,False
8049195,,,False
8049235,,,False
8050093,,,False
8050365,,,False
8050425,,,False
8051462,,,False
8051571,,,False
8051744,,,False
8051924,,,False
8052054,,,False
8052139,,,False
8052397,,,False
8052416,,,False
8052581,,,False
8052592,,,False
8052676,,,False
8052932,,,False
8053313,,,False
8053347,,,False
8053362,,,False
8053364,,,False
8053482,,,False
8053795,,,False
8054037,,,False
8054354,,,False
8054796,,,False
8054798,,,False
8054800,,,False
8054802,,,False
8054941,,,False
8055135,,,False
8055171,,,False
8055198,,,False
8055200,,,False
8055202,,,False
8055204,,,False
8055206,,,False
8055263,,,False
8055265,,,False
8055267,,,False
8055269,,,False
8055271,,,False
8055273,,,False
8055277,,,False
8055279,,,False
8055309,,,False
8055312,,,False
8055484,,,False
8055486,,,False
8055488,,,False
8055490,,,False
8055492,,,False
8055590,,,False
8055592,,,False
8055594,,,False
8055596,,,False
8055598,,,False
8055600,,,False
8055602,,,False
8055604,,,False
8055950,,,False
8056039,,,False
8056041,,,False
8056566,,,False
8056568,,,False
8056726,,,False
8056821,,,False
8057032,,,False
8057711,,,False
8057742,,,False
8057817,,,False
8058104,,,False
8058145,,,False
8058195,,,False
8058197,,,False
8058199,,,False
8058256,,,False
8058340,,,False
8058342,,,False
8058344,,,False
8058346,,,False
8058348,,,False
8058388,,,False
8058456,,,False
8058516,,,False
8058658,,,False
8058660,,,False
8058662,,,False
8058664,,,False
8058666,,,False
8058668,,,False
8058693,,,False
8059277,,,False
8059343,,,False
8059549,,,False
8059578,,,False
8059729,,,False
8059949,,,False
8059951,,,False
8059953,,,False
8060255,,,False
8060416,,,False
8060893,,,False
8060947,,,False
8061064,,,False
8061112,,,False
8061169,,,False
8061222,,,False
8061481,,,False
8061507,,,False
8062337,,,False
8062599,,,False
8062842,,,False
8062862,,,False
8062962,,,False
8063349,,,False
8063433,,,False
8063534,,,False
8063545,,,False
8063549,,,False
8064462,,,False
8064842,,,False
8065009,,,False
8065069,,,False
8065163,,,False
8065198,,,False
8065332,,,False
8065515,,,False
8065752,,,False
8065990,,,False
8066210,,,False
8066343,,,False
8067111,,,False
8067155,,,False
8067197,,,False
8067199,,,False
8067201,,,False
8067950,,,False
8067983,,,False
8068214,,,False
8068216,,,False
8068218,,,False
8068391,,,False
8068393,,,False
8068395,,,False
8068610,,,False
8068733,,,False
8069133,,,False
8069206,,,False
8069519,,,False
8069559,,,False
8069608,,,False
8069666,,,False
8069983,,,False
8070169,,,False
8070171,,,False
8070213,,,False
8070396,,,False
8070601,,,False
8070714,,,False
8070755,,,False
8071202,,,False
8071373,,,False
8071545,,,False
8071595,,,False
8071715,,,False
8071817,,,False
8072141,,,False
8072411,,,False
8072575,,,False
8072727,,,False
8072729,,,False
8072731,,,False
8072733,,,False
8072775,,,False
8073330,,,False
8073680,,,False
8074249,,,False
8074556,,,False
8074642,,,False
8074744,,,False
8074884,,,False
8074886,,,False
8074956,,,False
8074958,,,False
8074978,,,False
8075061,,,False
8075198,,,False
8075308,,,False
8075553,,,False
8075633,,,False
8075657,,,False
8075693,,,False
8075705,,,False
8075707,,,False
8075776,,,False
8075969,,,False
8076298,,,False
8076382,,,False
8076732,,,False
8077351,,,False
8077526,,,False
8077929,,,False
8078134,,,False
8078185,,,False
8078384,,,False
8078896,,,False
8079138,,,False
8079151,,,False
8079163,,,False
8079867,,,False
8080082,,,False
8080853,,,False
8080936,,,False
8081051,,,False
8081103,,,False
8081109,,,False
8081354,,,False
8081456,,,False
8081458,,,False
8081460,,,False
8081878,,,False
8081951,,,False
8082442,,,False
8082572,,,False
8082795,,,False
8083030,,,False
8083142,,,False
8083453,,,False
8083455,,,False
8083469,,,False
8083747,,,False
8083792,,,False
8083937,,,False
8084000,,,False
8084012,,,False
8084122,,,False
8084217,,,False
8084812,,,False
8084889,,,False
8085120,,,False
8085554,,,False
8085714,,,False
8085730,,,False
8085768,,,False
8085784,,,False
8085811,,,False
8086313,,,False
8086315,,,False
8086370,,,False
8086465,,,False
8086515,,,False
8088172,,,False
8088369,,,False
8088476,,,False
8088524,,,False
8088669,,,False
8088768,,,False
8088842,,,False
8088846,,,False
8088864,,,False
8088952,,,False
8088954,,,False
8088956,,,False
8088996,,,False
8089007,,,False
8089009,,,False
8089106,,,False
8089259,,,False
8089283,,,False
8089285,,,False
8089287,,,False
8089289,,,False
8089291,,,False
8089293,,,False
8089873,,,False
8090212,,,False
8090503,,,False
8090662,,,False
8090676,,,False
8090770,,,False
8090889,,,False
8091118,,,False
8091186,,,False
8091239,,,False
8091241,,,False
8091444,,,False
8091552,,,False
8091558,,,False
8091696,,,False
8091733,,,False
8091809,,,False
8091875,,,False
8091877,,,False
8091879,,,False
8091881,,,False
8091883,,,False
8091885,,,False
8092222,,,False
8092228,,,False
8092594,,,False
8092705,,,False
8092834,,,False
8092886,,,False
8093128,,,False
8094026,,,False
8094142,,,False
8094359,,,False
8094516,,,False
8094518,,,False
8094872,,,False
8094986,,,False
8095078,,,False
8095135,,,False
8095161,,,False
8095295,,,False
8095335,,,False
8095337,,,False
8095339,,,False
8095624,,,False
8095800,,,False
8095832,,,False
8096249,,,False
8096413,,,False
8096438,,,False
8096457,,,False
8096459,,,False
8096531,,,False
8096667,,,False
8096680,,,False
8096731,,,False
8096955,,,False
8096957,,,False
8097030,,,False
8097034,,,False
8097096,,,False
8097146,,,False
8097285,,,False
8097447,,,False
8097457,,,False
8097459,,,False
8097468,,,False
8097472,,,False
8097747,,,False
8097809,,,False
8097936,,,False
8097945,,,False
8097947,,,False
8097949,,,False
8097951,,,False
8097953,,,False
8097955,,,False
8098004,,,False
8098159,,,False
8098240,,,False
8098242,,,False
8098463,,,False
8098547,,,False
8098712,,,False
8099140,,,False
8099324,,,False
8099504,,,False
8099589,,,False
8099591,,,False
8099668,,,False
8099713,,,False
8099715,,,False
8099717,,,False
8099719,,,False
8099811,,,False
8099813,,,False
8099815,,,False
8099922,,,False
8100123,,,False
8100177,,,False
8100229,,,False
8100290,,,False
8100306,,,False
8100376,,,False
8100391,,,False
8100474,,,False
8100530,,,False
8100572,,,False
8100574,,,False
8100576,,,False
8100782,,,False
8100851,,,False
8100941,,,False
8100960,,,False
8100962,,,False
8100964,,,False
8101607,,,False
8101657,,,False
8101721,,,False
8102004,,,False
8102210,,,False
8102212,,,False
8102307,,,False
8102606,,,False
8102695,,,False
8102779,,,False
8102783,,,False
8102869,,,False
8103202,,,False
8103358,,,False
8103360,,,False
8103362,,,False
8103364,,,False
8103366,,,False
8103368,,,False
8103370,,,False
8103372,,,False
8103374,,,False
8103376,,,False
8103460,,,False
8103462,,,False
8103464,,,False
8103516,,,False
8103540,,,False
8103561,,,False
8103743,,,False
8103849,,,False
8103851,,,False
8103873,,,False
8104129,,,False
8104348,,,False
8104443,,,False
8104461,,,False
8104599,,,False
8104607,,,False
8104619,,,False
8104654,,,False
8104659,,,False
8104725,,,False
8104786,,,False
8104823,,,False
8105300,,,False
8105321,,,False
8105434,,,False
8105645,,,False
8106096,,,False
8106514,,,False
8106765,,,False
8106767,,,False
8106814,,,False
8106921,,,False
8107090,,,False
8107092,,,False
8107098,,,False
8107113,,,False
8107115,,,False
8107202,,,False
8107204,,,False
8107206,,,False
8107373,,,False
8107574,,,False
8107671,,,False
8108078,,,False
8108161,,,False
8108401,,,False
8108433,,,False
8108820,,,False
8108903,,,False
8108977,,,False
8109303,,,False
8109436,,,False
8109486,,,False
8109526,,,False
8109570,,,False
8109595,,,False
8109610,,,False
8109637,,,False
8109661,,,False
8109693,,,False
8109695,,,False
8109746,,,False
8109748,,,False
8109826,,,False
8110928,,,False
8110930,,,False
8110980,,,False
8111201,,,False
8111218,,,False
8111251,,,False
8111385,,,False
8112018,,,False
8112256,,,False
8112422,,,False
8112426,,,False
8112433,,,False
8112609,,,False
8112613,,,False
8112726,,,False
8112761,,,False
8112855,,,False
8112886,,,False
8112994,,,False
8113006,,,False
8113301,,,False
8113303,,,False
8113346,,,False
8113348,,,False
8113350,,,False
8113352,,,False
8113354,,,False
8113429,,,False
8113502,,,False
8113614,,,False
8113705,,,False
8113786,,,False
8113788,,,False
8114209,,,False
8114211,,,False
8114213,,,False
8114489,,,False
8114898,,,False
8115010,,,False
8115066,,,False
8115340,,,False
8115342,,,False
8115441,,,False
8115443,,,False
8115673,,,False
8115677,,,False
8115679,,,False
8115849,,,False
8115873,,,False
8116346,,,False
8116502,,,False
8116585,,,False
8116589,,,False
8116906,,,False
8117032,,,False
8117126,,,False
8117187,,,False
8117520,,,False
8117529,,,False
8117531,,,False
8117533,,,False
8117561,,,False
8117563,,,False
8117565,,,False
8117653,,,False
8117698,,,False
8118822,,,False
8119394,,,False
8120057,,,False
8120204,,,False
8120333,,,False
8120717,,,False
8120756,,,False
8120981,,,False
8120990,,,False
8121134,,,False
8121142,,,False
8121249,,,False
8121269,,,False
8121317,,,False
8121390,,,False
8121483,,,False
8121681,,,False
8121743,,,False
8121947,,,False
8122174,,,False
8122200,,,False
8122742,,,False
8122856,,,False
8122877,,,False
8122879,,,False
8122881,,,False
8122883,,,False
8123712,,,False
8123726,,,False
8124018,,,False
8124036,,,False
8124055,,,False
8124192,,,False
8124194,,,False
8124329,,,False
8124457,,,False
8124467,,,False
8124604,,,False
8124606,,,False
8124608,,,False
8125443,,,False
8125445,,,False
8126212,,,False
8126238,,,False
8126482,,,False
8126484,,,False
8126627,,,False
8126950,,,False
8127107,,,False
8127141,,,False
8127143,,,False
8127156,,,False
8127360,,,False
8127362,,,False
8127421,,,False
8127662,,,False
8127686,,,False
8128109,,,False
8128245,,,False
8128282,,,False
8128310,,,False
8128312,,,False
8128549,,,False
8128624,,,False
8128667,,,False
8128934,,,False
8129043,,,False
8129069,,,False
8129390,,,False
8129675,,,False
8130009,,,False
8130183,,,False
8130370,,,False
8130372,,,False
8130406,,,False
8130462,,,False
8130472,,,False
8130497,,,False
8130565,,,False
8130662,,,False
8131324,,,False
8131385,,,False
8131612,,,False
8131703,,,False
8131801,,,False
8131811,,,False
8131813,,,False
8131917,,,False
8132034,,,False
8132212,,,False
8132288,,,False
8132413,,,False
8132838,,,False
8132858,,,False
8132909,,,False
8132911,,,False
8132984,,,False
8132986,,,False
8132988,,,False
8132990,,,False
8132992,,,False
8132994,,,False
8132996,,,False
8132998,,,False
8133000,,,False
8133004,,,False
8133006,,,False
8133008,,,False
8133010,,,False
8133012,,,False
8133014,,,False
8133016,,,False
8133032,,,False
8133034,,,False
8133036,,,False
8133040,,,False
8133085,,,False
8133163,,,False
8133219,,,False
8133223,,,False
8133225,,,False
8133227,,,False
8133229,,,False
8133231,,,False
8133702,,,False
8133854,,,False
8133874,,,False
8134024,,,False
8134433,,,False
8135214,,,False
8135271,,,False
8135275,,,False
8135319,,,False
8135486,,,False
8135542,,,False
8135716,,,False
8135772,,,False
8135874,,,False
8135967,,,False
8136059,,,False
8136291,,,False
8136652,,,False
8136656,,,False
8136658,,,False
8136788,,,False
8136790,,,False
8136932,,,False
8136938,,,False
8137040,,,False
8137048,,,False
8137223,,,False
8137466,,,False
8137637,,,False
8138308,,,False
8138483,,,False
8138920,,,False
8138939,,,False
8138995,,,False
8139695,,,False
8139721,,,False
8139776,,,False
8139778,,,False
8139780,,,False
8139782,,,False
8139784,,,False
8139786,,,False
8139788,,,False
8139790,,,False
8139792,,,False
8139794,,,False
8139806,,,False
8139808,,,False
8139810,,,False
8139812,,,False
8139814,,,False
8139816,,,False
8139818,,,False
8139903,,,False
8139905,,,False
8139909,,,False
8139911,,,False
8139913,,,False
8140127,,,False
8140554,,,False
8141146,,,False
8141303,,,False
8141659,,,False
8141746,,,False
8141748,,,False
8141896,,,False
8141946,,,False
8142059,,,False
8142169,,,False
8142403,,,False
8142405,,,False
8142464,,,False
8142876,,,False
8143038,,,False
8143363,,,False
8143457,,,False
8143459,,,False
8143461,,,False
8143599,,,False
8143659,,,False
8143661,,,False
8143710,,,False
8143712,,,False
8143747,,,False
8143955,,,False
8143984,,,False
8144117,,,False
8144119,,,False
8144399,,,False
8144584,,,False
8144619,,,False
8144683,,,False
8144685,,,False
8144703,,,False
8144864,,,False
8144915,,,False
8144951,,,False
8145225,,,False
8145634,,,False
8145768,,,False
8145770,,,False
8145772,,,False
8145774,,,False
8145776,,,False
8145778,,,False
8145780,,,False
8145818,,,False
8145820,,,False
8146239,,,False
8146328,,,False
8146330,,,False
8146332,,,False
8146425,,,False
8146460,,,False
8146635,,,False
8146754,,,False
8146788,,,False
8146790,,,False
8146792,,,False
8146837,,,False
8146859,,,False
8146861,,,False
8146906,,,False
8147047,,,False
8147371,,,False
8147481,,,False
8147541,,,False
8147564,,,False
8147687,,,False
8147742,,,False
8147744,,,False
8147746,,,False
8147748,,,False
8147750,,,False
8147752,,,False
8147754,,,False
8147986,,,False
8147988,,,False
8147990,,,False
8148020,,,False
8148057,,,False
8148196,,,False
8148206,,,False
8148331,,,False
8148446,,,False
8148461,,,False
8148474,,,False
8149067,,,False
8149146,,,False
8149239,,,False
8149262,,,False
8149275,,,False
8149281,,,False
8149625,,,False
8149627,,,False
8149847,,,False
8150032,,,False
8150101,,,False
8150153,,,False
8150155,,,False
8150159,,,False
8150161,,,False
8150163,,,False
8150210,,,False
8150578,,,False
8150580,,,False
8150582,,,False
8150584,,,False
8150588,,,False
8150687,,,False
8150689,,,False
8150860,,,False
8150864,,,False
8151054,,,False
8151090,,,False
8151205,,,False
8151207,,,False
8151209,,,False
8151211,,,False
8151213,,,False
8151217,,,False
8151236,,,False
8151432,,,False
8151445,,,False
8151547,,,False
8151629,,,False
8151657,,,False
8151707,,,False
8151743,,,False
8151745,,,False
8151764,,,False
8152117,,,False
8152213,,,False
8152242,,,False
8152244,,,False
8152246,,,False
8152248,,,False
8152250,,,False
8152333,,,False
8152374,,,False
8152626,,,False
8152664,,,False
8152922,,,False
8153037,,,False
8153041,,,False
8154207,,,False
8154209,,,False
8154211,,,False
8154213,,,False
8154215,,,False
8154217,,,False
8154219,,,False
8154221,,,False
8154223,,,False
8154225,,,False
8154227,,,False
8154361,,,False
8154379,,,False
8154510,,,False
8154527,,,False
8154666,,,False
8154668,,,False
8154729,,,False
8154731,,,False
8154758,,,False
8154763,,,False
8154777,,,False
8154846,,,False
8154868,,,False
8154914,,,False
8155336,,,False
8155338,,,False
8155369,,,False
8155508,,,False
8155528,,,False
8155598,,,False
8155600,,,False
8155881,,,False
8156052,,,False
8156054,,,False
8156056,,,False
8156082,,,False
8156084,,,False
8156086,,,False
8156110,,,False
8156261,,,False
8156337,,,False
8156339,,,False
8156354,,,False
8156356,,,False
8156358,,,False
8156371,,,False
8156579,,,False
8157123,,,False
8157281,,,False
8157485,,,False
8157839,,,False
8157888,,,False
8158511,,,False
8158823,,,False
8158910,,,False
8158928,,,False
8159846,,,False
8159961,,,False
8159963,,,False
8159965,,,False
8159967,,,False
8159969,,,False
8160086,,,False
8160236,,,False
8160276,,,False
8160319,,,False
8160769,,,False
8160782,,,False
8161421,,,False
8161507,,,False
8161642,,,False
8161745,,,False
8161913,,,False
8161917,,,False
8162419,,,False
8162470,,,False
8162667,,,False
8162823,,,False
8162825,,,False
8162927,,,False
8163424,,,False
8163731,,,False
8164060,,,False
8164129,,,False
8164694,,,False
8165860,,,False
8165905,,,False
8165907,,,False
8166351,,,False
8166583,,,False
8166607,,,False
8166663,,,False
8167161,,,False
8167249,,,False
8167874,,,False
8167876,,,False
8167878,,,False
8167945,,,False
8167947,,,False
8167949,,,False
8168016,,,False
8168085,,,False
8168373,,,False
8168644,,,False
8168676,,,False
8168731,,,False
8168735,,,False
8168886,,,False
8168888,,,False
8168890,,,False
8168990,,,False
8168994,,,False
8168996,,,False
8168998,,,False
8169000,,,False
8169002,,,False
8169004,,,False
8169638,,,False
8169699,,,False
8169790,,,False
8169804,,,False
8169806,,,False
8170185,,,False
8170230,,,False
8170239,,,False
8170288,,,False
8170290,,,False
8170292,,,False
8170294,,,False
8170296,,,False
8170464,,,False
8170466,,,False
8171170,,,False
8171195,,,False
8171199,,,False
8171201,,,False
8171203,,,False
8171881,,,False
8172082,,,False
8172252,,,False
8172270,,,False
8172367,,,False
8172711,,,False
8172717,,,False
8173039,,,False
8173154,,,False
8173156,,,False
8173158,,,False
8173160,,,False
8173162,,,False
8173164,,,False
8173166,,,False
8173204,,,False
8173358,,,False
8173360,,,False
8173362,,,False
8173627,,,False
8173924,,,False
8174132,,,False
8174197,,,False
8174199,,,False
8174311,,,False
8174494,,,False
8174596,,,False
8174666,,,False
8174975,,,False
8174977,,,False
8175254,,,False
8175315,,,False
8175438,,,False
8175609,,,False
8176373,,,False
8176395,,,False
8176469,,,False
8176476,,,False
8176478,,,False
8176480,,,False
8176576,,,False
8176677,,,False
8176947,,,False
8177070,,,False
8177079,,,False
8177081,,,False
8177083,,,False
8177116,,,False
8177118,,,False
8177178,,,False
8177227,,,False
8177387,,,False
7892796,,,False
7892925,,,False
7893130,,,False
7893306,,,False
7893613,,,False
7893939,,,False
7894584,,,False
7894611,,,False
7894970,,,False
7895139,,,False
7895220,,,False
7896160,,,False
7896366,,,False
7896687,,,False
7896688,,,False
7896689,,,False
7896690,,,False
7896691,,,False
7896692,,,False
7896693,,,False
7896694,,,False
7896695,,,False
7896696,,,False
7896697,,,False
7896698,,,False
7896699,,,False
7896700,,,False
7896701,,,False
7896702,,,False
7896703,,,False
7896704,,,False
7896705,,,False
7896706,,,False
7896707,,,False
7896708,,,False
7896709,,,False
7896710,,,False
7896711,,,False
7896712,,,False
7896713,,,False
7896714,,,False
7896715,,,False
7896716,,,False
7896717,,,False
7896718,,,False
7896719,,,False
7896720,,,False
7896721,,,False
7896722,,,False
7896723,,,False
7896724,,,False
7896725,,,False
7896726,,,False
7896727,,,False
7896728,,,False
7896729,,,False
7896730,,,False
7892601,,,False
7892698,,,False
7892756,,,False
7892815,,,False
7892916,,,False
7892943,,,False
7892971,,,False
7893026,,,False
7893348,,,False
7893368,,,False
7893409,,,False
7893426,,,False
7893625,,,False
7893643,,,False
7893687,,,False
7893988,,,False
7894132,,,False
7894198,,,False
7894480,,,False
7894592,,,False
7894750,,,False
7894862,,,False
7894881,,,False
7894892,,,False
7894998,,,False
7895078,,,False
7895402,,,False
7895613,,,False
7895644,,,False
7895667,,,False
7895703,,,False
7895732,,,False
7895892,,,False
7895923,,,False
7895949,,,False
7895968,,,False
7895973,,,False
7896216,,,False
7896237,,,False
7896388,,,False
7896419,,,False
7896573,,,False
7896637,,,False
7896658,,,False
7896667,,,False
7892501,,,False
7892509,,,False
7892514,,,False
7892516,,,False
7892521,,,False
7892530,,,False
7892536,,,False
7892541,,,False
7892542,,,False
7892548,,,False
7892549,,,False
7892555,,,False
7892556,,,False
7892559,,,False
7892561,,,False
7892562,,,False
7892564,,,False
7892565,,,False
7892568,,,False
7892569,,,False
7892574,,,False
7892576,,,False
7892578,,,False
7892579,,,False
7892596,,,False
7892598,,,False
7892599,,,False
7892605,,,False
7892609,,,False
7892610,,,False
7892618,,,False
7892620,,,False
7892621,,,False
7892622,,,False
7892623,,,False
7892625,,,False
7892627,,,False
7892628,,,False
7892630,,,False
7892635,,,False
7892639,,,False
7892640,,,False
7892643,,,False
7892644,,,False
7892648,,,False
7892650,,,False
7892652,,,False
7892661,,,False
7892662,,,False
7892663,,,False
7892668,,,False
7892670,,,False
7892674,,,False
7892678,,,False
7892679,,,False
7892680,,,False
7892682,,,False
7892684,,,False
7892687,,,False
7892688,,,False
7892694,,,False
7892697,,,False
7892699,,,False
7892701,,,False
7892703,,,False
7892704,,,False
7892717,,,False
7892720,,,False
7892732,,,False
7892742,,,False
7892745,,,False
7892747,,,False
7892757,,,False
7892762,,,False
7892764,,,False
7892766,,,False
7892770,,,False
7892771,,,False
7892773,,,False
7892776,,,False
7892778,,,False
7892786,,,False
7892788,,,False
7892791,,,False
7892797,,,False
7892802,,,False
7892803,,,False
7892808,,,False
7892814,,,False
7892817,,,False
7892820,,,False
7892825,,,False
7892829,,,False
7892830,,,False
7892831,,,False
7892832,,,False
7892835,,,False
7892836,,,False
7892837,,,False
7892838,,,False
7892841,,,False
7892846,,,False
7892847,,,False
7892848,,,False
7892853,,,False
7892857,,,False
7892861,,,False
7892868,,,False
7892870,,,False
7892876,,,False
7892880,,,False
7892882,,,False
7892884,,,False
7892890,,,False
7892893,,,False
7892894,,,False
7892896,,,False
7892898,,,False
7892900,,,False
7892901,,,False
7892902,,,False
7892905,,,False
7892906,,,False
7892907,,,False
7892911,,,False
7892912,,,False
7892919,,,False
7892935,,,False
7892939,,,False
7892941,,,False
7892944,,,False
7892947,,,False
7892951,,,False
7892953,,,False
7892954,,,False
7892959,,,False
7892966,,,False
7892967,,,False
7892968,,,False
7892972,,,False
7892977,,,False
7892979,,,False
7892981,,,False
7892983,,,False
7892986,,,False
7892995,,,False
7893001,,,False
7893002,,,False
7893005,,,False
7893012,,,False
7893015,,,False
7893019,,,False
7893023,,,False
7893025,,,False
7893027,,,False
7893029,,,False
7893030,,,False
7893031,,,False
7893032,,,False
7893036,,,False
7893039,,,False
7893050,,,False
7893058,,,False
7893061,,,False
7893064,,,False
7893070,,,False
7893073,,,False
7893074,,,False
7893079,,,False
7893081,,,False
7893086,,,False
7893087,,,False
7893090,,,False
7893091,,,False
7893094,,,False
7893097,,,False
7893103,,,False
7893113,,,False
7893118,,,False
7893122,,,False
7893125,,,False
7893128,,,False
7893131,,,False
7893133,,,False
7893138,,,False
7893139,,,False
7893153,,,False
7893160,,,False
7893164,,,False
7893166,,,False
7893170,,,False
7893173,,,False
7893181,,,False
7893184,,,False
7893187,,,False
7893191,,,False
7893194,,,False
7893196,,,False
7893201,,,False
7893205,,,False
7893206,,,False
7893208,,,False
7893217,,,False
7893218,,,False
7893229,,,False
7893232,,,False
7893235,,,False
7893238,,,False
7893240,,,False
7893244,,,False
7893248,,,False
7893249,,,False
7893250,,,False
7893257,,,False
7893258,,,False
7893259,,,False
7893261,,,False
7893262,,,False
7893264,,,False
7893266,,,False
7893268,,,False
7893270,,,False
7893271,,,False
7893272,,,False
7893273,,,False
7893277,,,False
7893291,,,False
7893297,,,False
7893298,,,False
7893305,,,False
7893309,,,False
7893313,,,False
7893316,,,False
7893325,,,False
7893333,,,False
7893339,,,False
7893340,,,False
7893344,,,False
7893345,,,False
7893346,,,False
7893349,,,False
7893350,,,False
7893354,,,False
7893356,,,False
7893357,,,False
7893359,,,False
7893362,,,False
7893363,,,False
7893364,,,False
7893371,,,False
7893374,,,False
7893382,,,False
7893384,,,False
7893385,,,False
7893386,,,False
7893390,,,False
7893392,,,False
7893393,,,False
7893394,,,False
7893395,,,False
7893399,,,False
7893407,,,False
7893413,,,False
7893419,,,False
7893420,,,False
7893422,,,False
7893424,,,False
7893439,,,False
7893441,,,False
7893443,,,False
7893447,,,False
7893449,,,False
7893453,,,False
7893454,,,False
7893455,,,False
7893458,,,False
7893460,,,False
7893461,,,False
7893463,,,False
7893466,,,False
7893467,,,False
7893476,,,False
7893477,,,False
7893481,,,False
7893485,,,False
7893486,,,False
7893494,,,False
7893497,,,False
7893500,,,False
7893504,,,False
7893506,,,False
7893516,,,False
7893517,,,False
7893518,,,False
7893528,,,False
7893530,,,False
7893534,,,False
7893539,,,False
7893543,,,False
7893544,,,False
7893547,,,False
7893549,,,False
7893550,,,False
7893551,,,False
7893552,,,False
7893554,,,False
7893558,,,False
7893559,,,False
7893561,,,False
7893564,,,False
7893568,,,False
7893571,,,False
7893572,,,False
7893573,,,False
7893574,,,False
7893582,,,False
7893587,,,False
7893591,,,False
7893592,,,False
7893593,,,False
7893594,,,False
7893602,,,False
7893603,,,False
7893608,,,False
7893609,,,False
7893619,,,False
7893628,,,False
7893630,,,False
7893632,,,False
7893639,,,False
7893640,,,False
7893641,,,False
7893642,,,False
7893647,,,False
7893649,,,False
7893650,,,False
7893657,,,False
7893662,,,False
7893664,,,False
7893676,,,False
7893681,,,False
7893682,,,False
7893684,,,False
7893685,,,False
7893690,,,False
7893700,,,False
7893709,,,False
7893711,,,False
7893714,,,False
7893715,,,False
7893717,,,False
7893721,,,False
7893727,,,False
7893729,,,False
7893732,,,False
7893733,,,False
7893734,,,False
7893738,,,False
7893740,,,False
7893745,,,False
7893747,,,False
7893752,,,False
7893759,,,False
7893762,,,False
7893763,,,False
7893769,,,False
7893773,,,False
7893774,,,False
7893777,,,False
7893778,,,False
7893779,,,False
7893782,,,False
7893785,,,False
7893787,,,False
7893788,,,False
7893792,,,False
7893793,,,False
7893796,,,False
7893798,,,False
7893806,,,False
7893808,,,False
7893814,,,False
7893815,,,False
7893816,,,False
7893821,,,False
7893822,,,False
7893827,,,False
7893834,,,False
7893840,,,False
7893850,,,False
7893853,,,False
7893855,,,False
7893856,,,False
7893870,,,False
7893880,,,False
7893883,,,False
7893886,,,False
7893888,,,False
7893892,,,False
7893904,,,False
7893905,,,False
7893908,,,False
7893910,,,False
7893913,,,False
7893918,,,False
7893919,,,False
7893921,,,False
7893922,,,False
7893923,,,False
7893926,,,False
7893928,,,False
7893933,,,False
7893941,,,False
7893946,,,False
7893948,,,False
7893952,,,False
7893956,,,False
7893961,,,False
7893963,,,False
7893966,,,False
7893968,,,False
7893973,,,False
7893979,,,False
7893981,,,False
7893991,,,False
7894010,,,False
7894011,,,False
7894012,,,False
7894019,,,False
7894029,,,False
7894033,,,False
7894041,,,False
7894042,,,False
7894043,,,False
7894044,,,False
7894051,,,False
7894055,,,False
7894056,,,False
7894057,,,False
7894058,,,False
7894061,,,False
7894067,,,False
7894068,,,False
7894070,,,False
7894072,,,False
7894074,,,False
7894076,,,False
7894078,,,False
7894083,,,False
7894086,,,False
7894088,,,False
7894098,,,False
7894100,,,False
7894104,,,False
7894107,,,False
7894110,,,False
7894114,,,False
7894115,,,False
7894118,,,False
7894119,,,False
7894125,,,False
7894134,,,False
7894136,,,False
7894138,,,False
7894146,,,False
7894157,,,False
7894158,,,False
7894160,,,False
7894161,,,False
7894165,,,False
7894171,,,False
7894185,,,False
7894186,,,False
7894188,,,False
7894195,,,False
7894196,,,False
7894199,,,False
7894204,,,False
7894205,,,False
7894209,,,False
7894211,,,False
7894212,,,False
7894214,,,False
7894226,,,False
7894238,,,False
7894239,,,False
7894251,,,False
7894252,,,False
7894258,,,False
7894262,,,False
7894263,,,False
7894264,,,False
7894267,,,False
7894269,,,False
7894272,,,False
7894277,,,False
7894282,,,False
7894284,,,False
7894289,,,False
7894290,,,False
7894291,,,False
7894294,,,False
7894295,,,False
7894304,,,False
7894306,,,False
7894307,,,False
7894315,,,False
7894316,,,False
7894321,,,False
7894324,,,False
7894329,,,False
7894331,,,False
7894336,,,False
7894341,,,False
7894350,,,False
7894355,,,False
7894363,,,False
7894366,,,False
7894372,,,False
7894373,,,False
7894374,,,False
7894375,,,False
7894376,,,False
7894379,,,False
7894380,,,False
7894386,,,False
7894389,,,False
7894395,,,False
7894402,,,False
7894404,,,False
7894411,,,False
7894412,,,False
7894413,,,False
7894416,,,False
7894419,,,False
7894421,,,False
7894427,,,False
7894428,,,False
7894429,,,False
7894431,,,False
7894433,,,False
7894435,,,False
7894436,,,False
7894437,,,False
7894438,,,False
7894439,,,False
7894449,,,False
7894451,,,False
7894459,,,False
7894469,,,False
7894470,,,False
7894471,,,False
7894474,,,False
7894478,,,False
7894479,,,False
7894485,,,False
7894489,,,False
7894492,,,False
7894496,,,False
7894498,,,False
7894501,,,False
7894504,,,False
7894512,,,False
7894513,,,False
7894515,,,False
7894516,,,False
7894518,,,False
7894519,,,False
7894520,,,False
7894527,,,False
7894529,,,False
7894535,,,False
7894536,,,False
7894540,,,False
7894542,,,False
7894546,,,False
7894548,,,False
7894549,,,False
7894551,,,False
7894552,,,False
7894555,,,False
7894557,,,False
7894558,,,False
7894561,,,False
7894562,,,False
7894563,,,False
7894570,,,False
7894574,,,False
7894579,,,False
7894581,,,False
7894583,,,False
7894594,,,False
7894596,,,False
7894599,,,False
7894604,,,False
7894605,,,False
7894617,,,False
7894627,,,False
7894634,,,False
7894635,,,False
7894637,,,False
7894638,,,False
7894639,,,False
7894642,,,False
7894648,,,False
7894657,,,False
7894661,,,False
7894662,,,False
7894665,,,False
7894666,,,False
7894672,,,False
7894674,,,False
7894675,,,False
7894681,,,False
7894682,,,False
7894683,,,False
7894685,,,False
7894687,,,False
7894698,,,False
7894699,,,False
7894700,,,False
7894704,,,False
7894708,,,False
7894711,,,False
7894712,,,False
7894716,,,False
7894722,,,False
7894725,,,False
7894732,,,False
7894737,,,False
7894740,,,False
7894742,,,False
7894744,,,False
7894746,,,False
7894757,,,False
7894758,,,False
7894761,,,False
7894767,,,False
7894769,,,False
7894771,,,False
7894774,,,False
7894777,,,False
7894782,,,False
7894788,,,False
7894790,,,False
7894791,,,False
7894796,,,False
7894798,,,False
7894801,,,False
7894806,,,False
7894808,,,False
7894813,,,False
7894824,,,False
7894826,,,False
7894827,,,False
7894834,,,False
7894837,,,False
7894838,,,False
7894844,,,False
7894845,,,False
7894846,,,False
7894858,,,False
7894860,,,False
7894873,,,False
7894877,,,False
7894878,,,False
7894884,,,False
7894896,,,False
7894903,,,False
7894906,,,False
7894908,,,False
7894914,,,False
7894916,,,False
7894919,,,False
7894926,,,False
7894927,,,False
7894944,,,False
7894946,,,False
7894951,,,False
7894964,,,False
7894968,,,False
7894969,,,False
7894971,,,False
7894974,,,False
7894977,,,False
7894978,,,False
7894980,,,False
7894982,,,False
7894984,,,False
7894990,,,False
7894999,,,False
7895001,,,False
7895003,,,False
7895005,,,False
7895008,,,False
7895012,,,False
7895014,,,False
7895016,,,False
7895017,,,False
7895018,,,False
7895019,,,False
7895026,,,False
7895031,,,False
7895032,,,False
7895033,,,False
7895034,,,False
7895036,,,False
7895038,,,False
7895039,,,False
7895042,,,False
7895045,,,False
7895052,,,False
7895054,,,False
7895055,,,False
7895056,,,False
7895057,,,False
7895062,,,False
7895067,,,False
7895068,,,False
7895069,,,False
7895072,,,False
7895077,,,False
7895081,,,False
7895082,,,False
7895084,,,False
7895087,,,False
7895088,,,False
7895089,,,False
7895090,,,False
7895091,,,False
7895096,,,False
7895098,,,False
7895101,,,False
7895105,,,False
7895110,,,False
7895112,,,False
7895119,,,False
7895121,,,False
7895122,,,False
7895123,,,False
7895133,,,False
7895136,,,False
7895137,,,False
7895145,,,False
7895147,,,False
7895149,,,False
7895153,,,False
7895157,,,False
7895160,,,False
7895161,,,False
7895162,,,False
7895168,,,False
7895170,,,False
7895171,,,False
7895176,,,False
7895177,,,False
7895180,,,False
7895186,,,False
7895187,,,False
7895192,,,False
7895203,,,False
7895214,,,False
7895215,,,False
7895221,,,False
7895225,,,False
7895226,,,False
7895227,,,False
7895231,,,False
7895237,,,False
7895238,,,False
7895241,,,False
7895246,,,False
7895247,,,False
7895248,,,False
7895252,,,False
7895256,,,False
7895258,,,False
7895263,,,False
7895264,,,False
7895267,,,False
7895271,,,False
7895272,,,False
7895273,,,False
7895274,,,False
7895275,,,False
7895276,,,False
7895277,,,False
7895283,,,False
7895288,,,False
7895289,,,False
7895290,,,False
7895291,,,False
7895294,,,False
7895298,,,False
7895299,,,False
7895308,,,False
7895312,,,False
7895317,,,False
7895318,,,False
7895320,,,False
7895322,,,False
7895324,,,False
7895325,,,False
7895328,,,False
7895330,,,False
7895331,,,False
7895334,,,False
7895336,,,False
7895340,,,False
7895347,,,False
7895355,,,False
7895356,,,False
7895357,,,False
7895358,,,False
7895360,,,False
7895365,,,False
7895373,,,False
7895376,,,False
7895379,,,False
7895382,,,False
7895393,,,False
7895397,,,False
7895404,,,False
7895405,,,False
7895411,,,False
7895414,,,False
7895417,,,False
7895419,,,False
7895422,,,False
7895425,,,False
7895427,,,False
7895438,,,False
7895439,,,False
7895441,,,False
7895444,,,False
7895447,,,False
7895468,,,False
7895472,,,False
7895475,,,False
7895476,,,False
7895478,,,False
7895481,,,False
7895484,,,False
7895490,,,False
7895492,,,False
7895499,,,False
7895509,,,False
7895510,,,False
7895515,,,False
7895517,,,False
7895518,,,False
7895520,,,False
7895521,,,False
7895525,,,False
7895532,,,False
7895538,,,False
7895539,,,False
7895542,,,False
7895544,,,False
7895545,,,False
7895547,,,False
7895548,,,False
7895551,,,False
7895554,,,False
7895557,,,False
7895559,,,False
7895574,,,False
7895578,,,False
7895579,,,False
7895585,,,False
7895588,,,False
7895590,,,False
7895596,,,False
7895597,,,False
7895599,,,False
7895602,,,False
7895604,,,False
7895606,,,False
7895610,,,False
7895614,,,False
7895616,,,False
7895619,,,False
7895620,,,False
7895622,,,False
7895626,,,False
7895629,,,False
7895630,,,False
7895632,,,False
7895640,,,False
7895643,,,False
7895647,,,False
7895656,,,False
7895657,,,False
7895658,,,False
7895661,,,False
7895665,,,False
7895674,,,False
7895676,,,False
7895677,,,False
7895681,,,False
7895685,,,False
7895687,,,False
7895690,,,False
7895691,,,False
7895693,,,False
7895694,,,False
7895697,,,False
7895704,,,False
7895710,,,False
7895719,,,False
7895721,,,False
7895726,,,False
7895729,,,False
7895737,,,False
7895739,,,False
7895752,,,False
7895758,,,False
7895759,,,False
7895761,,,False
7895762,,,False
7895767,,,False
7895770,,,False
7895774,,,False
7895778,,,False
7895780,,,False
7895787,,,False
7895790,,,False
7895791,,,False
7895806,,,False
7895808,,,False
7895810,,,False
7895816,,,False
7895817,,,False
7895818,,,False
7895824,,,False
7895831,,,False
7895832,,,False
7895841,,,False
7895842,,,False
7895846,,,False
7895847,,,False
7895853,,,False
7895855,,,False
7895857,,,False
7895861,,,False
7895866,,,False
7895869,,,False
7895873,,,False
7895878,,,False
7895879,,,False
7895881,,,False
7895885,,,False
7895886,,,False
7895890,,,False
7895900,,,False
7895901,,,False
7895903,,,False
7895904,,,False
7895907,,,False
7895908,,,False
7895911,,,False
7895913,,,False
7895916,,,False
7895918,,,False
7895919,,,False
7895928,,,False
7895929,,,False
7895932,,,False
7895933,,,False
7895934,,,False
7895937,,,False
7895939,,,False
7895943,,,False
7895944,,,False
7895945,,,False
7895947,,,False
7895948,,,False
7895952,,,False
7895953,,,False
7895954,,,False
7895963,,,False
7895964,,,False
7895971,,,False
7895972,,,False
7895981,,,False
7895982,,,False
7895985,,,False
7895994,,,False
7895995,,,False
7895996,,,False
7895997,,,False
7895999,,,False
7896001,,,False
7896005,,,False
7896007,,,False
7896013,,,False
7896022,,,False
7896025,,,False
7896026,,,False
7896029,,,False
7896030,,,False
7896036,,,False
7896038,,,False
7896039,,,False
7896041,,,False
7896044,,,False
7896047,,,False
7896050,,,False
7896054,,,False
7896059,,,False
7896064,,,False
7896067,,,False
7896069,,,False
7896070,,,False
7896076,,,False
7896082,,,False
7896084,,,False
7896085,,,False
7896089,,,False
7896091,,,False
7896094,,,False
7896095,,,False
7896101,,,False
7896108,,,False
7896111,,,False
7896112,,,False
7896120,,,False
7896123,,,False
7896128,,,False
7896130,,,False
7896133,,,False
7896136,,,False
7896137,,,False
7896138,,,False
7896139,,,False
7896140,,,False
7896142,,,False
7896148,,,False
7896156,,,False
7896157,,,False
7896158,,,False
7896159,,,False
7896162,,,False
7896167,,,False
7896168,,,False
7896169,,,False
7896170,,,False
7896174,,,False
7896175,,,False
7896178,,,False
7896184,,,False
7896185,,,False
7896186,,,False
7896188,,,False
7896191,,,False
7896200,,,False
7896201,,,False
7896205,,,False
7896210,,,False
7896221,,,False
7896222,,,False
7896227,,,False
7896228,,,False
7896230,,,False
7896231,,,False
7896232,,,False
7896240,,,False
7896241,,,False
7896247,,,False
7896249,,,False
7896250,,,False
7896253,,,False
7896258,,,False
7896269,,,False
7896277,,,False
7896278,,,False
7896283,,,False
7896287,,,False
7896292,,,False
7896302,,,False
7896308,,,False
7896310,,,False
7896319,,,False
7896321,,,False
7896324,,,False
7896325,,,False
7896329,,,False
7896331,,,False
7896337,,,False
7896339,,,False
7896343,,,False
7896345,,,False
7896349,,,False
7896352,,,False
7896356,,,False
7896358,,,False
7896360,,,False
7896362,,,False
7896365,,,False
7896367,,,False
7896369,,,False
7896370,,,False
7896371,,,False
7896372,,,False
7896374,,,False
7896375,,,False
7896378,,,False
7896383,,,False
7896384,,,False
7896385,,,False
7896387,,,False
7896391,,,False
7896394,,,False
7896395,,,False
7896397,,,False
7896398,,,False
7896421,,,False
7896422,,,False
7896425,,,False
7896426,,,False
7896427,,,False
7896430,,,False
7896431,,,False
7896432,,,False
7896434,,,False
7896438,,,False
7896439,,,False
7896443,,,False
7896446,,,False
7896456,,,False
7896458,,,False
7896460,,,False
7896464,,,False
7896466,,,False
7896468,,,False
7896472,,,False
7896474,,,False
7896476,,,False
7896482,,,False
7896483,,,False
7896484,,,False
7896485,,,False
7896490,,,False
7896491,,,False
7896493,,,False
7896498,,,False
7896499,,,False
7896508,,,False
7896511,,,False
7896512,,,False
7896520,,,False
7896521,,,False
7896522,,,False
7896525,,,False
7896528,,,False
7896529,,,False
7896530,,,False
7896531,,,False
7896533,,,False
7896534,,,False
7896542,,,False
7896544,,,False
7896546,,,False
7896547,,,False
7896553,,,False
7896554,,,False
7896558,,,False
7896561,,,False
7896582,,,False
7896586,,,False
7896594,,,False
7896596,,,False
7896599,,,False
7896600,,,False
7896602,,,False
7896605,,,False
7896608,,,False
7896616,,,False
7896621,,,False
7896622,,,False
7896623,,,False
7896627,,,False
7896646,,,False
7896647,,,False
7896651,,,False
7896652,,,False
7896653,,,False
7896657,,,False
7896659,,,False
7896664,,,False
7896673,,,False
7896677,,,False
7896683,,,False
7896684,,,False
7896685,,,False
7892502,,,False
7892503,,,False
7892504,,,False
7892505,,,False
7892506,,,False
7892507,,,False
7892508,,,False
7892510,,,False
7892511,,,False
7892512,,,False
7892513,,,False
7892515,,,False
7892517,,,False
7892518,,,False
7892519,,,False
7892520,,,False
7892522,,,False
7892524,,,False
7892525,,,False
7892526,,,False
7892527,,,False
7892528,,,False
7892529,,,False
7892531,,,False
7892532,,,False
7892533,,,False
7892534,,,False
7892535,,,False
7892537,,,False
7892538,,,False
7892539,,,False
7892540,,,False
7892543,,,False
7892544,,,False
7892545,,,False
7892547,,,False
7892550,,,False
7892551,,,False
7892552,,,False
7892553,,,False
7892554,,,False
7892557,,,False
7892558,,,False
7892560,,,False
7892563,,,False
7892566,,,False
7892567,,,False
7892570,,,False
7892571,,,False
7892572,,,False
7892573,,,False
7892575,,,False
7892577,,,False
7892580,,,False
7892581,,,False
7892582,,,False
7892583,,,False
7892584,,,False
7892585,,,False
7892586,,,False
7892587,,,False
7892588,,,False
7892589,,,False
7892590,,,False
7892591,,,False
7892592,,,False
7892593,,,False
7892594,,,False
7892595,,,False
7892597,,,False
7892600,,,False
7892602,,,False
7892603,,,False
7892604,,,False
7892606,,,False
7892608,,,False
7892611,,,False
7892612,,,False
7892613,,,False
7892614,,,False
7892615,,,False
7892616,,,False
7892617,,,False
7892619,,,False
7892624,,,False
7892626,,,False
7892629,,,False
7892631,,,False
7892632,,,False
7892633,,,False
7892634,,,False
7892636,,,False
7892637,,,False
7892638,,,False
7892641,,,False
7892642,,,False
7892645,,,False
7892646,,,False
7892647,,,False
7892649,,,False
7892651,,,False
7892653,,,False
7892654,,,False
7892655,,,False
7892656,,,False
7892657,,,False
7892658,,,False
7892659,,,False
7892660,,,False
7892664,,,False
7892665,,,False
7892666,,,False
7892667,,,False
7892669,,,False
7892671,,,False
7892672,,,False
7892673,,,False
7892675,,,False
7892676,,,False
7892677,,,False
7892681,,,False
7892683,,,False
7892685,,,False
7892686,,,False
7892689,,,False
7892690,,,False
7892691,,,False
7892692,,,False
7892693,,,False
7892695,,,False
7892696,,,False
7892700,,,False
7892702,,,False
7892705,,,False
7892706,,,False
7892707,,,False
7892708,,,False
7892709,,,False
7892710,,,False
7892711,,,False
7892712,,,False
7892713,,,False
7892714,,,False
7892715,,,False
7892716,,,False
7892718,,,False
7892719,,,False
7892721,,,False
7892722,,,False
7892723,,,False
7892724,,,False
7892725,,,False
7892726,,,False
7892727,,,False
7892728,,,False
7892729,,,False
7892730,,,False
7892731,,,False
7892733,,,False
7892734,,,False
7892735,,,False
7892736,,,False
7892737,,,False
7892738,,,False
7892739,,,False
7892740,,,False
7892741,,,False
7892743,,,False
7892744,,,False
7892746,,,False
7892748,,,False
7892749,,,False
7892750,,,False
7892751,,,False
7892752,,,False
7892753,,,False
7892754,,,False
7892755,,,False
7892758,,,False
7892759,,,False
7892760,,,False
7892761,,,False
7892763,,,False
7892765,,,False
7892767,,,False
7892768,,,False
7892769,,,False
7892772,,,False
7892774,,,False
7892775,,,False
7892777,,,False
7892779,,,False
7892780,,,False
7892781,,,False
7892782,,,False
7892783,,,False
7892784,,,False
7892785,,,False
7892787,,,False
7892789,,,False
7892790,,,False
7892792,,,False
7892793,,,False
7892794,,,False
7892795,,,False
7892798,,,False
7892799,,,False
7892800,,,False
7892801,,,False
7892804,,,False
7892805,,,False
7892806,,,False
7892807,,,False
7892809,,,False
7892810,,,False
7892811,,,False
7892812,,,False
7892813,,,False
7892816,,,False
7892818,,,False
7892819,,,False
7892821,,,False
7892822,,,False
7892823,,,False
7892824,,,False
7892826,,,False
7892827,,,False
7892828,,,False
7892833,,,False
7892834,,,False
7892839,,,False
7892840,,,False
7892842,,,False
7892843,,,False
7892844,,,False
7892845,,,False
7892849,,,False
7892850,,,False
7892851,,,False
7892852,,,False
7892854,,,False
7892855,,,False
7892856,,,False
7892858,,,False
7892859,,,False
7892860,,,False
7892862,,,False
7892863,,,False
7892864,,,False
7892865,,,False
7892866,,,False
7892867,,,False
7892869,,,False
7892871,,,False
7892872,,,False
7892873,,,False
7892874,,,False
7892875,,,False
7892877,,,False
7892878,,,False
7892879,,,False
7892881,,,False
7892883,,,False
7892885,,,False
7892886,,,False
7892887,,,False
7892888,,,False
7892889,,,False
7892891,,,False
7892892,,,False
7892895,,,False
7892897,,,False
7892899,,,False
7892903,,,False
7892904,,,False
7892908,,,False
7892909,,,False
7892910,,,False
7892913,,,False
7892914,,,False
7892915,,,False
7892917,,,False
7892918,,,False
7892920,,,False
7892921,,,False
7892922,,,False
7892923,,,False
7892924,,,False
7892926,,,False
7892927,,,False
7892928,,,False
7892929,,,False
7892930,,,False
7892931,,,False
7892932,,,False
7892933,,,False
7892934,,,False
7892936,,,False
7892937,,,False
7892938,,,False
7892940,,,False
7892942,,,False
7892945,,,False
7892946,,,False
7892948,,,False
7892949,,,False
7892950,,,False
7892952,,,False
7892955,,,False
7892956,,,False
7892957,,,False
7892958,,,False
7892960,,,False
7892961,,,False
7892962,,,False
7892963,,,False
7892964,,,False
7892965,,,False
7892969,,,False
7892970,,,False
7892973,,,False
7892974,,,False
7892975,,,False
7892976,,,False
7892978,,,False
7892980,,,False
7892982,,,False
7892984,,,False
7892985,,,False
7892987,,,False
7892988,,,False
7892989,,,False
7892990,,,False
7892991,,,False
7892992,,,False
7892993,,,False
7892994,,,False
7892996,,,False
7892997,,,False
7892998,,,False
7892999,,,False
7893000,,,False
7893003,,,False
7893004,,,False
7893006,,,False
7893007,,,False
7893008,,,False
7893009,,,False
7893010,,,False
7893011,,,False
7893013,,,False
7893014,,,False
7893016,,,False
7893017,,,False
7893018,,,False
7893021,,,False
7893022,,,False
7893024,,,False
7893028,,,False
7893033,,,False
7893034,,,False
7893035,,,False
7893037,,,False
7893038,,,False
7893040,,,False
7893041,,,False
7893042,,,False
7893043,,,False
7893044,,,False
7893045,,,False
7893046,,,False
7893047,,,False
7893048,,,False
7893049,,,False
7893051,,,False
7893052,,,False
7893053,,,False
7893055,,,False
7893056,,,False
7893057,,,False
7893059,,,False
7893060,,,False
7893062,,,False
7893063,,,False
7893065,,,False
7893066,,,False
7893067,,,False
7893068,,,False
7893069,,,False
7893071,,,False
7893072,,,False
7893075,,,False
7893076,,,False
7893077,,,False
7893078,,,False
7893080,,,False
7893082,,,False
7893083,,,False
7893084,,,False
7893085,,,False
7893088,,,False
7893089,,,False
7893092,,,False
7893093,,,False
7893095,,,False
7893096,,,False
7893098,,,False
7893099,,,False
7893100,,,False
7893101,,,False
7893102,,,False
7893104,,,False
7893105,,,False
7893106,,,False
7893107,,,False
7893108,,,False
7893109,,,False
7893110,,,False
7893111,,,False
7893112,,,False
7893114,,,False
7893115,,,False
7893116,,,False
7893117,,,False
7893119,,,False
7893120,,,False
7893121,,,False
7893123,,,False
7893124,,,False
7893126,,,False
7893127,,,False
7893129,,,False
7893132,,,False
7893134,,,False
7893135,,,False
7893136,,,False
7893137,,,False
7893140,,,False
7893141,,,False
7893142,,,False
7893143,,,False
7893144,,,False
7893145,,,False
7893146,,,False
7893147,,,False
7893148,,,False
7893149,,,False
7893150,,,False
7893151,,,False
7893152,,,False
7893154,,,False
7893155,,,False
7893156,,,False
7893157,,,False
7893158,,,False
7893159,,,False
7893161,,,False
7893162,,,False
7893163,,,False
7893165,,,False
7893167,,,False
7893168,,,False
7893169,,,False
7893171,,,False
7893172,,,False
7893174,,,False
7893175,,,False
7893176,,,False
7893177,,,False
7893178,,,False
7893179,,,False
7893180,,,False
7893182,,,False
7893183,,,False
7893185,,,False
7893186,,,False
7893188,,,False
7893189,,,False
7893190,,,False
7893192,,,False
7893193,,,False
7893195,,,False
7893197,,,False
7893198,,,False
7893199,,,False
7893200,,,False
7893202,,,False
7893203,,,False
7893204,,,False
7893207,,,False
7893209,,,False
7893210,,,False
7893211,,,False
7893212,,,False
7893213,,,False
7893214,,,False
7893215,,,False
7893216,,,False
7893219,,,False
7893220,,,False
7893221,,,False
7893222,,,False
7893223,,,False
7893224,,,False
7893225,,,False
7893226,,,False
7893227,,,False
7893228,,,False
7893230,,,False
7893231,,,False
7893233,,,False
7893234,,,False
7893236,,,False
7893237,,,False
7893239,,,False
7893241,,,False
7893242,,,False
7893243,,,False
7893245,,,False
7893246,,,False
7893247,,,False
7893251,,,False
7893252,,,False
7893253,,,False
7893254,,,False
7893255,,,False
7893256,,,False
7893260,,,False
7893263,,,False
7893265,,,False
7893267,,,False
7893269,,,False
7893274,,,False
7893275,,,False
7893276,,,False
7893278,,,False
7893279,,,False
7893280,,,False
7893281,,,False
7893282,,,False
7893283,,,False
7893284,,,False
7893285,,,False
7893286,,,False
7893287,,,False
7893288,,,False
7893289,,,False
7893290,,,False
7893292,,,False
7893293,,,False
7893294,,,False
7893295,,,False
7893296,,,False
7893299,,,False
7893300,,,False
7893301,,,False
7893302,,,False
7893303,,,False
7893304,,,False
7893307,,,False
7893308,,,False
7893310,,,False
7893311,,,False
7893312,,,False
7893314,,,False
7893315,,,False
7893317,,,False
7893318,,,False
7893319,,,False
7893320,,,False
7893321,,,False
7893322,,,False
7893323,,,False
7893324,,,False
7893326,,,False
7893327,,,False
7893328,,,False
7893329,,,False
7893330,,,False
7893331,,,False
7893332,,,False
7893334,,,False
7893335,,,False
7893336,,,False
7893337,,,False
7893338,,,False
7893341,,,False
7893342,,,False
7893343,,,False
7893347,,,False
7893351,,,False
7893352,,,False
7893353,,,False
7893355,,,False
7893358,,,False
7893360,,,False
7893361,,,False
7893365,,,False
7893366,,,False
7893367,,,False
7893369,,,False
7893370,,,False
7893372,,,False
7893373,,,False
7893375,,,False
7893376,,,False
7893377,,,False
7893378,,,False
7893379,,,False
7893380,,,False
7893381,,,False
7893383,,,False
7893387,,,False
7893388,,,False
7893389,,,False
7893391,,,False
7893396,,,False
7893397,,,False
7893398,,,False
7893400,,,False
7893401,,,False
7893402,,,False
7893403,,,False
7893404,,,False
7893405,,,False
7893406,,,False
7893408,,,False
7893410,,,False
7893411,,,False
7893412,,,False
7893414,,,False
7893415,,,False
7893416,,,False
7893417,,,False
7893418,,,False
7893421,,,False
7893423,,,False
7893425,,,False
7893427,,,False
7893428,,,False
7893429,,,False
7893430,,,False
7893431,,,False
7893432,,,False
7893433,,,False
7893434,,,False
7893435,,,False
7893436,,,False
7893437,,,False
7893438,,,False
7893440,,,False
7893442,,,False
7893444,,,False
7893445,,,False
7893446,,,False
7893448,,,False
7893450,,,False
7893451,,,False
7893452,,,False
7893456,,,False
7893457,,,False
7893459,,,False
7893462,,,False
7893464,,,False
7893465,,,False
7893468,,,False
7893469,,,False
7893470,,,False
7893471,,,False
7893472,,,False
7893473,,,False
7893474,,,False
7893475,,,False
7893478,,,False
7893479,,,False
7893480,,,False
7893482,,,False
7893483,,,False
7893484,,,False
7893487,,,False
7893488,,,False
7893489,,,False
7893490,,,False
7893491,,,False
7893492,,,False
7893493,,,False
7893495,,,False
7893496,,,False
7893498,,,False
7893499,,,False
7893501,,,False
7893502,,,False
7893503,,,False
7893505,,,False
7893507,,,False
7893508,,,False
7893509,,,False
7893510,,,False
7893511,,,False
7893512,,,False
7893513,,,False
7893514,,,False
7893515,,,False
7893519,,,False
7893520,,,False
7893521,,,False
7893522,,,False
7893523,,,False
7893524,,,False
7893525,,,False
7893526,,,False
7893527,,,False
7893529,,,False
7893531,,,False
7893532,,,False
7893533,,,False
7893535,,,False
7893536,,,False
7893537,,,False
7893538,,,False
7893540,,,False
7893541,,,False
7893542,,,False
7893545,,,False
7893546,,,False
7893548,,,False
7893553,,,False
7893555,,,False
7893556,,,False
7893557,,,False
7893560,,,False
7893562,,,False
7893563,,,False
7893565,,,False
7893566,,,False
7893567,,,False
7893569,,,False
7893570,,,False
7893575,,,False
7893576,,,False
7893577,,,False
7893578,,,False
7893579,,,False
7893580,,,False
7893581,,,False
7893583,,,False
7893584,,,False
7893585,,,False
7893586,,,False
7893588,,,False
7893589,,,False
7893590,,,False
7893595,,,False
7893596,,,False
7893597,,,False
7893598,,,False
7893599,,,False
7893600,,,False
7893601,,,False
7893604,,,False
7893605,,,False
7893606,,,False
7893607,,,False
7893610,,,False
7893611,,,False
7893612,,,False
7893614,,,False
7893615,,,False
7893616,,,False
7893617,,,False
7893618,,,False
7893620,,,False
7893621,,,False
7893622,,,False
7893623,,,False
7893624,,,False
7893626,,,False
7893627,,,False
7893629,,,False
7893631,,,False
7893633,,,False
7893634,,,False
7893635,,,False
7893636,,,False
7893637,,,False
7893638,,,False
7893644,,,False
7893645,,,False
7893646,,,False
7893648,,,False
7893651,,,False
7893652,,,False
7893653,,,False
7893654,,,False
7893655,,,False
7893656,,,False
7893658,,,False
7893659,,,False
7893660,,,False
7893661,,,False
7893663,,,False
7893665,,,False
7893666,,,False
7893667,,,False
7893668,,,False
7893669,,,False
7893670,,,False
7893671,,,False
7893672,,,False
7893673,,,False
7893674,,,False
7893675,,,False
7893677,,,False
7893678,,,False
7893679,,,False
7893683,,,False
7893686,,,False
7893688,,,False
7893689,,,False
7893691,,,False
7893692,,,False
7893693,,,False
7893694,,,False
7893695,,,False
7893696,,,False
7893697,,,False
7893698,,,False
7893699,,,False
7893701,,,False
7893702,,,False
7893703,,,False
7893704,,,False
7893705,,,False
7893706,,,False
7893707,,,False
7893708,,,False
7893710,,,False
7893712,,,False
7893713,,,False
7893716,,,False
7893718,,,False
7893719,,,False
7893720,,,False
7893722,,,False
7893723,,,False
7893724,,,False
7893725,,,False
7893726,,,False
7893728,,,False
7893730,,,False
7893731,,,False
7893735,,,False
7893736,,,False
7893737,,,False
7893739,,,False
7893741,,,False
7893742,,,False
7893743,,,False
7893744,,,False
7893746,,,False
7893748,,,False
7893749,,,False
7893750,,,False
7893751,,,False
7893753,,,False
7893754,,,False
7893755,,,False
7893756,,,False
7893757,,,False
7893758,,,False
7893760,,,False
7893761,,,False
7893764,,,False
7893765,,,False
7893766,,,False
7893767,,,False
7893768,,,False
7893770,,,False
7893771,,,False
7893772,,,False
7893775,,,False
7893776,,,False
7893780,,,False
7893781,,,False
7893783,,,False
7893784,,,False
7893786,,,False
7893789,,,False
7893790,,,False
7893791,,,False
7893794,,,False
7893795,,,False
7893797,,,False
7893799,,,False
7893800,,,False
7893801,,,False
7893802,,,False
7893803,,,False
7893804,,,False
7893805,,,False
7893807,,,False
7893809,,,False
7893810,,,False
7893811,,,False
7893812,,,False
7893813,,,False
7893817,,,False
7893818,,,False
7893819,,,False
7893820,,,False
7893823,,,False
7893824,,,False
7893825,,,False
7893826,,,False
7893828,,,False
7893829,,,False
7893830,,,False
7893831,,,False
7893832,,,False
7893833,,,False
7893835,,,False
7893836,,,False
7893837,,,False
7893838,,,False
7893839,,,False
7893841,,,False
7893842,,,False
7893843,,,False
7893844,,,False
7893845,,,False
7893846,,,False
7893847,,,False
7893848,,,False
7893849,,,False
7893851,,,False
7893854,,,False
7893857,,,False
7893858,,,False
7893859,,,False
7893860,,,False
7893861,,,False
7893862,,,False
7893863,,,False
7893864,,,False
7893865,,,False
7893866,,,False
7893867,,,False
7893868,,,False
7893869,,,False
7893871,,,False
7893872,,,False
7893873,,,False
7893874,,,False
7893875,,,False
7893876,,,False
7893877,,,False
7893878,,,False
7893879,,,False
7893881,,,False
7893882,,,False
7893884,,,False
7893885,,,False
7893887,,,False
7893889,,,False
7893890,,,False
7893891,,,False
7893893,,,False
7893894,,,False
7893895,,,False
7893896,,,False
7893897,,,False
7893898,,,False
7893899,,,False
7893900,,,False
7893901,,,False
7893902,,,False
7893906,,,False
7893907,,,False
7893909,,,False
7893911,,,False
7893912,,,False
7893914,,,False
7893915,,,False
7893916,,,False
7893917,,,False
7893920,,,False
7893924,,,False
7893925,,,False
7893927,,,False
7893929,,,False
7893930,,,False
7893931,,,False
7893932,,,False
7893934,,,False
7893935,,,False
7893936,,,False
7893937,,,False
7893938,,,False
7893940,,,False
7893942,,,False
7893943,,,False
7893944,,,False
7893945,,,False
7893947,,,False
7893949,,,False
7893950,,,False
7893951,,,False
7893953,,,False
7893954,,,False
7893955,,,False
7893957,,,False
7893958,,,False
7893959,,,False
7893960,,,False
7893962,,,False
7893964,,,False
7893965,,,False
7893967,,,False
7893969,,,False
7893970,,,False
7893971,,,False
7893972,,,False
7893974,,,False
7893975,,,False
7893976,,,False
7893977,,,False
7893978,,,False
7893980,,,False
7893982,,,False
7893983,,,False
7893984,,,False
7893985,,,False
7893986,,,False
7893987,,,False
7893989,,,False
7893990,,,False
7893992,,,False
7893993,,,False
7893994,,,False
7893995,,,False
7893996,,,False
7893997,,,False
7893998,,,False
7893999,,,False
7894000,,,False
7894001,,,False
7894002,,,False
7894003,,,False
7894004,,,False
7894005,,,False
7894006,,,False
7894007,,,False
7894008,,,False
7894009,,,False
7894013,,,False
7894014,,,False
7894015,,,False
7894016,,,False
7894017,,,False
7894018,,,False
7894020,,,False
7894021,,,False
7894022,,,False
7894023,,,False
7894024,,,False
7894025,,,False
7894026,,,False
7894027,,,False
7894028,,,False
7894030,,,False
7894031,,,False
7894032,,,False
7894034,,,False
7894035,,,False
7894036,,,False
7894037,,,False
7894038,,,False
7894039,,,False
7894040,,,False
7894045,,,False
7894046,,,False
7894047,,,False
7894048,,,False
7894049,,,False
7894050,,,False
7894052,,,False
7894053,,,False
7894054,,,False
7894059,,,False
7894060,,,False
7894062,,,False
7894063,,,False
7894064,,,False
7894065,,,False
7894066,,,False
7894069,,,False
7894071,,,False
7894073,,,False
7894075,,,False
7894077,,,False
7894079,,,False
7894080,,,False
7894081,,,False
7894082,,,False
7894084,,,False
7894085,,,False
7894087,,,False
7894089,,,False
7894090,,,False
7894091,,,False
7894092,,,False
7894093,,,False
7894094,,,False
7894095,,,False
7894096,,,False
7894097,,,False
7894099,,,False
7894101,,,False
7894102,,,False
7894103,,,False
7894105,,,False
7894106,,,False
7894108,,,False
7894109,,,False
7894111,,,False
7894112,,,False
7894113,,,False
7894116,,,False
7894117,,,False
7894120,,,False
7894121,,,False
7894122,,,False
7894123,,,False
7894124,,,False
7894126,,,False
7894128,,,False
7894129,,,False
7894130,,,False
7894131,,,False
7894133,,,False
7894135,,,False
7894137,,,False
7894139,,,False
7894140,,,False
7894141,,,False
7894142,,,False
7894143,,,False
7894144,,,False
7894145,,,False
7894147,,,False
7894148,,,False
7894149,,,False
7894150,,,False
7894151,,,False
7894152,,,False
7894153,,,False
7894154,,,False
7894155,,,False
7894156,,,False
7894159,,,False
7894162,,,False
7894163,,,False
7894166,,,False
7894167,,,False
7894168,,,False
7894169,,,False
7894170,,,False
7894172,,,False
7894173,,,False
7894174,,,False
7894175,,,False
7894176,,,False
7894177,,,False
7894178,,,False
7894179,,,False
7894180,,,False
7894181,,,False
7894182,,,False
7894183,,,False
7894184,,,False
7894187,,,False
7894189,,,False
7894190,,,False
7894191,,,False
7894192,,,False
7894193,,,False
7894194,,,False
7894197,,,False
7894200,,,False
7894201,,,False
7894202,,,False
7894203,,,False
7894206,,,False
7894207,,,False
7894208,,,False
7894210,,,False
7894213,,,False
7894215,,,False
7894216,,,False
7894217,,,False
7894218,,,False
7894219,,,False
7894220,,,False
7894221,,,False
7894222,,,False
7894223,,,False
7894224,,,False
7894225,,,False
7894227,,,False
7894228,,,False
7894229,,,False
7894230,,,False
7894231,,,False
7894232,,,False
7894233,,,False
7894234,,,False
7894235,,,False
7894236,,,False
7894237,,,False
7894240,,,False
7894241,,,False
7894242,,,False
7894243,,,False
7894244,,,False
7894245,,,False
7894246,,,False
7894247,,,False
7894248,,,False
7894249,,,False
7894250,,,False
7894253,,,False
7894254,,,False
7894255,,,False
7894256,,,False
7894257,,,False
7894259,,,False
7894260,,,False
7894265,,,False
7894266,,,False
7894268,,,False
7894270,,,False
7894271,,,False
7894273,,,False
7894274,,,False
7894275,,,False
7894276,,,False
7894278,,,False
7894279,,,False
7894280,,,False
7894281,,,False
7894283,,,False
7894285,,,False
7894286,,,False
7894287,,,False
7894288,,,False
7894292,,,False
7894293,,,False
7894296,,,False
7894297,,,False
7894298,,,False
7894299,,,False
7894300,,,False
7894301,,,False
7894302,,,False
7894303,,,False
7894305,,,False
7894308,,,False
7894309,,,False
7894310,,,False
7894311,,,False
7894312,,,False
7894313,,,False
7894314,,,False
7894317,,,False
7894318,,,False
7894319,,,False
7894320,,,False
7894322,,,False
7894323,,,False
7894325,,,False
7894326,,,False
7894327,,,False
7894328,,,False
7894330,,,False
7894332,,,False
7894333,,,False
7894334,,,False
7894335,,,False
7894337,,,False
7894338,,,False
7894339,,,False
7894340,,,False
7894342,,,False
7894343,,,False
7894344,,,False
7894345,,,False
7894346,,,False
7894347,,,False
7894349,,,False
7894351,,,False
7894352,,,False
7894353,,,False
7894354,,,False
7894356,,,False
7894357,,,False
7894358,,,False
7894359,,,False
7894360,,,False
7894361,,,False
7894362,,,False
7894364,,,False
7894365,,,False
7894367,,,False
7894368,,,False
7894369,,,False
7894370,,,False
7894371,,,False
7894377,,,False
7894378,,,False
7894381,,,False
7894382,,,False
7894383,,,False
7894384,,,False
7894385,,,False
7894387,,,False
7894388,,,False
7894390,,,False
7894391,,,False
7894392,,,False
7894393,,,False
7894394,,,False
7894396,,,False
7894397,,,False
7894398,,,False
7894399,,,False
7894400,,,False
7894401,,,False
7894403,,,False
7894405,,,False
7894406,,,False
7894407,,,False
7894408,,,False
7894409,,,False
7894410,,,False
7894414,,,False
7894415,,,False
7894417,,,False
7894418,,,False
7894420,,,False
7894422,,,False
7894423,,,False
7894425,,,False
7894426,,,False
7894430,,,False
7894432,,,False
7894434,,,False
7894440,,,False
7894441,,,False
7894442,,,False
7894443,,,False
7894444,,,False
7894445,,,False
7894446,,,False
7894447,,,False
7894448,,,False
7894450,,,False
7894452,,,False
7894453,,,False
7894454,,,False
7894455,,,False
7894456,,,False
7894457,,,False
7894458,,,False
7894460,,,False
7894461,,,False
7894462,,,False
7894463,,,False
7894464,,,False
7894465,,,False
7894466,,,False
7894467,,,False
7894468,,,False
7894472,,,False
7894473,,,False
7894475,,,False
7894476,,,False
7894477,,,False
7894481,,,False
7894482,,,False
7894483,,,False
7894484,,,False
7894486,,,False
7894487,,,False
7894488,,,False
7894490,,,False
7894491,,,False
7894493,,,False
7894494,,,False
7894495,,,False
7894497,,,False
7894499,,,False
7894500,,,False
7894502,,,False
7894503,,,False
7894505,,,False
7894506,,,False
7894507,,,False
7894508,,,False
7894509,,,False
7894510,,,False
7894511,,,False
7894514,,,False
7894517,,,False
7894521,,,False
7894522,,,False
7894523,,,False
7894524,,,False
7894525,,,False
7894526,,,False
7894528,,,False
7894530,,,False
7894531,,,False
7894532,,,False
7894533,,,False
7894534,,,False
7894537,,,False
7894538,,,False
7894539,,,False
7894541,,,False
7894543,,,False
7894544,,,False
7894545,,,False
7894547,,,False
7894550,,,False
7894553,,,False
7894554,,,False
7894556,,,False
7894559,,,False
7894560,,,False
7894564,,,False
7894565,,,False
7894566,,,False
7894567,,,False
7894568,,,False
7894569,,,False
7894571,,,False
7894572,,,False
7894573,,,False
7894575,,,False
7894576,,,False
7894577,,,False
7894578,,,False
7894580,,,False
7894582,,,False
7894586,,,False
7894587,,,False
7894588,,,False
7894589,,,False
7894590,,,False
7894591,,,False
7894593,,,False
7894595,,,False
7894597,,,False
7894598,,,False
7894600,,,False
7894601,,,False
7894602,,,False
7894603,,,False
7894606,,,False
7894607,,,False
7894608,,,False
7894609,,,False
7894610,,,False
7894612,,,False
7894613,,,False
7894614,,,False
7894615,,,False
7894616,,,False
7894618,,,False
7894619,,,False
7894620,,,False
7894621,,,False
7894622,,,False
7894623,,,False
7894624,,,False
7894625,,,False
7894626,,,False
7894628,,,False
7894629,,,False
7894630,,,False
7894631,,,False
7894632,,,False
7894633,,,False
7894636,,,False
7894640,,,False
7894641,,,False
7894643,,,False
7894644,,,False
7894645,,,False
7894646,,,False
7894647,,,False
7894649,,,False
7894650,,,False
7894651,,,False
7894652,,,False
7894653,,,False
7894654,,,False
7894655,,,False
7894656,,,False
7894658,,,False
7894659,,,False
7894660,,,False
7894663,,,False
7894664,,,False
7894667,,,False
7894668,,,False
7894669,,,False
7894670,,,False
7894671,,,False
7894673,,,False
7894676,,,False
7894677,,,False
7894678,,,False
7894679,,,False
7894680,,,False
7894686,,,False
7894688,,,False
7894689,,,False
7894690,,,False
7894691,,,False
7894692,,,False
7894693,,,False
7894694,,,False
7894696,,,False
7894697,,,False
7894701,,,False
7894702,,,False
7894703,,,False
7894705,,,False
7894706,,,False
7894707,,,False
7894709,,,False
7894710,,,False
7894713,,,False
7894714,,,False
7894715,,,False
7894717,,,False
7894718,,,False
7894719,,,False
7894720,,,False
7894721,,,False
7894723,,,False
7894724,,,False
7894726,,,False
7894727,,,False
7894728,,,False
7894729,,,False
7894731,,,False
7894733,,,False
7894734,,,False
7894735,,,False
7894736,,,False
7894738,,,False
7894739,,,False
7894741,,,False
7894743,,,False
7894745,,,False
7894747,,,False
7894748,,,False
7894749,,,False
7894751,,,False
7894752,,,False
7894753,,,False
7894754,,,False
7894755,,,False
7894756,,,False
7894759,,,False
7894760,,,False
7894762,,,False
7894763,,,False
7894764,,,False
7894765,,,False
7894766,,,False
7894768,,,False
7894770,,,False
7894772,,,False
7894773,,,False
7894775,,,False
7894776,,,False
7894778,,,False
7894779,,,False
7894780,,,False
7894781,,,False
7894783,,,False
7894784,,,False
7894785,,,False
7894786,,,False
7894787,,,False
7894789,,,False
7894792,,,False
7894793,,,False
7894794,,,False
7894795,,,False
7894797,,,False
7894799,,,False
7894800,,,False
7894802,,,False
7894803,,,False
7894804,,,False
7894805,,,False
7894807,,,False
7894809,,,False
7894810,,,False
7894811,,,False
7894812,,,False
7894814,,,False
7894815,,,False
7894816,,,False
7894817,,,False
7894818,,,False
7894819,,,False
7894820,,,False
7894821,,,False
7894822,,,False
7894823,,,False
7894825,,,False
7894828,,,False
7894829,,,False
7894830,,,False
7894831,,,False
7894832,,,False
7894833,,,False
7894835,,,False
7894836,,,False
7894840,,,False
7894841,,,False
7894842,,,False
7894843,,,False
7894847,,,False
7894848,,,False
7894849,,,False
7894850,,,False
7894851,,,False
7894852,,,False
7894853,,,False
7894854,,,False
7894855,,,False
7894856,,,False
7894857,,,False
7894859,,,False
7894861,,,False
7894863,,,False
7894864,,,False
7894865,,,False
7894866,,,False
7894867,,,False
7894868,,,False
7894869,,,False
7894870,,,False
7894871,,,False
7894872,,,False
7894874,,,False
7894875,,,False
7894876,,,False
7894879,,,False
7894880,,,False
7894882,,,False
7894883,,,False
7894885,,,False
7894886,,,False
7894887,,,False
7894888,,,False
7894889,,,False
7894890,,,False
7894891,,,False
7894893,,,False
7894894,,,False
7894895,,,False
7894897,,,False
7894898,,,False
7894899,,,False
7894900,,,False
7894901,,,False
7894902,,,False
7894904,,,False
7894905,,,False
7894907,,,False
7894909,,,False
7894910,,,False
7894911,,,False
7894912,,,False
7894913,,,False
7894915,,,False
7894917,,,False
7894918,,,False
7894920,,,False
7894921,,,False
7894922,,,False
7894923,,,False
7894924,,,False
7894925,,,False
7894928,,,False
7894929,,,False
7894930,,,False
7894931,,,False
7894932,,,False
7894933,,,False
7894934,,,False
7894935,,,False
7894936,,,False
7894937,,,False
7894938,,,False
7894939,,,False
7894940,,,False
7894941,,,False
7894942,,,False
7894943,,,False
7894945,,,False
7894947,,,False
7894948,,,False
7894949,,,False
7894950,,,False
7894952,,,False
7894953,,,False
7894954,,,False
7894955,,,False
7894956,,,False
7894957,,,False
7894958,,,False
7894959,,,False
7894960,,,False
7894961,,,False
7894962,,,False
7894963,,,False
7894965,,,False
7894966,,,False
7894967,,,False
7894972,,,False
7894973,,,False
7894975,,,False
7894976,,,False
7894979,,,False
7894981,,,False
7894983,,,False
7894985,,,False
7894986,,,False
7894987,,,False
7894988,,,False
7894989,,,False
7894991,,,False
7894992,,,False
7894993,,,False
7894994,,,False
7894995,,,False
7894996,,,False
7894997,,,False
7895000,,,False
7895002,,,False
7895004,,,False
7895006,,,False
7895007,,,False
7895009,,,False
7895010,,,False
7895011,,,False
7895013,,,False
7895015,,,False
7895020,,,False
7895021,,,False
7895022,,,False
7895023,,,False
7895024,,,False
7895025,,,False
7895027,,,False
7895028,,,False
7895029,,,False
7895030,,,False
7895035,,,False
7895037,,,False
7895040,,,False
7895041,,,False
7895043,,,False
7895044,,,False
7895046,,,False
7895047,,,False
7895048,,,False
7895049,,,False
7895050,,,False
7895051,,,False
7895053,,,False
7895058,,,False
7895059,,,False
7895060,,,False
7895061,,,False
7895063,,,False
7895064,,,False
7895065,,,False
7895066,,,False
7895070,,,False
7895071,,,False
7895073,,,False
7895074,,,False
7895075,,,False
7895076,,,False
7895080,,,False
7895083,,,False
7895085,,,False
7895086,,,False
7895092,,,False
7895093,,,False
7895094,,,False
7895095,,,False
7895097,,,False
7895099,,,False
7895100,,,False
7895102,,,False
7895103,,,False
7895104,,,False
7895106,,,False
7895107,,,False
7895108,,,False
7895109,,,False
7895111,,,False
7895113,,,False
7895114,,,False
7895115,,,False
7895116,,,False
7895117,,,False
7895118,,,False
7895120,,,False
7895124,,,False
7895125,,,False
7895126,,,False
7895127,,,False
7895128,,,False
7895129,,,False
7895130,,,False
7895131,,,False
7895132,,,False
7895134,,,False
7895135,,,False
7895138,,,False
7895140,,,False
7895141,,,False
7895142,,,False
7895143,,,False
7895144,,,False
7895146,,,False
7895148,,,False
7895150,,,False
7895151,,,False
7895152,,,False
7895154,,,False
7895155,,,False
7895156,,,False
7895158,,,False
7895159,,,False
7895163,,,False
7895164,,,False
7895165,,,False
7895166,,,False
7895167,,,False
7895169,,,False
7895172,,,False
7895173,,,False
7895174,,,False
7895175,,,False
7895178,,,False
7895179,,,False
7895181,,,False
7895182,,,False
7895183,,,False
7895184,,,False
7895185,,,False
7895188,,,False
7895189,,,False
7895190,,,False
7895191,,,False
7895193,,,False
7895194,,,False
7895195,,,False
7895196,,,False
7895197,,,False
7895198,,,False
7895199,,,False
7895200,,,False
7895201,,,False
7895202,,,False
7895204,,,False
7895205,,,False
7895206,,,False
7895207,,,False
7895208,,,False
7895209,,,False
7895210,,,False
7895211,,,False
7895212,,,False
7895213,,,False
7895216,,,False
7895217,,,False
7895218,,,False
7895219,,,False
7895222,,,False
7895223,,,False
7895224,,,False
7895228,,,False
7895229,,,False
7895230,,,False
7895232,,,False
7895233,,,False
7895234,,,False
7895235,,,False
7895236,,,False
7895239,,,False
7895240,,,False
7895242,,,False
7895243,,,False
7895244,,,False
7895245,,,False
7895249,,,False
7895250,,,False
7895251,,,False
7895253,,,False
7895254,,,False
7895255,,,False
7895257,,,False
7895259,,,False
7895260,,,False
7895261,,,False
7895262,,,False
7895265,,,False
7895266,,,False
7895268,,,False
7895269,,,False
7895270,,,False
7895278,,,False
7895279,,,False
7895280,,,False
7895281,,,False
7895282,,,False
7895284,,,False
7895285,,,False
7895286,,,False
7895287,,,False
7895292,,,False
7895293,,,False
7895295,,,False
7895296,,,False
7895297,,,False
7895300,,,False
7895301,,,False
7895302,,,False
7895303,,,False
7895304,,,False
7895305,,,False
7895306,,,False
7895307,,,False
7895309,,,False
7895310,,,False
7895311,,,False
7895313,,,False
7895314,,,False
7895315,,,False
7895316,,,False
7895319,,,False
7895321,,,False
7895323,,,False
7895326,,,False
7895327,,,False
7895329,,,False
7895332,,,False
7895333,,,False
7895335,,,False
7895337,,,False
7895338,,,False
7895339,,,False
7895341,,,False
7895342,,,False
7895343,,,False
7895344,,,False
7895345,,,False
7895346,,,False
7895348,,,False
7895349,,,False
7895350,,,False
7895351,,,False
7895352,,,False
7895353,,,False
7895354,,,False
7895359,,,False
7895361,,,False
7895362,,,False
7895363,,,False
7895364,,,False
7895366,,,False
7895367,,,False
7895368,,,False
7895369,,,False
7895370,,,False
7895371,,,False
7895372,,,False
7895374,,,False
7895375,,,False
7895377,,,False
7895378,,,False
7895380,,,False
7895381,,,False
7895383,,,False
7895384,,,False
7895385,,,False
7895386,,,False
7895387,,,False
7895388,,,False
7895389,,,False
7895390,,,False
7895391,,,False
7895392,,,False
7895394,,,False
7895395,,,False
7895396,,,False
7895398,,,False
7895399,,,False
7895400,,,False
7895401,,,False
7895403,,,False
7895406,,,False
7895407,,,False
7895408,,,False
7895409,,,False
7895410,,,False
7895412,,,False
7895413,,,False
7895415,,,False
7895416,,,False
7895418,,,False
7895420,,,False
7895421,,,False
7895423,,,False
7895424,,,False
7895426,,,False
7895428,,,False
7895429,,,False
7895430,,,False
7895432,,,False
7895433,,,False
7895434,,,False
7895435,,,False
7895436,,,False
7895437,,,False
7895440,,,False
7895442,,,False
7895443,,,False
7895445,,,False
7895446,,,False
7895448,,,False
7895449,,,False
7895450,,,False
7895451,,,False
7895452,,,False
7895453,,,False
7895454,,,False
7895455,,,False
7895456,,,False
7895457,,,False
7895458,,,False
7895459,,,False
7895460,,,False
7895461,,,False
7895462,,,False
7895463,,,False
7895464,,,False
7895465,,,False
7895466,,,False
7895467,,,False
7895469,,,False
7895470,,,False
7895471,,,False
7895473,,,False
7895474,,,False
7895477,,,False
7895479,,,False
7895480,,,False
7895482,,,False
7895483,,,False
7895485,,,False
7895486,,,False
7895487,,,False
7895488,,,False
7895489,,,False
7895491,,,False
7895493,,,False
7895494,,,False
7895495,,,False
7895496,,,False
7895497,,,False
7895498,,,False
7895500,,,False
7895501,,,False
7895502,,,False
7895503,,,False
7895504,,,False
7895505,,,False
7895506,,,False
7895507,,,False
7895508,,,False
7895511,,,False
7895512,,,False
7895513,,,False
7895514,,,False
7895516,,,False
7895519,,,False
7895522,,,False
7895523,,,False
7895524,,,False
7895526,,,False
7895527,,,False
7895528,,,False
7895529,,,False
7895530,,,False
7895531,,,False
7895533,,,False
7895534,,,False
7895535,,,False
7895536,,,False
7895537,,,False
7895540,,,False
7895541,,,False
7895543,,,False
7895546,,,False
7895549,,,False
7895550,,,False
7895552,,,False
7895553,,,False
7895555,,,False
7895556,,,False
7895558,,,False
7895560,,,False
7895561,,,False
7895562,,,False
7895563,,,False
7895564,,,False
7895565,,,False
7895566,,,False
7895567,,,False
7895568,,,False
7895569,,,False
7895570,,,False
7895571,,,False
7895572,,,False
7895573,,,False
7895575,,,False
7895576,,,False
7895577,,,False
7895580,,,False
7895581,,,False
7895582,,,False
7895583,,,False
7895584,,,False
7895586,,,False
7895587,,,False
7895589,,,False
7895591,,,False
7895592,,,False
7895593,,,False
7895594,,,False
7895595,,,False
7895598,,,False
7895600,,,False
7895601,,,False
7895603,,,False
7895605,,,False
7895607,,,False
7895608,,,False
7895609,,,False
7895611,,,False
7895612,,,False
7895615,,,False
7895617,,,False
7895618,,,False
7895621,,,False
7895623,,,False
7895624,,,False
7895625,,,False
7895627,,,False
7895628,,,False
7895631,,,False
7895633,,,False
7895634,,,False
7895635,,,False
7895636,,,False
7895637,,,False
7895638,,,False
7895639,,,False
7895641,,,False
7895642,,,False
7895645,,,False
7895646,,,False
7895648,,,False
7895649,,,False
7895650,,,False
7895651,,,False
7895652,,,False
7895653,,,False
7895654,,,False
7895655,,,False
7895659,,,False
7895660,,,False
7895662,,,False
7895663,,,False
7895664,,,False
7895666,,,False
7895668,,,False
7895669,,,False
7895670,,,False
7895671,,,False
7895672,,,False
7895673,,,False
7895675,,,False
7895678,,,False
7895679,,,False
7895680,,,False
7895682,,,False
7895683,,,False
7895684,,,False
7895686,,,False
7895688,,,False
7895689,,,False
7895692,,,False
7895695,,,False
7895696,,,False
7895698,,,False
7895699,,,False
7895700,,,False
7895701,,,False
7895702,,,False
7895705,,,False
7895706,,,False
7895707,,,False
7895708,,,False
7895709,,,False
7895711,,,False
7895712,,,False
7895713,,,False
7895714,,,False
7895715,,,False
7895716,,,False
7895717,,,False
7895718,,,False
7895720,,,False
7895722,,,False
7895723,,,False
7895724,,,False
7895725,,,False
7895727,,,False
7895728,,,False
7895730,,,False
7895731,,,False
7895733,,,False
7895734,,,False
7895735,,,False
7895736,,,False
7895738,,,False
7895740,,,False
7895741,,,False
7895742,,,False
7895743,,,False
7895744,,,False
7895745,,,False
7895746,,,False
7895747,,,False
7895748,,,False
7895749,,,False
7895750,,,False
7895751,,,False
7895753,,,False
7895754,,,False
7895755,,,False
7895756,,,False
7895757,,,False
7895760,,,False
7895763,,,False
7895764,,,False
7895765,,,False
7895766,,,False
7895768,,,False
7895769,,,False
7895771,,,False
7895772,,,False
7895775,,,False
7895776,,,False
7895777,,,False
7895779,,,False
7895781,,,False
7895782,,,False
7895783,,,False
7895784,,,False
7895785,,,False
7895786,,,False
7895788,,,False
7895789,,,False
7895792,,,False
7895793,,,False
7895794,,,False
7895795,,,False
7895796,,,False
7895797,,,False
7895798,,,False
7895799,,,False
7895800,,,False
7895801,,,False
7895802,,,False
7895803,,,False
7895804,,,False
7895805,,,False
7895807,,,False
7895809,,,False
7895811,,,False
7895812,,,False
7895813,,,False
7895814,,,False
7895815,,,False
7895819,,,False
7895820,,,False
7895821,,,False
7895822,,,False
7895823,,,False
7895825,,,False
7895826,,,False
7895827,,,False
7895828,,,False
7895829,,,False
7895830,,,False
7895833,,,False
7895834,,,False
7895835,,,False
7895836,,,False
7895837,,,False
7895838,,,False
7895839,,,False
7895840,,,False
7895843,,,False
7895844,,,False
7895845,,,False
7895848,,,False
7895849,,,False
7895850,,,False
7895851,,,False
7895852,,,False
7895854,,,False
7895856,,,False
7895858,,,False
7895859,,,False
7895860,,,False
7895862,,,False
7895863,,,False
7895864,,,False
7895865,,,False
7895867,,,False
7895868,,,False
7895870,,,False
7895871,,,False
7895872,,,False
7895874,,,False
7895875,,,False
7895876,,,False
7895877,,,False
7895880,,,False
7895882,,,False
7895883,,,False
7895884,,,False
7895887,,,False
7895888,,,False
7895889,,,False
7895891,,,False
7895894,,,False
7895895,,,False
7895896,,,False
7895897,,,False
7895898,,,False
7895899,,,False
7895902,,,False
7895905,,,False
7895906,,,False
7895909,,,False
7895910,,,False
7895912,,,False
7895914,,,False
7895915,,,False
7895917,,,False
7895920,,,False
7895921,,,False
7895922,,,False
7895924,,,False
7895925,,,False
7895926,,,False
7895927,,,False
7895930,,,False
7895931,,,False
7895935,,,False
7895936,,,False
7895938,,,False
7895941,,,False
7895942,,,False
7895946,,,False
7895950,,,False
7895951,,,False
7895955,,,False
7895956,,,False
7895957,,,False
7895958,,,False
7895959,,,False
7895960,,,False
7895961,,,False
7895962,,,False
7895965,,,False
7895966,,,False
7895967,,,False
7895969,,,False
7895970,,,False
7895974,,,False
7895975,,,False
7895976,,,False
7895977,,,False
7895978,,,False
7895979,,,False
7895980,,,False
7895983,,,False
7895984,,,False
7895986,,,False
7895987,,,False
7895988,,,False
7895989,,,False
7895990,,,False
7895991,,,False
7895992,,,False
7895993,,,False
7895998,,,False
7896000,,,False
7896002,,,False
7896003,,,False
7896004,,,False
7896006,,,False
7896008,,,False
7896009,,,False
7896010,,,False
7896011,,,False
7896012,,,False
7896014,,,False
7896015,,,False
7896016,,,False
7896017,,,False
7896018,,,False
7896019,,,False
7896020,,,False
7896021,,,False
7896023,,,False
7896024,,,False
7896027,,,False
7896028,,,False
7896031,,,False
7896032,,,False
7896033,,,False
7896034,,,False
7896035,,,False
7896037,,,False
7896040,,,False
7896043,,,False
7896045,,,False
7896046,,,False
7896049,,,False
7896051,,,False
7896052,,,False
7896053,,,False
7896055,,,False
7896056,,,False
7896057,,,False
7896058,,,False
7896060,,,False
7896061,,,False
7896062,,,False
7896063,,,False
7896065,,,False
7896066,,,False
7896068,,,False
7896071,,,False
7896072,,,False
7896073,,,False
7896074,,,False
7896075,,,False
7896077,,,False
7896078,,,False
7896079,,,False
7896080,,,False
7896081,,,False
7896083,,,False
7896086,,,False
7896087,,,False
7896088,,,False
7896090,,,False
7896092,,,False
7896093,,,False
7896096,,,False
7896097,,,False
7896098,,,False
7896099,,,False
7896100,,,False
7896102,,,False
7896103,,,False
7896104,,,False
7896105,,,False
7896106,,,False
7896107,,,False
7896109,,,False
7896110,,,False
7896113,,,False
7896114,,,False
7896115,,,False
7896116,,,False
7896117,,,False
7896118,,,False
7896119,,,False
7896121,,,False
7896122,,,False
7896124,,,False
7896125,,,False
7896126,,,False
7896127,,,False
7896129,,,False
7896131,,,False
7896132,,,False
7896134,,,False
7896135,,,False
7896141,,,False
7896143,,,False
7896144,,,False
7896145,,,False
7896146,,,False
7896147,,,False
7896149,,,False
7896150,,,False
7896151,,,False
7896152,,,False
7896153,,,False
7896154,,,False
7896155,,,False
7896161,,,False
7896163,,,False
7896164,,,False
7896165,,,False
7896166,,,False
7896171,,,False
7896172,,,False
7896173,,,False
7896176,,,False
7896177,,,False
7896179,,,False
7896180,,,False
7896181,,,False
7896182,,,False
7896183,,,False
7896187,,,False
7896189,,,False
7896190,,,False
7896192,,,False
7896193,,,False
7896194,,,False
7896195,,,False
7896196,,,False
7896197,,,False
7896198,,,False
7896199,,,False
7896202,,,False
7896203,,,False
7896204,,,False
7896206,,,False
7896207,,,False
7896208,,,False
7896209,,,False
7896211,,,False
7896212,,,False
7896213,,,False
7896214,,,False
7896215,,,False
7896217,,,False
7896218,,,False
7896219,,,False
7896220,,,False
7896223,,,False
7896224,,,False
7896225,,,False
7896226,,,False
7896229,,,False
7896233,,,False
7896234,,,False
7896235,,,False
7896236,,,False
7896238,,,False
7896239,,,False
7896242,,,False
7896243,,,False
7896244,,,False
7896245,,,False
7896246,,,False
7896248,,,False
7896251,,,False
7896252,,,False
7896254,,,False
7896255,,,False
7896256,,,False
7896257,,,False
7896259,,,False
7896260,,,False
7896261,,,False
7896262,,,False
7896263,,,False
7896264,,,False
7896265,,,False
7896266,,,False
7896267,,,False
7896268,,,False
7896270,,,False
7896271,,,False
7896272,,,False
7896273,,,False
7896274,,,False
7896275,,,False
7896276,,,False
7896279,,,False
7896280,,,False
7896281,,,False
7896282,,,False
7896284,,,False
7896285,,,False
7896286,,,False
7896288,,,False
7896289,,,False
7896290,,,False
7896291,,,False
7896293,,,False
7896294,,,False
7896295,,,False
7896296,,,False
7896297,,,False
7896298,,,False
7896299,,,False
7896300,,,False
7896301,,,False
7896303,,,False
7896304,,,False
7896305,,,False
7896306,,,False
7896307,,,False
7896309,,,False
7896311,,,False
7896312,,,False
7896313,,,False
7896314,,,False
7896315,,,False
7896316,,,False
7896317,,,False
7896318,,,False
7896320,,,False
7896322,,,False
7896323,,,False
7896326,,,False
7896327,,,False
7896328,,,False
7896330,,,False
7896332,,,False
7896333,,,False
7896334,,,False
7896335,,,False
7896336,,,False
7896338,,,False
7896340,,,False
7896341,,,False
7896342,,,False
7896344,,,False
7896346,,,False
7896347,,,False
7896348,,,False
7896350,,,False
7896351,,,False
7896353,,,False
7896354,,,False
7896355,,,False
7896357,,,False
7896359,,,False
7896361,,,False
7896363,,,False
7896364,,,False
7896368,,,False
7896373,,,False
7896376,,,False
7896377,,,False
7896379,,,False
7896380,,,False
7896381,,,False
7896382,,,False
7896386,,,False
7896389,,,False
7896390,,,False
7896392,,,False
7896393,,,False
7896396,,,False
7896399,,,False
7896400,,,False
7896401,,,False
7896402,,,False
7896403,,,False
7896404,,,False
7896405,,,False
7896406,,,False
7896407,,,False
7896408,,,False
7896409,,,False
7896410,,,False
7896411,,,False
7896412,,,False
7896413,,,False
7896414,,,False
7896415,,,False
7896416,,,False
7896417,,,False
7896418,,,False
7896420,,,False
7896423,,,False
7896424,,,False
7896429,,,False
7896433,,,False
7896435,,,False
7896436,,,False
7896437,,,False
7896440,,,False
7896441,,,False
7896442,,,False
7896444,,,False
7896445,,,False
7896447,,,False
7896448,,,False
7896449,,,False
7896450,,,False
7896451,,,False
7896452,,,False
7896453,,,False
7896454,,,False
7896455,,,False
7896457,,,False
7896459,,,False
7896461,,,False
7896462,,,False
7896463,,,False
7896465,,,False
7896467,,,False
7896469,,,False
7896470,,,False
7896471,,,False
7896473,,,False
7896475,,,False
7896477,,,False
7896478,,,False
7896479,,,False
7896480,,,False
7896481,,,False
7896486,,,False
7896487,,,False
7896488,,,False
7896489,,,False
7896492,,,False
7896494,,,False
7896495,,,False
7896496,,,False
7896497,,,False
7896500,,,False
7896501,,,False
7896502,,,False
7896503,,,False
7896504,,,False
7896505,,,False
7896506,,,False
7896507,,,False
7896509,,,False
7896510,,,False
7896513,,,False
7896514,,,False
7896515,,,False
7896516,,,False
7896517,,,False
7896518,,,False
7896519,,,False
7896523,,,False
7896524,,,False
7896526,,,False
7896527,,,False
7896532,,,False
7896535,,,False
7896536,,,False
7896537,,,False
7896538,,,False
7896540,,,False
7896541,,,False
7896545,,,False
7896548,,,False
7896549,,,False
7896550,,,False
7896551,,,False
7896552,,,False
7896555,,,False
7896556,,,False
7896557,,,False
7896559,,,False
7896562,,,False
7896563,,,False
7896564,,,False
7896565,,,False
7896566,,,False
7896567,,,False
7896568,,,False
7896569,,,False
7896570,,,False
7896571,,,False
7896572,,,False
7896574,,,False
7896575,,,False
7896576,,,False
7896577,,,False
7896578,,,False
7896579,,,False
7896580,,,False
7896581,,,False
7896583,,,False
7896584,,,False
7896585,,,False
7896587,,,False
7896588,,,False
7896589,,,False
7896590,,,False
7896591,,,False
7896592,,,False
7896593,,,False
7896595,,,False
7896597,,,False
7896598,,,False
7896601,,,False
7896603,,,False
7896604,,,False
7896606,,,False
7896607,,,False
7896609,,,False
7896610,,,False
7896611,,,False
7896612,,,False
7896613,,,False
7896614,,,False
7896615,,,False
7896617,,,False
7896618,,,False
7896619,,,False
7896620,,,False
7896624,,,False
7896625,,,False
7896626,,,False
7896628,,,False
7896629,,,False
7896630,,,False
7896631,,,False
7896632,,,False
7896633,,,False
7896634,,,False
7896635,,,False
7896636,,,False
7896638,,,False
7896639,,,False
7896640,,,False
7896641,,,False
7896642,,,False
7896643,,,False
7896644,,,False
7896645,,,False
7896648,,,False
7896649,,,False
7896650,,,False
7896654,,,False
7896655,,,False
7896656,,,False
7896660,,,False
7896661,,,False
7896662,,,False
7896663,,,False
7896665,,,False
7896666,,,False
7896668,,,False
7896669,,,False
7896670,,,False
7896671,,,False
7896672,,,False
7896674,,,False
7896675,,,False
7896676,,,False
7896678,,,False
7896679,,,False
7896680,,,False
7896681,,,False
7896682,,,False
7896686,,,False
8180192,,,False
8180193,,,False
8180194,,,False
8180195,,,False
8180196,,,False
8180197,,,False
8180198,,,False
8180199,,,False
8180200,,,False
8180201,,,False
8180202,,,False
8180203,,,False
8180204,,,False
8180205,,,False
8180206,,,False
8180207,,,False
8180208,,,False
8180209,,,False
8180210,,,False
8180211,,,False
8180212,,,False
8180213,,,False
8180214,,,False
8180215,,,False
8180216,,,False
8180217,,,False
8180218,,,False
8180219,,,False
8180220,,,False
8180221,,,False
8180222,,,False
8180223,,,False
8180224,,,False
8180225,,,False
8180226,,,False
8180227,,,False
8180228,,,False
8180229,,,False
8180230,,,False
8180231,,,False
8180232,,,False
8180233,,,False
8180234,,,False
8180235,,,False
8180236,,,False
8180237,,,False
8180238,,,False
8180239,,,False
8180240,,,False
8180241,,,False
8180242,,,False
8180243,,,False
8180244,,,False
8180245,,,False
8180246,,,False
8180247,,,False
8180248,,,False
8180249,,,False
8180250,,,False
8180251,,,False
8180252,,,False
8180253,,,False
8180254,,,False
8180255,,,False
8180256,,,False
8180257,,,False
8180258,,,False
8180259,,,False
8180260,,,False
8180261,,,False
8180262,,,False
8180263,,,False
8180264,,,False
8180265,,,False
8180266,,,False
8180267,,,False
8180268,,,False
8180269,,,False
8180270,,,False
8180271,,,False
8180272,,,False
8180273,,,False
8180274,,,False
8180275,,,False
8180276,,,False
8180277,,,False
8180278,,,False
8180279,,,False
8180280,,,False
8180281,,,False
8180282,,,False
8180283,,,False
8180284,,,False
8180285,,,False
8180286,,,False
8180287,,,False
8180288,,,False
8180289,,,False
8180290,,,False
8180291,,,False
8180292,,,False
8180293,,,False
8180294,,,False
8180295,,,False
8180296,,,False
8180297,,,False
8180298,,,False
8180299,,,False
8180300,,,False
8180301,,,False
8180302,,,False
8180303,,,False
8180304,,,False
8180305,,,False
8180306,,,False
8180307,,,False
8180308,,,False
8180309,,,False
8180310,,,False
8180311,,,False
8180312,,,False
8180313,,,False
8180314,,,False
8180315,,,False
8180316,,,False
8180317,,,False
8180318,,,False
8180319,,,False
8180320,,,False
8180321,,,False
8180322,,,False
8180323,,,False
8180324,,,False
8180325,,,False
8180326,,,False
8180327,,,False
8180328,,,False
8180329,,,False
8180330,,,False
8180331,,,False
8180332,,,False
8180333,,,False
8180334,,,False
8180335,,,False
8180336,,,False
8180337,,,False
8180338,,,False
8180339,,,False
8180340,,,False
8180341,,,False
8180342,,,False
8180343,,,False
8180344,,,False
8180345,,,False
8180346,,,False
8180347,,,False
8180348,,,False
8180349,,,False
8180350,,,False
8180351,,,False
8180352,,,False
8180353,,,False
8180354,,,False
8180355,,,False
8180356,,,False
8180357,,,False
8180358,,,False
8180359,,,False
8180360,,,False
8180361,,,False
8180362,,,False
8180363,,,False
8180364,,,False
8180365,,,False
8180366,,,False
8180367,,,False
8180368,,,False
8180369,,,False
8180370,,,False
8180371,,,False
8180372,,,False
8180373,,,False
8180374,,,False
8180375,,,False
8180376,,,False
8180377,,,False
8180378,,,False
8180379,,,False
8180380,,,False
8180381,,,False
8180382,,,False
8180383,,,False
8180384,,,False
8180385,,,False
8180386,,,False
8180387,,,False
8180388,,,False
8180389,,,False
8180390,,,False
8180391,,,False
8180392,,,False
8180393,,,False
8180394,,,False
8180395,,,False
8180396,,,False
8180397,,,False
8180398,,,False
8180399,,,False
8180400,,,False
8180401,,,False
8180402,,,False
8180403,,,False
8180404,,,False
8180405,,,False
8180406,,,False
8180407,,,False
8180408,,,False
8180409,,,False
8180410,,,False
8180411,,,False
8180412,,,False
8180413,,,False
8180414,,,False
8180415,,,False
8180416,,,False
8180417,,,False
8180418,,,False
7976552,,,False
8020352,,,False
